Employee_ID,Employee_Name,Department,Job_Role,Skill,Skill_Level,Years_Experience,Synthetic
EMP-1,Demo EMP-1,Sales,Sales Executive,Excel,Beginner,4,True
EMP-1,Demo EMP-1,Sales,Sales Executive,Sales,Advanced,4,True
EMP-1,Demo EMP-1,Sales,Sales Executive,Data Analysis,Intermediate,4,True
EMP-1,Demo EMP-1,Sales,Sales Executive,SQL,Beginner,5,True
EMP-2,Demo EMP-2,Research & Development,Research Scientist,PyTorch,Advanced,3,True
EMP-2,Demo EMP-2,Research & Development,Research Scientist,RAG,Beginner,2,True
EMP-2,Demo EMP-2,Research & Development,Research Scientist,Laboratory Methods,Intermediate,5,True
EMP-2,Demo EMP-2,Research & Development,Research Scientist,Machine Learning,Advanced,0,True
EMP-4,Demo EMP-4,Research & Development,Laboratory Technician,AWS,Advanced,5,True
EMP-4,Demo EMP-4,Research & Development,Laboratory Technician,Machine Learning,Intermediate,4,True
EMP-4,Demo EMP-4,Research & Development,Laboratory Technician,LLMs,Intermediate,1,True
EMP-4,Demo EMP-4,Research & Development,Laboratory Technician,SQL,Beginner,3,True
EMP-5,Demo EMP-5,Research & Development,Research Scientist,SQL,Intermediate,5,True
EMP-5,Demo EMP-5,Research & Development,Research Scientist,Research,Intermediate,2,True
EMP-5,Demo EMP-5,Research & Development,Research Scientist,Docker,Beginner,2,True
EMP-5,Demo EMP-5,Research & Development,Research Scientist,Laboratory Methods,Intermediate,0,True
EMP-7,Demo EMP-7,Research & Development,Laboratory Technician,LLMs,Intermediate,4,True
EMP-7,Demo EMP-7,Research & Development,Laboratory Technician,Machine Learning,Intermediate,4,True
EMP-7,Demo EMP-7,Research & Development,Laboratory Technician,AWS,Advanced,4,True
EMP-7,Demo EMP-7,Research & Development,Laboratory Technician,MLOps,Intermediate,5,True
EMP-8,Demo EMP-8,Research & Development,Laboratory Technician,AWS,Beginner,4,True
EMP-8,Demo EMP-8,Research & Development,Laboratory Technician,MLOps,Intermediate,4,True
EMP-8,Demo EMP-8,Research & Development,Laboratory Technician,Docker,Intermediate,1,True
EMP-8,Demo EMP-8,Research & Development,Laboratory Technician,Machine Learning,Intermediate,4,True
EMP-10,Demo EMP-10,Research & Development,Laboratory Technician,LLMs,Intermediate,4,True
EMP-10,Demo EMP-10,Research & Development,Laboratory Technician,Python,Intermediate,0,True
EMP-10,Demo EMP-10,Research & Development,Laboratory Technician,SQL,Intermediate,4,True
EMP-10,Demo EMP-10,Research & Development,Laboratory Technician,RAG,Intermediate,0,True
EMP-11,Demo EMP-11,Research & Development,Laboratory Technician,PyTorch,Beginner,1,True
EMP-11,Demo EMP-11,Research & Development,Laboratory Technician,Docker,Advanced,2,True
EMP-11,Demo EMP-11,Research & Development,Laboratory Technician,MLOps,Beginner,4,True
EMP-11,Demo EMP-11,Research & Development,Laboratory Technician,RAG,Beginner,0,True
EMP-12,Demo EMP-12,Research & Development,Manufacturing Director,Research,Intermediate,4,True
EMP-12,Demo EMP-12,Research & Development,Manufacturing Director,RAG,Intermediate,2,True
EMP-12,Demo EMP-12,Research & Development,Manufacturing Director,Machine Learning,Beginner,4,True
EMP-12,Demo EMP-12,Research & Development,Manufacturing Director,MLOps,Beginner,0,True
EMP-13,Demo EMP-13,Research & Development,Healthcare Representative,Research,Intermediate,5,True
EMP-13,Demo EMP-13,Research & Development,Healthcare Representative,Python,Intermediate,0,True
EMP-13,Demo EMP-13,Research & Development,Healthcare Representative,MLOps,Intermediate,0,True
EMP-13,Demo EMP-13,Research & Development,Healthcare Representative,Docker,Intermediate,2,True
EMP-14,Demo EMP-14,Research & Development,Laboratory Technician,AWS,Advanced,0,True
EMP-14,Demo EMP-14,Research & Development,Laboratory Technician,Docker,Advanced,2,True
EMP-14,Demo EMP-14,Research & Development,Laboratory Technician,LLMs,Beginner,4,True
EMP-14,Demo EMP-14,Research & Development,Laboratory Technician,PyTorch,Advanced,1,True
EMP-15,Demo EMP-15,Research & Development,Laboratory Technician,AWS,Beginner,2,True
EMP-15,Demo EMP-15,Research & Development,Laboratory Technician,Docker,Intermediate,5,True
EMP-15,Demo EMP-15,Research & Development,Laboratory Technician,MLOps,Beginner,4,True
EMP-15,Demo EMP-15,Research & Development,Laboratory Technician,Machine Learning,Intermediate,1,True
EMP-16,Demo EMP-16,Research & Development,Research Scientist,SQL,Intermediate,4,True
EMP-16,Demo EMP-16,Research & Development,Research Scientist,Research,Intermediate,0,True
EMP-16,Demo EMP-16,Research & Development,Research Scientist,Laboratory Methods,Intermediate,3,True
EMP-16,Demo EMP-16,Research & Development,Research Scientist,RAG,Beginner,4,True
EMP-18,Demo EMP-18,Research & Development,Laboratory Technician,SQL,Beginner,4,True
EMP-18,Demo EMP-18,Research & Development,Laboratory Technician,Python,Intermediate,0,True
EMP-18,Demo EMP-18,Research & Development,Laboratory Technician,PyTorch,Beginner,1,True
EMP-18,Demo EMP-18,Research & Development,Laboratory Technician,MLOps,Intermediate,5,True
EMP-19,Demo EMP-19,Research & Development,Laboratory Technician,Research,Intermediate,5,True
EMP-19,Demo EMP-19,Research & Development,Laboratory Technician,Docker,Intermediate,0,True
EMP-19,Demo EMP-19,Research & Development,Laboratory Technician,PyTorch,Intermediate,0,True
EMP-19,Demo EMP-19,Research & Development,Laboratory Technician,AWS,Intermediate,2,True
EMP-20,Demo EMP-20,Research & Development,Manufacturing Director,Research,Intermediate,3,True
EMP-20,Demo EMP-20,Research & Development,Manufacturing Director,MLOps,Intermediate,3,True
EMP-20,Demo EMP-20,Research & Development,Manufacturing Director,LLMs,Beginner,2,True
EMP-20,Demo EMP-20,Research & Development,Manufacturing Director,SQL,Advanced,4,True
EMP-21,Demo EMP-21,Research & Development,Research Scientist,PyTorch,Beginner,4,True
EMP-21,Demo EMP-21,Research & Development,Research Scientist,Docker,Intermediate,4,True
EMP-21,Demo EMP-21,Research & Development,Research Scientist,RAG,Intermediate,4,True
EMP-21,Demo EMP-21,Research & Development,Research Scientist,SQL,Beginner,3,True
EMP-22,Demo EMP-22,Research & Development,Laboratory Technician,Machine Learning,Intermediate,1,True
EMP-22,Demo EMP-22,Research & Development,Laboratory Technician,AWS,Advanced,4,True
EMP-22,Demo EMP-22,Research & Development,Laboratory Technician,Research,Intermediate,1,True
EMP-22,Demo EMP-22,Research & Development,Laboratory Technician,MLOps,Beginner,5,True
EMP-23,Demo EMP-23,Sales,Manager,Excel,Beginner,0,True
EMP-23,Demo EMP-23,Sales,Manager,CRM,Intermediate,5,True
EMP-23,Demo EMP-23,Sales,Manager,Data Analysis,Advanced,5,True
EMP-23,Demo EMP-23,Sales,Manager,Communication,Intermediate,5,True
EMP-24,Demo EMP-24,Research & Development,Research Scientist,SQL,Intermediate,2,True
EMP-24,Demo EMP-24,Research & Development,Research Scientist,MLOps,Intermediate,3,True
EMP-24,Demo EMP-24,Research & Development,Research Scientist,Machine Learning,Beginner,4,True
EMP-24,Demo EMP-24,Research & Development,Research Scientist,AWS,Beginner,4,True
EMP-26,Demo EMP-26,Research & Development,Manufacturing Director,AWS,Beginner,4,True
EMP-26,Demo EMP-26,Research & Development,Manufacturing Director,Laboratory Methods,Beginner,2,True
EMP-26,Demo EMP-26,Research & Development,Manufacturing Director,Machine Learning,Advanced,3,True
EMP-26,Demo EMP-26,Research & Development,Manufacturing Director,Python,Beginner,1,True
EMP-27,Demo EMP-27,Sales,Sales Representative,Sales,Beginner,5,True
EMP-27,Demo EMP-27,Sales,Sales Representative,Data Analysis,Beginner,0,True
EMP-27,Demo EMP-27,Sales,Sales Representative,SQL,Beginner,0,True
EMP-27,Demo EMP-27,Sales,Sales Representative,CRM,Beginner,4,True
EMP-28,Demo EMP-28,Research & Development,Research Director,Laboratory Methods,Advanced,1,True
EMP-28,Demo EMP-28,Research & Development,Research Director,Machine Learning,Intermediate,0,True
EMP-28,Demo EMP-28,Research & Development,Research Director,RAG,Beginner,4,True
EMP-28,Demo EMP-28,Research & Development,Research Director,MLOps,Beginner,3,True
EMP-30,Demo EMP-30,Research & Development,Research Scientist,Research,Intermediate,1,True
EMP-30,Demo EMP-30,Research & Development,Research Scientist,PyTorch,Beginner,5,True
EMP-30,Demo EMP-30,Research & Development,Research Scientist,MLOps,Advanced,2,True
EMP-30,Demo EMP-30,Research & Development,Research Scientist,Python,Intermediate,0,True
EMP-31,Demo EMP-31,Research & Development,Research Scientist,Research,Advanced,2,True
EMP-31,Demo EMP-31,Research & Development,Research Scientist,LLMs,Intermediate,1,True
EMP-31,Demo EMP-31,Research & Development,Research Scientist,SQL,Advanced,5,True
EMP-31,Demo EMP-31,Research & Development,Research Scientist,AWS,Intermediate,3,True
EMP-32,Demo EMP-32,Research & Development,Manager,Python,Intermediate,2,True
EMP-32,Demo EMP-32,Research & Development,Manager,MLOps,Intermediate,1,True
EMP-32,Demo EMP-32,Research & Development,Manager,Research,Intermediate,5,True
EMP-32,Demo EMP-32,Research & Development,Manager,Docker,Intermediate,5,True
EMP-33,Demo EMP-33,Research & Development,Research Scientist,SQL,Advanced,3,True
EMP-33,Demo EMP-33,Research & Development,Research Scientist,Machine Learning,Intermediate,3,True
EMP-33,Demo EMP-33,Research & Development,Research Scientist,PyTorch,Beginner,1,True
EMP-33,Demo EMP-33,Research & Development,Research Scientist,RAG,Intermediate,5,True
EMP-35,Demo EMP-35,Sales,Sales Executive,Communication,Beginner,1,True
EMP-35,Demo EMP-35,Sales,Sales Executive,Sales,Intermediate,4,True
EMP-35,Demo EMP-35,Sales,Sales Executive,SQL,Beginner,5,True
EMP-35,Demo EMP-35,Sales,Sales Executive,Excel,Beginner,5,True
EMP-36,Demo EMP-36,Research & Development,Healthcare Representative,LLMs,Beginner,0,True
EMP-36,Demo EMP-36,Research & Development,Healthcare Representative,Research,Beginner,4,True
EMP-36,Demo EMP-36,Research & Development,Healthcare Representative,SQL,Intermediate,0,True
EMP-36,Demo EMP-36,Research & Development,Healthcare Representative,Machine Learning,Intermediate,4,True
EMP-38,Demo EMP-38,Sales,Manager,CRM,Advanced,3,True
EMP-38,Demo EMP-38,Sales,Manager,SQL,Beginner,0,True
EMP-38,Demo EMP-38,Sales,Manager,Communication,Beginner,1,True
EMP-38,Demo EMP-38,Sales,Manager,Data Analysis,Intermediate,1,True
EMP-39,Demo EMP-39,Research & Development,Laboratory Technician,Python,Beginner,3,True
EMP-39,Demo EMP-39,Research & Development,Laboratory Technician,Machine Learning,Advanced,0,True
EMP-39,Demo EMP-39,Research & Development,Laboratory Technician,PyTorch,Advanced,0,True
EMP-39,Demo EMP-39,Research & Development,Laboratory Technician,MLOps,Beginner,5,True
EMP-40,Demo EMP-40,Research & Development,Healthcare Representative,Laboratory Methods,Intermediate,3,True
EMP-40,Demo EMP-40,Research & Development,Healthcare Representative,MLOps,Intermediate,3,True
EMP-40,Demo EMP-40,Research & Development,Healthcare Representative,Docker,Beginner,4,True
EMP-40,Demo EMP-40,Research & Development,Healthcare Representative,Machine Learning,Intermediate,3,True
EMP-41,Demo EMP-41,Research & Development,Laboratory Technician,MLOps,Beginner,3,True
EMP-41,Demo EMP-41,Research & Development,Laboratory Technician,Laboratory Methods,Beginner,2,True
EMP-41,Demo EMP-41,Research & Development,Laboratory Technician,AWS,Intermediate,2,True
EMP-41,Demo EMP-41,Research & Development,Laboratory Technician,LLMs,Beginner,2,True
EMP-42,Demo EMP-42,Sales,Sales Representative,Data Analysis,Intermediate,1,True
EMP-42,Demo EMP-42,Sales,Sales Representative,CRM,Advanced,1,True
EMP-42,Demo EMP-42,Sales,Sales Representative,Communication,Advanced,5,True
EMP-42,Demo EMP-42,Sales,Sales Representative,Excel,Intermediate,2,True
EMP-45,Demo EMP-45,Research & Development,Research Scientist,Laboratory Methods,Intermediate,4,True
EMP-45,Demo EMP-45,Research & Development,Research Scientist,PyTorch,Intermediate,0,True
EMP-45,Demo EMP-45,Research & Development,Research Scientist,Research,Intermediate,1,True
EMP-45,Demo EMP-45,Research & Development,Research Scientist,RAG,Beginner,3,True
EMP-46,Demo EMP-46,Research & Development,Research Scientist,Research,Beginner,3,True
EMP-46,Demo EMP-46,Research & Development,Research Scientist,RAG,Beginner,4,True
EMP-46,Demo EMP-46,Research & Development,Research Scientist,AWS,Advanced,4,True
EMP-46,Demo EMP-46,Research & Development,Research Scientist,LLMs,Advanced,0,True
EMP-47,Demo EMP-47,Sales,Sales Representative,Sales,Advanced,4,True
EMP-47,Demo EMP-47,Sales,Sales Representative,Communication,Beginner,4,True
EMP-47,Demo EMP-47,Sales,Sales Representative,Excel,Beginner,3,True
EMP-47,Demo EMP-47,Sales,Sales Representative,SQL,Intermediate,1,True
EMP-49,Demo EMP-49,Sales,Sales Representative,Communication,Intermediate,4,True
EMP-49,Demo EMP-49,Sales,Sales Representative,Sales,Intermediate,4,True
EMP-49,Demo EMP-49,Sales,Sales Representative,SQL,Intermediate,1,True
EMP-49,Demo EMP-49,Sales,Sales Representative,Excel,Advanced,3,True
EMP-51,Demo EMP-51,Research & Development,Research Scientist,SQL,Intermediate,3,True
EMP-51,Demo EMP-51,Research & Development,Research Scientist,Research,Intermediate,1,True
EMP-51,Demo EMP-51,Research & Development,Research Scientist,Docker,Intermediate,4,True
EMP-51,Demo EMP-51,Research & Development,Research Scientist,MLOps,Advanced,4,True
EMP-52,Demo EMP-52,Sales,Sales Executive,CRM,Beginner,5,True
EMP-52,Demo EMP-52,Sales,Sales Executive,Excel,Advanced,0,True
EMP-52,Demo EMP-52,Sales,Sales Executive,Data Analysis,Intermediate,4,True
EMP-52,Demo EMP-52,Sales,Sales Executive,SQL,Intermediate,2,True
EMP-53,Demo EMP-53,Research & Development,Laboratory Technician,SQL,Intermediate,2,True
EMP-53,Demo EMP-53,Research & Development,Laboratory Technician,Research,Advanced,0,True
EMP-53,Demo EMP-53,Research & Development,Laboratory Technician,Laboratory Methods,Advanced,4,True
EMP-53,Demo EMP-53,Research & Development,Laboratory Technician,RAG,Beginner,1,True
EMP-54,Demo EMP-54,Research & Development,Laboratory Technician,SQL,Intermediate,3,True
EMP-54,Demo EMP-54,Research & Development,Laboratory Technician,Laboratory Methods,Intermediate,0,True
EMP-54,Demo EMP-54,Research & Development,Laboratory Technician,MLOps,Advanced,2,True
EMP-54,Demo EMP-54,Research & Development,Laboratory Technician,Docker,Intermediate,1,True
EMP-55,Demo EMP-55,Research & Development,Laboratory Technician,Machine Learning,Beginner,4,True
EMP-55,Demo EMP-55,Research & Development,Laboratory Technician,PyTorch,Advanced,0,True
EMP-55,Demo EMP-55,Research & Development,Laboratory Technician,Research,Beginner,5,True
EMP-55,Demo EMP-55,Research & Development,Laboratory Technician,Python,Advanced,0,True
EMP-56,Demo EMP-56,Sales,Sales Executive,Communication,Beginner,4,True
EMP-56,Demo EMP-56,Sales,Sales Executive,Excel,Beginner,5,True
EMP-56,Demo EMP-56,Sales,Sales Executive,Sales,Beginner,2,True
EMP-56,Demo EMP-56,Sales,Sales Executive,Data Analysis,Intermediate,0,True
EMP-57,Demo EMP-57,Research & Development,Laboratory Technician,Docker,Beginner,0,True
EMP-57,Demo EMP-57,Research & Development,Laboratory Technician,Python,Beginner,4,True
EMP-57,Demo EMP-57,Research & Development,Laboratory Technician,Research,Advanced,3,True
EMP-57,Demo EMP-57,Research & Development,Laboratory Technician,SQL,Beginner,1,True
EMP-58,Demo EMP-58,Research & Development,Research Director,Docker,Intermediate,5,True
EMP-58,Demo EMP-58,Research & Development,Research Director,Machine Learning,Advanced,4,True
EMP-58,Demo EMP-58,Research & Development,Research Director,Python,Beginner,2,True
EMP-58,Demo EMP-58,Research & Development,Research Director,MLOps,Beginner,1,True
EMP-60,Demo EMP-60,Sales,Sales Executive,Communication,Beginner,5,True
EMP-60,Demo EMP-60,Sales,Sales Executive,Excel,Intermediate,0,True
EMP-60,Demo EMP-60,Sales,Sales Executive,SQL,Beginner,1,True
EMP-60,Demo EMP-60,Sales,Sales Executive,Data Analysis,Intermediate,3,True
EMP-61,Demo EMP-61,Research & Development,Research Scientist,Laboratory Methods,Beginner,1,True
EMP-61,Demo EMP-61,Research & Development,Research Scientist,Docker,Intermediate,5,True
EMP-61,Demo EMP-61,Research & Development,Research Scientist,LLMs,Beginner,2,True
EMP-61,Demo EMP-61,Research & Development,Research Scientist,MLOps,Beginner,0,True
EMP-62,Demo EMP-62,Sales,Sales Executive,SQL,Intermediate,3,True
EMP-62,Demo EMP-62,Sales,Sales Executive,CRM,Beginner,1,True
EMP-62,Demo EMP-62,Sales,Sales Executive,Communication,Intermediate,5,True
EMP-62,Demo EMP-62,Sales,Sales Executive,Excel,Intermediate,3,True
EMP-63,Demo EMP-63,Research & Development,Laboratory Technician,Machine Learning,Intermediate,4,True
EMP-63,Demo EMP-63,Research & Development,Laboratory Technician,Docker,Intermediate,2,True
EMP-63,Demo EMP-63,Research & Development,Laboratory Technician,LLMs,Beginner,5,True
EMP-63,Demo EMP-63,Research & Development,Laboratory Technician,RAG,Beginner,0,True
EMP-64,Demo EMP-64,Research & Development,Laboratory Technician,Docker,Intermediate,3,True
EMP-64,Demo EMP-64,Research & Development,Laboratory Technician,Python,Intermediate,5,True
EMP-64,Demo EMP-64,Research & Development,Laboratory Technician,Machine Learning,Intermediate,1,True
EMP-64,Demo EMP-64,Research & Development,Laboratory Technician,RAG,Intermediate,5,True
EMP-65,Demo EMP-65,Research & Development,Laboratory Technician,LLMs,Intermediate,2,True
EMP-65,Demo EMP-65,Research & Development,Laboratory Technician,RAG,Intermediate,3,True
EMP-65,Demo EMP-65,Research & Development,Laboratory Technician,Python,Intermediate,3,True
EMP-65,Demo EMP-65,Research & Development,Laboratory Technician,Machine Learning,Intermediate,3,True
EMP-68,Demo EMP-68,Sales,Sales Executive,Communication,Intermediate,3,True
EMP-68,Demo EMP-68,Sales,Sales Executive,CRM,Intermediate,4,True
EMP-68,Demo EMP-68,Sales,Sales Executive,SQL,Advanced,4,True
EMP-68,Demo EMP-68,Sales,Sales Executive,Sales,Advanced,5,True
EMP-70,Demo EMP-70,Research & Development,Healthcare Representative,Docker,Advanced,2,True
EMP-70,Demo EMP-70,Research & Development,Healthcare Representative,LLMs,Beginner,2,True
EMP-70,Demo EMP-70,Research & Development,Healthcare Representative,RAG,Beginner,5,True
EMP-70,Demo EMP-70,Research & Development,Healthcare Representative,Machine Learning,Beginner,5,True
EMP-72,Demo EMP-72,Sales,Sales Executive,Excel,Intermediate,1,True
EMP-72,Demo EMP-72,Sales,Sales Executive,Communication,Beginner,2,True
EMP-72,Demo EMP-72,Sales,Sales Executive,Sales,Advanced,4,True
EMP-72,Demo EMP-72,Sales,Sales Executive,CRM,Intermediate,4,True
EMP-73,Demo EMP-73,Research & Development,Research Director,Docker,Advanced,0,True
EMP-73,Demo EMP-73,Research & Development,Research Director,MLOps,Intermediate,5,True
EMP-73,Demo EMP-73,Research & Development,Research Director,Machine Learning,Intermediate,4,True
EMP-73,Demo EMP-73,Research & Development,Research Director,SQL,Intermediate,4,True
EMP-74,Demo EMP-74,Sales,Sales Executive,Data Analysis,Intermediate,1,True
EMP-74,Demo EMP-74,Sales,Sales Executive,SQL,Beginner,4,True
EMP-74,Demo EMP-74,Sales,Sales Executive,Excel,Advanced,0,True
EMP-74,Demo EMP-74,Sales,Sales Executive,CRM,Advanced,5,True
EMP-75,Demo EMP-75,Research & Development,Laboratory Technician,AWS,Intermediate,5,True
EMP-75,Demo EMP-75,Research & Development,Laboratory Technician,RAG,Beginner,2,True
EMP-75,Demo EMP-75,Research & Development,Laboratory Technician,SQL,Intermediate,0,True
EMP-75,Demo EMP-75,Research & Development,Laboratory Technician,Research,Intermediate,2,True
EMP-76,Demo EMP-76,Research & Development,Laboratory Technician,Research,Beginner,0,True
EMP-76,Demo EMP-76,Research & Development,Laboratory Technician,SQL,Beginner,1,True
EMP-76,Demo EMP-76,Research & Development,Laboratory Technician,PyTorch,Intermediate,2,True
EMP-76,Demo EMP-76,Research & Development,Laboratory Technician,MLOps,Intermediate,0,True
EMP-77,Demo EMP-77,Research & Development,Manufacturing Director,Python,Intermediate,2,True
EMP-77,Demo EMP-77,Research & Development,Manufacturing Director,Machine Learning,Intermediate,4,True
EMP-77,Demo EMP-77,Research & Development,Manufacturing Director,Laboratory Methods,Beginner,4,True
EMP-77,Demo EMP-77,Research & Development,Manufacturing Director,Research,Intermediate,2,True
EMP-78,Demo EMP-78,Research & Development,Manufacturing Director,MLOps,Advanced,4,True
EMP-78,Demo EMP-78,Research & Development,Manufacturing Director,Laboratory Methods,Intermediate,2,True
EMP-78,Demo EMP-78,Research & Development,Manufacturing Director,Research,Intermediate,5,True
EMP-78,Demo EMP-78,Research & Development,Manufacturing Director,PyTorch,Advanced,2,True
EMP-79,Demo EMP-79,Research & Development,Laboratory Technician,Laboratory Methods,Intermediate,5,True
EMP-79,Demo EMP-79,Research & Development,Laboratory Technician,Machine Learning,Intermediate,5,True
EMP-79,Demo EMP-79,Research & Development,Laboratory Technician,LLMs,Beginner,0,True
EMP-79,Demo EMP-79,Research & Development,Laboratory Technician,RAG,Beginner,2,True
EMP-80,Demo EMP-80,Research & Development,Research Director,Research,Intermediate,1,True
EMP-80,Demo EMP-80,Research & Development,Research Director,Machine Learning,Beginner,2,True
EMP-80,Demo EMP-80,Research & Development,Research Director,Python,Intermediate,1,True
EMP-80,Demo EMP-80,Research & Development,Research Director,Docker,Intermediate,4,True
EMP-81,Demo EMP-81,Sales,Sales Executive,Excel,Advanced,3,True
EMP-81,Demo EMP-81,Sales,Sales Executive,Communication,Advanced,4,True
EMP-81,Demo EMP-81,Sales,Sales Executive,Data Analysis,Intermediate,2,True
EMP-81,Demo EMP-81,Sales,Sales Executive,SQL,Beginner,5,True
EMP-83,Demo EMP-83,Research & Development,Healthcare Representative,RAG,Advanced,3,True
EMP-83,Demo EMP-83,Research & Development,Healthcare Representative,Research,Advanced,0,True
EMP-83,Demo EMP-83,Research & Development,Healthcare Representative,Docker,Intermediate,1,True
EMP-83,Demo EMP-83,Research & Development,Healthcare Representative,AWS,Intermediate,3,True
EMP-84,Demo EMP-84,Research & Development,Manager,PyTorch,Intermediate,5,True
EMP-84,Demo EMP-84,Research & Development,Manager,SQL,Intermediate,5,True
EMP-84,Demo EMP-84,Research & Development,Manager,Python,Advanced,1,True
EMP-84,Demo EMP-84,Research & Development,Manager,Machine Learning,Intermediate,2,True
EMP-85,Demo EMP-85,Research & Development,Manufacturing Director,Python,Advanced,5,True
EMP-85,Demo EMP-85,Research & Development,Manufacturing Director,LLMs,Beginner,0,True
EMP-85,Demo EMP-85,Research & Development,Manufacturing Director,Docker,Beginner,2,True
EMP-85,Demo EMP-85,Research & Development,Manufacturing Director,Machine Learning,Beginner,5,True
EMP-86,Demo EMP-86,Research & Development,Research Scientist,MLOps,Intermediate,2,True
EMP-86,Demo EMP-86,Research & Development,Research Scientist,Docker,Beginner,4,True
EMP-86,Demo EMP-86,Research & Development,Research Scientist,LLMs,Beginner,0,True
EMP-86,Demo EMP-86,Research & Development,Research Scientist,Research,Advanced,3,True
EMP-88,Demo EMP-88,Research & Development,Research Scientist,PyTorch,Intermediate,0,True
EMP-88,Demo EMP-88,Research & Development,Research Scientist,LLMs,Advanced,3,True
EMP-88,Demo EMP-88,Research & Development,Research Scientist,Laboratory Methods,Beginner,4,True
EMP-88,Demo EMP-88,Research & Development,Research Scientist,Python,Advanced,3,True
EMP-90,Demo EMP-90,Research & Development,Research Scientist,Machine Learning,Intermediate,0,True
EMP-90,Demo EMP-90,Research & Development,Research Scientist,Laboratory Methods,Advanced,1,True
EMP-90,Demo EMP-90,Research & Development,Research Scientist,AWS,Beginner,4,True
EMP-90,Demo EMP-90,Research & Development,Research Scientist,MLOps,Intermediate,0,True
EMP-91,Demo EMP-91,Sales,Sales Executive,CRM,Intermediate,1,True
EMP-91,Demo EMP-91,Sales,Sales Executive,Excel,Beginner,0,True
EMP-91,Demo EMP-91,Sales,Sales Executive,Communication,Advanced,3,True
EMP-91,Demo EMP-91,Sales,Sales Executive,Data Analysis,Intermediate,4,True
EMP-94,Demo EMP-94,Research & Development,Research Scientist,Python,Beginner,0,True
EMP-94,Demo EMP-94,Research & Development,Research Scientist,PyTorch,Beginner,2,True
EMP-94,Demo EMP-94,Research & Development,Research Scientist,RAG,Beginner,3,True
EMP-94,Demo EMP-94,Research & Development,Research Scientist,LLMs,Intermediate,0,True
EMP-95,Demo EMP-95,Research & Development,Research Scientist,MLOps,Intermediate,5,True
EMP-95,Demo EMP-95,Research & Development,Research Scientist,AWS,Intermediate,5,True
EMP-95,Demo EMP-95,Research & Development,Research Scientist,PyTorch,Advanced,1,True
EMP-95,Demo EMP-95,Research & Development,Research Scientist,LLMs,Beginner,3,True
EMP-96,Demo EMP-96,Research & Development,Research Scientist,Machine Learning,Intermediate,3,True
EMP-96,Demo EMP-96,Research & Development,Research Scientist,AWS,Beginner,3,True
EMP-96,Demo EMP-96,Research & Development,Research Scientist,PyTorch,Beginner,1,True
EMP-96,Demo EMP-96,Research & Development,Research Scientist,Laboratory Methods,Beginner,1,True
EMP-97,Demo EMP-97,Research & Development,Laboratory Technician,Python,Intermediate,4,True
EMP-97,Demo EMP-97,Research & Development,Laboratory Technician,PyTorch,Intermediate,5,True
EMP-97,Demo EMP-97,Research & Development,Laboratory Technician,MLOps,Advanced,2,True
EMP-97,Demo EMP-97,Research & Development,Laboratory Technician,Machine Learning,Intermediate,1,True
EMP-98,Demo EMP-98,Research & Development,Manufacturing Director,Laboratory Methods,Intermediate,1,True
EMP-98,Demo EMP-98,Research & Development,Manufacturing Director,Docker,Intermediate,0,True
EMP-98,Demo EMP-98,Research & Development,Manufacturing Director,AWS,Advanced,4,True
EMP-98,Demo EMP-98,Research & Development,Manufacturing Director,Machine Learning,Intermediate,3,True
EMP-100,Demo EMP-100,Sales,Sales Executive,SQL,Beginner,0,True
EMP-100,Demo EMP-100,Sales,Sales Executive,Communication,Beginner,5,True
EMP-100,Demo EMP-100,Sales,Sales Executive,Sales,Intermediate,2,True
EMP-100,Demo EMP-100,Sales,Sales Executive,Data Analysis,Intermediate,0,True
EMP-101,Demo EMP-101,Research & Development,Research Director,Docker,Intermediate,2,True
EMP-101,Demo EMP-101,Research & Development,Research Director,Python,Intermediate,1,True
EMP-101,Demo EMP-101,Research & Development,Research Director,SQL,Intermediate,1,True
EMP-101,Demo EMP-101,Research & Development,Research Director,MLOps,Beginner,2,True
EMP-102,Demo EMP-102,Research & Development,Research Director,SQL,Intermediate,3,True
EMP-102,Demo EMP-102,Research & Development,Research Director,RAG,Intermediate,2,True
EMP-102,Demo EMP-102,Research & Development,Research Director,Laboratory Methods,Intermediate,2,True
EMP-102,Demo EMP-102,Research & Development,Research Director,Machine Learning,Advanced,3,True
EMP-103,Demo EMP-103,Human Resources,Human Resources,Project Management,Intermediate,2,True
EMP-103,Demo EMP-103,Human Resources,Human Resources,SQL,Intermediate,1,True
EMP-103,Demo EMP-103,Human Resources,Human Resources,Communication,Advanced,2,True
EMP-103,Demo EMP-103,Human Resources,Human Resources,Excel,Intermediate,0,True
EMP-104,Demo EMP-104,Research & Development,Laboratory Technician,AWS,Advanced,0,True
EMP-104,Demo EMP-104,Research & Development,Laboratory Technician,Research,Beginner,5,True
EMP-104,Demo EMP-104,Research & Development,Laboratory Technician,Docker,Beginner,1,True
EMP-104,Demo EMP-104,Research & Development,Laboratory Technician,SQL,Beginner,4,True
EMP-105,Demo EMP-105,Research & Development,Research Scientist,Python,Advanced,2,True
EMP-105,Demo EMP-105,Research & Development,Research Scientist,AWS,Advanced,0,True
EMP-105,Demo EMP-105,Research & Development,Research Scientist,RAG,Intermediate,2,True
EMP-105,Demo EMP-105,Research & Development,Research Scientist,Machine Learning,Intermediate,0,True
EMP-106,Demo EMP-106,Sales,Sales Executive,Communication,Intermediate,2,True
EMP-106,Demo EMP-106,Sales,Sales Executive,SQL,Advanced,0,True
EMP-106,Demo EMP-106,Sales,Sales Executive,CRM,Advanced,2,True
EMP-106,Demo EMP-106,Sales,Sales Executive,Excel,Intermediate,3,True
EMP-107,Demo EMP-107,Research & Development,Research Scientist,Laboratory Methods,Intermediate,4,True
EMP-107,Demo EMP-107,Research & Development,Research Scientist,PyTorch,Beginner,0,True
EMP-107,Demo EMP-107,Research & Development,Research Scientist,SQL,Intermediate,2,True
EMP-107,Demo EMP-107,Research & Development,Research Scientist,Docker,Beginner,0,True
EMP-110,Demo EMP-110,Research & Development,Manufacturing Director,LLMs,Advanced,1,True
EMP-110,Demo EMP-110,Research & Development,Manufacturing Director,MLOps,Intermediate,1,True
EMP-110,Demo EMP-110,Research & Development,Manufacturing Director,AWS,Beginner,0,True
EMP-110,Demo EMP-110,Research & Development,Manufacturing Director,Docker,Intermediate,0,True
EMP-112,Demo EMP-112,Research & Development,Manufacturing Director,MLOps,Beginner,3,True
EMP-112,Demo EMP-112,Research & Development,Manufacturing Director,LLMs,Intermediate,5,True
EMP-112,Demo EMP-112,Research & Development,Manufacturing Director,SQL,Beginner,3,True
EMP-112,Demo EMP-112,Research & Development,Manufacturing Director,Research,Advanced,5,True
EMP-113,Demo EMP-113,Sales,Sales Representative,Sales,Intermediate,0,True
EMP-113,Demo EMP-113,Sales,Sales Representative,Excel,Beginner,2,True
EMP-113,Demo EMP-113,Sales,Sales Representative,SQL,Advanced,3,True
EMP-113,Demo EMP-113,Sales,Sales Representative,CRM,Beginner,0,True
EMP-116,Demo EMP-116,Research & Development,Laboratory Technician,SQL,Intermediate,1,True
EMP-116,Demo EMP-116,Research & Development,Laboratory Technician,RAG,Intermediate,3,True
EMP-116,Demo EMP-116,Research & Development,Laboratory Technician,Machine Learning,Intermediate,3,True
EMP-116,Demo EMP-116,Research & Development,Laboratory Technician,Laboratory Methods,Intermediate,4,True
EMP-117,Demo EMP-117,Research & Development,Healthcare Representative,Research,Beginner,3,True
EMP-117,Demo EMP-117,Research & Development,Healthcare Representative,MLOps,Intermediate,2,True
EMP-117,Demo EMP-117,Research & Development,Healthcare Representative,Docker,Intermediate,3,True
EMP-117,Demo EMP-117,Research & Development,Healthcare Representative,Machine Learning,Beginner,4,True
EMP-118,Demo EMP-118,Sales,Sales Executive,Sales,Advanced,1,True
EMP-118,Demo EMP-118,Sales,Sales Executive,Excel,Beginner,1,True
EMP-118,Demo EMP-118,Sales,Sales Executive,SQL,Advanced,5,True
EMP-118,Demo EMP-118,Sales,Sales Executive,CRM,Beginner,5,True
EMP-119,Demo EMP-119,Research & Development,Healthcare Representative,Machine Learning,Intermediate,2,True
EMP-119,Demo EMP-119,Research & Development,Healthcare Representative,RAG,Intermediate,3,True
EMP-119,Demo EMP-119,Research & Development,Healthcare Representative,Research,Intermediate,4,True
EMP-119,Demo EMP-119,Research & Development,Healthcare Representative,AWS,Intermediate,2,True
EMP-120,Demo EMP-120,Sales,Sales Executive,Sales,Beginner,0,True
EMP-120,Demo EMP-120,Sales,Sales Executive,SQL,Intermediate,1,True
EMP-120,Demo EMP-120,Sales,Sales Executive,Data Analysis,Beginner,1,True
EMP-120,Demo EMP-120,Sales,Sales Executive,Communication,Intermediate,5,True
EMP-121,Demo EMP-121,Sales,Sales Executive,Excel,Intermediate,1,True
EMP-121,Demo EMP-121,Sales,Sales Executive,Communication,Intermediate,2,True
EMP-121,Demo EMP-121,Sales,Sales Executive,SQL,Intermediate,2,True
EMP-121,Demo EMP-121,Sales,Sales Executive,Data Analysis,Advanced,3,True
EMP-124,Demo EMP-124,Research & Development,Healthcare Representative,SQL,Beginner,1,True
EMP-124,Demo EMP-124,Research & Development,Healthcare Representative,PyTorch,Intermediate,0,True
EMP-124,Demo EMP-124,Research & Development,Healthcare Representative,Research,Intermediate,0,True
EMP-124,Demo EMP-124,Research & Development,Healthcare Representative,Python,Beginner,5,True
EMP-125,Demo EMP-125,Sales,Sales Executive,SQL,Beginner,1,True
EMP-125,Demo EMP-125,Sales,Sales Executive,Sales,Beginner,2,True
EMP-125,Demo EMP-125,Sales,Sales Executive,Data Analysis,Intermediate,3,True
EMP-125,Demo EMP-125,Sales,Sales Executive,Excel,Beginner,0,True
EMP-126,Demo EMP-126,Research & Development,Research Director,RAG,Intermediate,5,True
EMP-126,Demo EMP-126,Research & Development,Research Director,AWS,Beginner,0,True
EMP-126,Demo EMP-126,Research & Development,Research Director,Python,Beginner,1,True
EMP-126,Demo EMP-126,Research & Development,Research Director,Research,Advanced,4,True
EMP-128,Demo EMP-128,Sales,Sales Executive,SQL,Beginner,5,True
EMP-128,Demo EMP-128,Sales,Sales Executive,Excel,Beginner,5,True
EMP-128,Demo EMP-128,Sales,Sales Executive,Communication,Intermediate,1,True
EMP-128,Demo EMP-128,Sales,Sales Executive,Sales,Beginner,4,True
EMP-129,Demo EMP-129,Sales,Sales Executive,Communication,Beginner,2,True
EMP-129,Demo EMP-129,Sales,Sales Executive,Excel,Advanced,0,True
EMP-129,Demo EMP-129,Sales,Sales Executive,SQL,Intermediate,3,True
EMP-129,Demo EMP-129,Sales,Sales Executive,Data Analysis,Beginner,4,True
EMP-131,Demo EMP-131,Sales,Sales Executive,CRM,Beginner,4,True
EMP-131,Demo EMP-131,Sales,Sales Executive,Communication,Advanced,2,True
EMP-131,Demo EMP-131,Sales,Sales Executive,Data Analysis,Advanced,0,True
EMP-131,Demo EMP-131,Sales,Sales Executive,Excel,Beginner,2,True
EMP-132,Demo EMP-132,Research & Development,Laboratory Technician,AWS,Intermediate,1,True
EMP-132,Demo EMP-132,Research & Development,Laboratory Technician,Docker,Intermediate,1,True
EMP-132,Demo EMP-132,Research & Development,Laboratory Technician,SQL,Advanced,3,True
EMP-132,Demo EMP-132,Research & Development,Laboratory Technician,Machine Learning,Intermediate,5,True
EMP-133,Demo EMP-133,Human Resources,Human Resources,SQL,Advanced,0,True
EMP-133,Demo EMP-133,Human Resources,Human Resources,Data Analysis,Advanced,0,True
EMP-133,Demo EMP-133,Human Resources,Human Resources,Communication,Intermediate,4,True
EMP-133,Demo EMP-133,Human Resources,Human Resources,Project Management,Intermediate,2,True
EMP-134,Demo EMP-134,Research & Development,Research Scientist,LLMs,Beginner,1,True
EMP-134,Demo EMP-134,Research & Development,Research Scientist,RAG,Intermediate,5,True
EMP-134,Demo EMP-134,Research & Development,Research Scientist,Laboratory Methods,Advanced,0,True
EMP-134,Demo EMP-134,Research & Development,Research Scientist,PyTorch,Intermediate,0,True
EMP-137,Demo EMP-137,Research & Development,Laboratory Technician,SQL,Advanced,0,True
EMP-137,Demo EMP-137,Research & Development,Laboratory Technician,Laboratory Methods,Intermediate,5,True
EMP-137,Demo EMP-137,Research & Development,Laboratory Technician,MLOps,Intermediate,3,True
EMP-137,Demo EMP-137,Research & Development,Laboratory Technician,Machine Learning,Intermediate,3,True
EMP-138,Demo EMP-138,Research & Development,Research Scientist,SQL,Intermediate,2,True
EMP-138,Demo EMP-138,Research & Development,Research Scientist,LLMs,Beginner,2,True
EMP-138,Demo EMP-138,Research & Development,Research Scientist,RAG,Advanced,4,True
EMP-138,Demo EMP-138,Research & Development,Research Scientist,Laboratory Methods,Beginner,2,True
EMP-139,Demo EMP-139,Research & Development,Healthcare Representative,AWS,Intermediate,4,True
EMP-139,Demo EMP-139,Research & Development,Healthcare Representative,MLOps,Beginner,1,True
EMP-139,Demo EMP-139,Research & Development,Healthcare Representative,PyTorch,Intermediate,5,True
EMP-139,Demo EMP-139,Research & Development,Healthcare Representative,Python,Intermediate,4,True
EMP-140,Demo EMP-140,Human Resources,Manager,SQL,Intermediate,4,True
EMP-140,Demo EMP-140,Human Resources,Manager,Excel,Beginner,0,True
EMP-140,Demo EMP-140,Human Resources,Manager,Data Analysis,Intermediate,2,True
EMP-140,Demo EMP-140,Human Resources,Manager,Communication,Advanced,2,True
EMP-141,Demo EMP-141,Research & Development,Research Director,MLOps,Intermediate,3,True
EMP-141,Demo EMP-141,Research & Development,Research Director,LLMs,Intermediate,3,True
EMP-141,Demo EMP-141,Research & Development,Research Director,Machine Learning,Intermediate,5,True
EMP-141,Demo EMP-141,Research & Development,Research Director,RAG,Beginner,0,True
EMP-142,Demo EMP-142,Sales,Sales Executive,SQL,Advanced,4,True
EMP-142,Demo EMP-142,Sales,Sales Executive,Communication,Advanced,4,True
EMP-142,Demo EMP-142,Sales,Sales Executive,Data Analysis,Intermediate,4,True
EMP-142,Demo EMP-142,Sales,Sales Executive,Excel,Intermediate,3,True
EMP-143,Demo EMP-143,Research & Development,Research Scientist,AWS,Intermediate,2,True
EMP-143,Demo EMP-143,Research & Development,Research Scientist,Machine Learning,Intermediate,3,True
EMP-143,Demo EMP-143,Research & Development,Research Scientist,RAG,Advanced,3,True
EMP-143,Demo EMP-143,Research & Development,Research Scientist,MLOps,Intermediate,1,True
EMP-144,Demo EMP-144,Research & Development,Laboratory Technician,Laboratory Methods,Beginner,4,True
EMP-144,Demo EMP-144,Research & Development,Laboratory Technician,LLMs,Intermediate,0,True
EMP-144,Demo EMP-144,Research & Development,Laboratory Technician,MLOps,Intermediate,4,True
EMP-144,Demo EMP-144,Research & Development,Laboratory Technician,PyTorch,Beginner,3,True
EMP-145,Demo EMP-145,Research & Development,Healthcare Representative,Research,Beginner,5,True
EMP-145,Demo EMP-145,Research & Development,Healthcare Representative,Machine Learning,Intermediate,1,True
EMP-145,Demo EMP-145,Research & Development,Healthcare Representative,AWS,Beginner,0,True
EMP-145,Demo EMP-145,Research & Development,Healthcare Representative,MLOps,Beginner,1,True
EMP-147,Demo EMP-147,Research & Development,Laboratory Technician,AWS,Intermediate,3,True
EMP-147,Demo EMP-147,Research & Development,Laboratory Technician,Machine Learning,Advanced,4,True
EMP-147,Demo EMP-147,Research & Development,Laboratory Technician,Docker,Intermediate,4,True
EMP-147,Demo EMP-147,Research & Development,Laboratory Technician,Research,Intermediate,1,True
EMP-148,Demo EMP-148,Human Resources,Manager,SQL,Beginner,4,True
EMP-148,Demo EMP-148,Human Resources,Manager,Excel,Intermediate,4,True
EMP-148,Demo EMP-148,Human Resources,Manager,Project Management,Intermediate,5,True
EMP-148,Demo EMP-148,Human Resources,Manager,Data Analysis,Intermediate,1,True
EMP-150,Demo EMP-150,Research & Development,Laboratory Technician,MLOps,Intermediate,2,True
EMP-150,Demo EMP-150,Research & Development,Laboratory Technician,PyTorch,Intermediate,3,True
EMP-150,Demo EMP-150,Research & Development,Laboratory Technician,Laboratory Methods,Beginner,2,True
EMP-150,Demo EMP-150,Research & Development,Laboratory Technician,AWS,Advanced,5,True
EMP-151,Demo EMP-151,Research & Development,Research Scientist,Research,Intermediate,4,True
EMP-151,Demo EMP-151,Research & Development,Research Scientist,MLOps,Intermediate,3,True
EMP-151,Demo EMP-151,Research & Development,Research Scientist,Laboratory Methods,Beginner,2,True
EMP-151,Demo EMP-151,Research & Development,Research Scientist,Machine Learning,Intermediate,3,True
EMP-152,Demo EMP-152,Sales,Sales Executive,Excel,Beginner,3,True
EMP-152,Demo EMP-152,Sales,Sales Executive,Sales,Advanced,4,True
EMP-152,Demo EMP-152,Sales,Sales Executive,CRM,Beginner,2,True
EMP-152,Demo EMP-152,Sales,Sales Executive,Data Analysis,Intermediate,0,True
EMP-153,Demo EMP-153,Research & Development,Manager,SQL,Beginner,4,True
EMP-153,Demo EMP-153,Research & Development,Manager,MLOps,Intermediate,2,True
EMP-153,Demo EMP-153,Research & Development,Manager,Laboratory Methods,Beginner,5,True
EMP-153,Demo EMP-153,Research & Development,Manager,PyTorch,Beginner,0,True
EMP-154,Demo EMP-154,Sales,Sales Executive,Data Analysis,Beginner,5,True
EMP-154,Demo EMP-154,Sales,Sales Executive,SQL,Intermediate,0,True
EMP-154,Demo EMP-154,Sales,Sales Executive,CRM,Beginner,2,True
EMP-154,Demo EMP-154,Sales,Sales Executive,Communication,Intermediate,5,True
EMP-155,Demo EMP-155,Research & Development,Laboratory Technician,SQL,Intermediate,2,True
EMP-155,Demo EMP-155,Research & Development,Laboratory Technician,Laboratory Methods,Intermediate,1,True
EMP-155,Demo EMP-155,Research & Development,Laboratory Technician,PyTorch,Intermediate,4,True
EMP-155,Demo EMP-155,Research & Development,Laboratory Technician,MLOps,Advanced,0,True
EMP-158,Demo EMP-158,Sales,Manager,Communication,Advanced,1,True
EMP-158,Demo EMP-158,Sales,Manager,Sales,Intermediate,1,True
EMP-158,Demo EMP-158,Sales,Manager,Data Analysis,Intermediate,1,True
EMP-158,Demo EMP-158,Sales,Manager,Excel,Intermediate,0,True
EMP-159,Demo EMP-159,Research & Development,Research Scientist,Docker,Intermediate,4,True
EMP-159,Demo EMP-159,Research & Development,Research Scientist,PyTorch,Intermediate,1,True
EMP-159,Demo EMP-159,Research & Development,Research Scientist,AWS,Advanced,4,True
EMP-159,Demo EMP-159,Research & Development,Research Scientist,Laboratory Methods,Intermediate,1,True
EMP-160,Demo EMP-160,Sales,Sales Executive,CRM,Beginner,1,True
EMP-160,Demo EMP-160,Sales,Sales Executive,Excel,Beginner,3,True
EMP-160,Demo EMP-160,Sales,Sales Executive,Sales,Beginner,1,True
EMP-160,Demo EMP-160,Sales,Sales Executive,SQL,Intermediate,0,True
EMP-161,Demo EMP-161,Research & Development,Research Scientist,Docker,Beginner,4,True
EMP-161,Demo EMP-161,Research & Development,Research Scientist,Python,Beginner,0,True
EMP-161,Demo EMP-161,Research & Development,Research Scientist,Research,Advanced,5,True
EMP-161,Demo EMP-161,Research & Development,Research Scientist,AWS,Intermediate,2,True
EMP-162,Demo EMP-162,Research & Development,Research Director,Docker,Beginner,1,True
EMP-162,Demo EMP-162,Research & Development,Research Director,Laboratory Methods,Intermediate,4,True
EMP-162,Demo EMP-162,Research & Development,Research Director,RAG,Intermediate,4,True
EMP-162,Demo EMP-162,Research & Development,Research Director,Python,Intermediate,2,True
EMP-163,Demo EMP-163,Sales,Sales Executive,CRM,Beginner,0,True
EMP-163,Demo EMP-163,Sales,Sales Executive,Sales,Beginner,0,True
EMP-163,Demo EMP-163,Sales,Sales Executive,Communication,Advanced,1,True
EMP-163,Demo EMP-163,Sales,Sales Executive,SQL,Intermediate,4,True
EMP-164,Demo EMP-164,Research & Development,Research Scientist,AWS,Intermediate,1,True
EMP-164,Demo EMP-164,Research & Development,Research Scientist,Research,Advanced,5,True
EMP-164,Demo EMP-164,Research & Development,Research Scientist,MLOps,Advanced,2,True
EMP-164,Demo EMP-164,Research & Development,Research Scientist,SQL,Beginner,1,True
EMP-165,Demo EMP-165,Research & Development,Healthcare Representative,Research,Intermediate,3,True
EMP-165,Demo EMP-165,Research & Development,Healthcare Representative,PyTorch,Advanced,2,True
EMP-165,Demo EMP-165,Research & Development,Healthcare Representative,Laboratory Methods,Beginner,4,True
EMP-165,Demo EMP-165,Research & Development,Healthcare Representative,LLMs,Beginner,5,True
EMP-167,Demo EMP-167,Sales,Sales Representative,Communication,Intermediate,0,True
EMP-167,Demo EMP-167,Sales,Sales Representative,Excel,Intermediate,4,True
EMP-167,Demo EMP-167,Sales,Sales Representative,CRM,Intermediate,4,True
EMP-167,Demo EMP-167,Sales,Sales Representative,SQL,Intermediate,1,True
EMP-169,Demo EMP-169,Research & Development,Laboratory Technician,SQL,Beginner,0,True
EMP-169,Demo EMP-169,Research & Development,Laboratory Technician,Machine Learning,Beginner,3,True
EMP-169,Demo EMP-169,Research & Development,Laboratory Technician,Docker,Intermediate,5,True
EMP-169,Demo EMP-169,Research & Development,Laboratory Technician,RAG,Beginner,5,True
EMP-170,Demo EMP-170,Research & Development,Manufacturing Director,MLOps,Beginner,2,True
EMP-170,Demo EMP-170,Research & Development,Manufacturing Director,Laboratory Methods,Intermediate,1,True
EMP-170,Demo EMP-170,Research & Development,Manufacturing Director,RAG,Beginner,1,True
EMP-170,Demo EMP-170,Research & Development,Manufacturing Director,Python,Beginner,4,True
EMP-171,Demo EMP-171,Research & Development,Research Scientist,Machine Learning,Beginner,1,True
EMP-171,Demo EMP-171,Research & Development,Research Scientist,RAG,Advanced,1,True
EMP-171,Demo EMP-171,Research & Development,Research Scientist,Python,Intermediate,1,True
EMP-171,Demo EMP-171,Research & Development,Research Scientist,MLOps,Beginner,3,True
EMP-174,Demo EMP-174,Sales,Sales Executive,Communication,Advanced,0,True
EMP-174,Demo EMP-174,Sales,Sales Executive,CRM,Beginner,5,True
EMP-174,Demo EMP-174,Sales,Sales Executive,SQL,Beginner,0,True
EMP-174,Demo EMP-174,Sales,Sales Executive,Data Analysis,Intermediate,0,True
EMP-175,Demo EMP-175,Sales,Sales Executive,Sales,Intermediate,4,True
EMP-175,Demo EMP-175,Sales,Sales Executive,CRM,Advanced,2,True
EMP-175,Demo EMP-175,Sales,Sales Executive,Data Analysis,Intermediate,0,True
EMP-175,Demo EMP-175,Sales,Sales Executive,Communication,Intermediate,2,True
EMP-176,Demo EMP-176,Sales,Sales Executive,Sales,Advanced,1,True
EMP-176,Demo EMP-176,Sales,Sales Executive,Excel,Intermediate,2,True
EMP-176,Demo EMP-176,Sales,Sales Executive,Data Analysis,Advanced,5,True
EMP-176,Demo EMP-176,Sales,Sales Executive,Communication,Intermediate,2,True
EMP-177,Demo EMP-177,Human Resources,Human Resources,Project Management,Beginner,1,True
EMP-177,Demo EMP-177,Human Resources,Human Resources,Excel,Advanced,0,True
EMP-177,Demo EMP-177,Human Resources,Human Resources,Communication,Intermediate,3,True
EMP-177,Demo EMP-177,Human Resources,Human Resources,Data Analysis,Intermediate,2,True
EMP-178,Demo EMP-178,Research & Development,Manufacturing Director,PyTorch,Intermediate,4,True
EMP-178,Demo EMP-178,Research & Development,Manufacturing Director,MLOps,Intermediate,1,True
EMP-178,Demo EMP-178,Research & Development,Manufacturing Director,Docker,Intermediate,2,True
EMP-178,Demo EMP-178,Research & Development,Manufacturing Director,RAG,Intermediate,2,True
EMP-179,Demo EMP-179,Research & Development,Manufacturing Director,PyTorch,Beginner,2,True
EMP-179,Demo EMP-179,Research & Development,Manufacturing Director,Machine Learning,Beginner,3,True
EMP-179,Demo EMP-179,Research & Development,Manufacturing Director,RAG,Intermediate,4,True
EMP-179,Demo EMP-179,Research & Development,Manufacturing Director,Research,Beginner,4,True
EMP-182,Demo EMP-182,Sales,Sales Executive,CRM,Advanced,1,True
EMP-182,Demo EMP-182,Sales,Sales Executive,Data Analysis,Intermediate,3,True
EMP-182,Demo EMP-182,Sales,Sales Executive,Communication,Beginner,3,True
EMP-182,Demo EMP-182,Sales,Sales Executive,SQL,Intermediate,5,True
EMP-183,Demo EMP-183,Sales,Sales Executive,Data Analysis,Intermediate,0,True
EMP-183,Demo EMP-183,Sales,Sales Executive,SQL,Intermediate,0,True
EMP-183,Demo EMP-183,Sales,Sales Executive,Sales,Intermediate,0,True
EMP-183,Demo EMP-183,Sales,Sales Executive,Communication,Advanced,1,True
EMP-184,Demo EMP-184,Human Resources,Human Resources,SQL,Intermediate,5,True
EMP-184,Demo EMP-184,Human Resources,Human Resources,Communication,Intermediate,5,True
EMP-184,Demo EMP-184,Human Resources,Human Resources,Project Management,Intermediate,0,True
EMP-184,Demo EMP-184,Human Resources,Human Resources,Excel,Beginner,1,True
EMP-190,Demo EMP-190,Research & Development,Laboratory Technician,SQL,Advanced,5,True
EMP-190,Demo EMP-190,Research & Development,Laboratory Technician,LLMs,Advanced,5,True
EMP-190,Demo EMP-190,Research & Development,Laboratory Technician,Docker,Intermediate,1,True
EMP-190,Demo EMP-190,Research & Development,Laboratory Technician,PyTorch,Advanced,3,True
EMP-192,Demo EMP-192,Research & Development,Research Scientist,Laboratory Methods,Intermediate,3,True
EMP-192,Demo EMP-192,Research & Development,Research Scientist,Machine Learning,Intermediate,5,True
EMP-192,Demo EMP-192,Research & Development,Research Scientist,SQL,Intermediate,5,True
EMP-192,Demo EMP-192,Research & Development,Research Scientist,RAG,Intermediate,2,True
EMP-193,Demo EMP-193,Research & Development,Research Scientist,AWS,Intermediate,1,True
EMP-193,Demo EMP-193,Research & Development,Research Scientist,Research,Advanced,0,True
EMP-193,Demo EMP-193,Research & Development,Research Scientist,Laboratory Methods,Intermediate,0,True
EMP-193,Demo EMP-193,Research & Development,Research Scientist,SQL,Intermediate,2,True
EMP-194,Demo EMP-194,Research & Development,Research Scientist,AWS,Intermediate,0,True
EMP-194,Demo EMP-194,Research & Development,Research Scientist,Docker,Intermediate,0,True
EMP-194,Demo EMP-194,Research & Development,Research Scientist,LLMs,Intermediate,5,True
EMP-194,Demo EMP-194,Research & Development,Research Scientist,SQL,Beginner,1,True
EMP-195,Demo EMP-195,Sales,Sales Executive,Excel,Intermediate,5,True
EMP-195,Demo EMP-195,Sales,Sales Executive,Sales,Advanced,2,True
EMP-195,Demo EMP-195,Sales,Sales Executive,Communication,Beginner,5,True
EMP-195,Demo EMP-195,Sales,Sales Executive,CRM,Intermediate,5,True
EMP-197,Demo EMP-197,Research & Development,Research Scientist,PyTorch,Beginner,1,True
EMP-197,Demo EMP-197,Research & Development,Research Scientist,Laboratory Methods,Advanced,3,True
EMP-197,Demo EMP-197,Research & Development,Research Scientist,Docker,Advanced,3,True
EMP-197,Demo EMP-197,Research & Development,Research Scientist,MLOps,Intermediate,0,True
EMP-198,Demo EMP-198,Research & Development,Laboratory Technician,Laboratory Methods,Advanced,5,True
EMP-198,Demo EMP-198,Research & Development,Laboratory Technician,LLMs,Beginner,1,True
EMP-198,Demo EMP-198,Research & Development,Laboratory Technician,RAG,Advanced,0,True
EMP-198,Demo EMP-198,Research & Development,Laboratory Technician,Machine Learning,Beginner,4,True
EMP-199,Demo EMP-199,Research & Development,Manager,Python,Intermediate,5,True
EMP-199,Demo EMP-199,Research & Development,Manager,RAG,Advanced,0,True
EMP-199,Demo EMP-199,Research & Development,Manager,Research,Intermediate,4,True
EMP-199,Demo EMP-199,Research & Development,Manager,Laboratory Methods,Beginner,1,True
EMP-200,Demo EMP-200,Research & Development,Laboratory Technician,AWS,Advanced,4,True
EMP-200,Demo EMP-200,Research & Development,Laboratory Technician,SQL,Advanced,3,True
EMP-200,Demo EMP-200,Research & Development,Laboratory Technician,Research,Advanced,5,True
EMP-200,Demo EMP-200,Research & Development,Laboratory Technician,Laboratory Methods,Beginner,5,True
EMP-201,Demo EMP-201,Research & Development,Laboratory Technician,Docker,Advanced,2,True
EMP-201,Demo EMP-201,Research & Development,Laboratory Technician,Machine Learning,Intermediate,4,True
EMP-201,Demo EMP-201,Research & Development,Laboratory Technician,RAG,Intermediate,5,True
EMP-201,Demo EMP-201,Research & Development,Laboratory Technician,LLMs,Intermediate,2,True
EMP-202,Demo EMP-202,Research & Development,Research Scientist,Python,Intermediate,4,True
EMP-202,Demo EMP-202,Research & Development,Research Scientist,PyTorch,Advanced,5,True
EMP-202,Demo EMP-202,Research & Development,Research Scientist,SQL,Beginner,3,True
EMP-202,Demo EMP-202,Research & Development,Research Scientist,Laboratory Methods,Beginner,5,True
EMP-204,Demo EMP-204,Sales,Sales Executive,Communication,Advanced,5,True
EMP-204,Demo EMP-204,Sales,Sales Executive,Data Analysis,Beginner,5,True
EMP-204,Demo EMP-204,Sales,Sales Executive,CRM,Beginner,2,True
EMP-204,Demo EMP-204,Sales,Sales Executive,Sales,Beginner,0,True
EMP-205,Demo EMP-205,Sales,Sales Representative,Communication,Intermediate,3,True
EMP-205,Demo EMP-205,Sales,Sales Representative,Sales,Beginner,3,True
EMP-205,Demo EMP-205,Sales,Sales Representative,Data Analysis,Intermediate,4,True
EMP-205,Demo EMP-205,Sales,Sales Representative,SQL,Advanced,3,True
EMP-206,Demo EMP-206,Research & Development,Laboratory Technician,PyTorch,Intermediate,3,True
EMP-206,Demo EMP-206,Research & Development,Laboratory Technician,Research,Intermediate,5,True
EMP-206,Demo EMP-206,Research & Development,Laboratory Technician,SQL,Intermediate,0,True
EMP-206,Demo EMP-206,Research & Development,Laboratory Technician,MLOps,Beginner,3,True
EMP-207,Demo EMP-207,Sales,Sales Executive,SQL,Beginner,2,True
EMP-207,Demo EMP-207,Sales,Sales Executive,Communication,Intermediate,5,True
EMP-207,Demo EMP-207,Sales,Sales Executive,Sales,Advanced,1,True
EMP-207,Demo EMP-207,Sales,Sales Executive,CRM,Beginner,4,True
EMP-208,Demo EMP-208,Research & Development,Manufacturing Director,Research,Intermediate,1,True
EMP-208,Demo EMP-208,Research & Development,Manufacturing Director,LLMs,Intermediate,5,True
EMP-208,Demo EMP-208,Research & Development,Manufacturing Director,Python,Intermediate,5,True
EMP-208,Demo EMP-208,Research & Development,Manufacturing Director,RAG,Beginner,2,True
EMP-211,Demo EMP-211,Research & Development,Manufacturing Director,LLMs,Advanced,0,True
EMP-211,Demo EMP-211,Research & Development,Manufacturing Director,Research,Intermediate,2,True
EMP-211,Demo EMP-211,Research & Development,Manufacturing Director,AWS,Intermediate,5,True
EMP-211,Demo EMP-211,Research & Development,Manufacturing Director,Machine Learning,Beginner,4,True
EMP-214,Demo EMP-214,Research & Development,Research Scientist,AWS,Intermediate,1,True
EMP-214,Demo EMP-214,Research & Development,Research Scientist,Docker,Intermediate,5,True
EMP-214,Demo EMP-214,Research & Development,Research Scientist,Laboratory Methods,Intermediate,2,True
EMP-214,Demo EMP-214,Research & Development,Research Scientist,Research,Intermediate,3,True
EMP-215,Demo EMP-215,Sales,Sales Executive,Excel,Intermediate,4,True
EMP-215,Demo EMP-215,Sales,Sales Executive,Communication,Intermediate,2,True
EMP-215,Demo EMP-215,Sales,Sales Executive,SQL,Beginner,2,True
EMP-215,Demo EMP-215,Sales,Sales Executive,Data Analysis,Intermediate,2,True
EMP-216,Demo EMP-216,Sales,Sales Representative,Excel,Advanced,4,True
EMP-216,Demo EMP-216,Sales,Sales Representative,CRM,Beginner,1,True
EMP-216,Demo EMP-216,Sales,Sales Representative,Sales,Advanced,4,True
EMP-216,Demo EMP-216,Sales,Sales Representative,Data Analysis,Beginner,0,True
EMP-217,Demo EMP-217,Research & Development,Research Scientist,LLMs,Intermediate,4,True
EMP-217,Demo EMP-217,Research & Development,Research Scientist,Machine Learning,Beginner,4,True
EMP-217,Demo EMP-217,Research & Development,Research Scientist,Laboratory Methods,Intermediate,2,True
EMP-217,Demo EMP-217,Research & Development,Research Scientist,PyTorch,Beginner,2,True
EMP-218,Demo EMP-218,Research & Development,Research Scientist,RAG,Intermediate,0,True
EMP-218,Demo EMP-218,Research & Development,Research Scientist,AWS,Intermediate,0,True
EMP-218,Demo EMP-218,Research & Development,Research Scientist,PyTorch,Intermediate,3,True
EMP-218,Demo EMP-218,Research & Development,Research Scientist,Machine Learning,Advanced,4,True
EMP-221,Demo EMP-221,Research & Development,Research Scientist,Research,Beginner,2,True
EMP-221,Demo EMP-221,Research & Development,Research Scientist,Laboratory Methods,Intermediate,2,True
EMP-221,Demo EMP-221,Research & Development,Research Scientist,SQL,Beginner,2,True
EMP-221,Demo EMP-221,Research & Development,Research Scientist,RAG,Intermediate,1,True
EMP-223,Demo EMP-223,Research & Development,Healthcare Representative,SQL,Intermediate,5,True
EMP-223,Demo EMP-223,Research & Development,Healthcare Representative,Laboratory Methods,Beginner,2,True
EMP-223,Demo EMP-223,Research & Development,Healthcare Representative,RAG,Intermediate,0,True
EMP-223,Demo EMP-223,Research & Development,Healthcare Representative,Machine Learning,Intermediate,5,True
EMP-224,Demo EMP-224,Research & Development,Research Scientist,AWS,Advanced,3,True
EMP-224,Demo EMP-224,Research & Development,Research Scientist,LLMs,Advanced,3,True
EMP-224,Demo EMP-224,Research & Development,Research Scientist,Laboratory Methods,Intermediate,4,True
EMP-224,Demo EMP-224,Research & Development,Research Scientist,Python,Beginner,4,True
EMP-226,Demo EMP-226,Research & Development,Manager,RAG,Intermediate,4,True
EMP-226,Demo EMP-226,Research & Development,Manager,Python,Advanced,3,True
EMP-226,Demo EMP-226,Research & Development,Manager,Research,Beginner,4,True
EMP-226,Demo EMP-226,Research & Development,Manager,LLMs,Intermediate,1,True
EMP-227,Demo EMP-227,Research & Development,Research Scientist,MLOps,Intermediate,5,True
EMP-227,Demo EMP-227,Research & Development,Research Scientist,Python,Intermediate,4,True
EMP-227,Demo EMP-227,Research & Development,Research Scientist,Research,Intermediate,1,True
EMP-227,Demo EMP-227,Research & Development,Research Scientist,Laboratory Methods,Advanced,2,True
EMP-228,Demo EMP-228,Sales,Sales Executive,Communication,Beginner,4,True
EMP-228,Demo EMP-228,Sales,Sales Executive,Excel,Advanced,0,True
EMP-228,Demo EMP-228,Sales,Sales Executive,CRM,Intermediate,0,True
EMP-228,Demo EMP-228,Sales,Sales Executive,SQL,Intermediate,5,True
EMP-230,Demo EMP-230,Sales,Sales Executive,CRM,Advanced,1,True
EMP-230,Demo EMP-230,Sales,Sales Executive,Sales,Beginner,1,True
EMP-230,Demo EMP-230,Sales,Sales Executive,SQL,Advanced,4,True
EMP-230,Demo EMP-230,Sales,Sales Executive,Excel,Beginner,5,True
EMP-231,Demo EMP-231,Research & Development,Research Scientist,Docker,Intermediate,4,True
EMP-231,Demo EMP-231,Research & Development,Research Scientist,Laboratory Methods,Intermediate,1,True
EMP-231,Demo EMP-231,Research & Development,Research Scientist,Machine Learning,Intermediate,3,True
EMP-231,Demo EMP-231,Research & Development,Research Scientist,PyTorch,Advanced,2,True
EMP-233,Demo EMP-233,Research & Development,Research Scientist,Python,Beginner,5,True
EMP-233,Demo EMP-233,Research & Development,Research Scientist,Docker,Beginner,5,True
EMP-233,Demo EMP-233,Research & Development,Research Scientist,SQL,Advanced,3,True
EMP-233,Demo EMP-233,Research & Development,Research Scientist,Laboratory Methods,Beginner,0,True
EMP-235,Demo EMP-235,Sales,Sales Representative,Sales,Beginner,3,True
EMP-235,Demo EMP-235,Sales,Sales Representative,Data Analysis,Intermediate,2,True
EMP-235,Demo EMP-235,Sales,Sales Representative,CRM,Advanced,3,True
EMP-235,Demo EMP-235,Sales,Sales Representative,SQL,Intermediate,3,True
EMP-238,Demo EMP-238,Research & Development,Laboratory Technician,RAG,Beginner,5,True
EMP-238,Demo EMP-238,Research & Development,Laboratory Technician,SQL,Intermediate,0,True
EMP-238,Demo EMP-238,Research & Development,Laboratory Technician,AWS,Beginner,4,True
EMP-238,Demo EMP-238,Research & Development,Laboratory Technician,Laboratory Methods,Intermediate,0,True
EMP-239,Demo EMP-239,Research & Development,Laboratory Technician,RAG,Intermediate,1,True
EMP-239,Demo EMP-239,Research & Development,Laboratory Technician,Laboratory Methods,Advanced,5,True
EMP-239,Demo EMP-239,Research & Development,Laboratory Technician,SQL,Beginner,3,True
EMP-239,Demo EMP-239,Research & Development,Laboratory Technician,AWS,Beginner,1,True
EMP-240,Demo EMP-240,Sales,Sales Executive,Sales,Advanced,1,True
EMP-240,Demo EMP-240,Sales,Sales Executive,Communication,Intermediate,1,True
EMP-240,Demo EMP-240,Sales,Sales Executive,SQL,Beginner,0,True
EMP-240,Demo EMP-240,Sales,Sales Executive,Data Analysis,Intermediate,2,True
EMP-241,Demo EMP-241,Research & Development,Research Scientist,Docker,Advanced,0,True
EMP-241,Demo EMP-241,Research & Development,Research Scientist,Machine Learning,Beginner,1,True
EMP-241,Demo EMP-241,Research & Development,Research Scientist,SQL,Advanced,3,True
EMP-241,Demo EMP-241,Research & Development,Research Scientist,RAG,Intermediate,1,True
EMP-242,Demo EMP-242,Research & Development,Research Scientist,Docker,Intermediate,5,True
EMP-242,Demo EMP-242,Research & Development,Research Scientist,SQL,Intermediate,0,True
EMP-242,Demo EMP-242,Research & Development,Research Scientist,Laboratory Methods,Intermediate,5,True
EMP-242,Demo EMP-242,Research & Development,Research Scientist,RAG,Intermediate,0,True
EMP-243,Demo EMP-243,Research & Development,Laboratory Technician,MLOps,Beginner,1,True
EMP-243,Demo EMP-243,Research & Development,Laboratory Technician,Docker,Intermediate,3,True
EMP-243,Demo EMP-243,Research & Development,Laboratory Technician,Research,Intermediate,5,True
EMP-243,Demo EMP-243,Research & Development,Laboratory Technician,SQL,Intermediate,2,True
EMP-244,Demo EMP-244,Sales,Sales Executive,SQL,Intermediate,4,True
EMP-244,Demo EMP-244,Sales,Sales Executive,Excel,Beginner,2,True
EMP-244,Demo EMP-244,Sales,Sales Executive,Data Analysis,Advanced,4,True
EMP-244,Demo EMP-244,Sales,Sales Executive,CRM,Intermediate,4,True
EMP-245,Demo EMP-245,Research & Development,Laboratory Technician,MLOps,Intermediate,0,True
EMP-245,Demo EMP-245,Research & Development,Laboratory Technician,Laboratory Methods,Beginner,5,True
EMP-245,Demo EMP-245,Research & Development,Laboratory Technician,RAG,Intermediate,3,True
EMP-245,Demo EMP-245,Research & Development,Laboratory Technician,SQL,Beginner,5,True
EMP-246,Demo EMP-246,Research & Development,Research Scientist,MLOps,Intermediate,5,True
EMP-246,Demo EMP-246,Research & Development,Research Scientist,RAG,Intermediate,1,True
EMP-246,Demo EMP-246,Research & Development,Research Scientist,Research,Intermediate,2,True
EMP-246,Demo EMP-246,Research & Development,Research Scientist,Docker,Intermediate,5,True
EMP-247,Demo EMP-247,Research & Development,Research Scientist,LLMs,Intermediate,3,True
EMP-247,Demo EMP-247,Research & Development,Research Scientist,AWS,Beginner,2,True
EMP-247,Demo EMP-247,Research & Development,Research Scientist,Python,Intermediate,4,True
EMP-247,Demo EMP-247,Research & Development,Research Scientist,Docker,Beginner,5,True
EMP-248,Demo EMP-248,Sales,Sales Representative,CRM,Beginner,4,True
EMP-248,Demo EMP-248,Sales,Sales Representative,Data Analysis,Advanced,1,True
EMP-248,Demo EMP-248,Sales,Sales Representative,Excel,Advanced,4,True
EMP-248,Demo EMP-248,Sales,Sales Representative,Communication,Beginner,3,True
EMP-249,Demo EMP-249,Research & Development,Laboratory Technician,PyTorch,Beginner,2,True
EMP-249,Demo EMP-249,Research & Development,Laboratory Technician,AWS,Intermediate,5,True
EMP-249,Demo EMP-249,Research & Development,Laboratory Technician,MLOps,Intermediate,2,True
EMP-249,Demo EMP-249,Research & Development,Laboratory Technician,RAG,Intermediate,4,True
EMP-250,Demo EMP-250,Research & Development,Manufacturing Director,SQL,Advanced,1,True
EMP-250,Demo EMP-250,Research & Development,Manufacturing Director,Research,Advanced,0,True
EMP-250,Demo EMP-250,Research & Development,Manufacturing Director,RAG,Intermediate,2,True
EMP-250,Demo EMP-250,Research & Development,Manufacturing Director,Python,Beginner,1,True
EMP-252,Demo EMP-252,Research & Development,Research Scientist,SQL,Beginner,1,True
EMP-252,Demo EMP-252,Research & Development,Research Scientist,MLOps,Beginner,1,True
EMP-252,Demo EMP-252,Research & Development,Research Scientist,Laboratory Methods,Beginner,2,True
EMP-252,Demo EMP-252,Research & Development,Research Scientist,Research,Advanced,0,True
EMP-253,Demo EMP-253,Research & Development,Manager,Python,Intermediate,3,True
EMP-253,Demo EMP-253,Research & Development,Manager,AWS,Intermediate,2,True
EMP-253,Demo EMP-253,Research & Development,Manager,SQL,Intermediate,5,True
EMP-253,Demo EMP-253,Research & Development,Manager,Laboratory Methods,Intermediate,5,True
EMP-254,Demo EMP-254,Research & Development,Research Director,MLOps,Beginner,2,True
EMP-254,Demo EMP-254,Research & Development,Research Director,RAG,Beginner,4,True
EMP-254,Demo EMP-254,Research & Development,Research Director,LLMs,Beginner,4,True
EMP-254,Demo EMP-254,Research & Development,Research Director,PyTorch,Advanced,1,True
EMP-256,Demo EMP-256,Research & Development,Manufacturing Director,LLMs,Intermediate,0,True
EMP-256,Demo EMP-256,Research & Development,Manufacturing Director,Machine Learning,Intermediate,4,True
EMP-256,Demo EMP-256,Research & Development,Manufacturing Director,MLOps,Intermediate,1,True
EMP-256,Demo EMP-256,Research & Development,Manufacturing Director,Laboratory Methods,Advanced,0,True
EMP-258,Demo EMP-258,Research & Development,Healthcare Representative,Machine Learning,Intermediate,2,True
EMP-258,Demo EMP-258,Research & Development,Healthcare Representative,LLMs,Intermediate,3,True
EMP-258,Demo EMP-258,Research & Development,Healthcare Representative,Research,Beginner,1,True
EMP-258,Demo EMP-258,Research & Development,Healthcare Representative,AWS,Intermediate,4,True
EMP-259,Demo EMP-259,Research & Development,Manager,Laboratory Methods,Beginner,2,True
EMP-259,Demo EMP-259,Research & Development,Manager,RAG,Beginner,1,True
EMP-259,Demo EMP-259,Research & Development,Manager,Docker,Intermediate,2,True
EMP-259,Demo EMP-259,Research & Development,Manager,Python,Beginner,5,True
EMP-260,Demo EMP-260,Research & Development,Research Scientist,RAG,Intermediate,0,True
EMP-260,Demo EMP-260,Research & Development,Research Scientist,Docker,Advanced,3,True
EMP-260,Demo EMP-260,Research & Development,Research Scientist,LLMs,Intermediate,5,True
EMP-260,Demo EMP-260,Research & Development,Research Scientist,Python,Intermediate,3,True
EMP-261,Demo EMP-261,Research & Development,Manufacturing Director,MLOps,Advanced,2,True
EMP-261,Demo EMP-261,Research & Development,Manufacturing Director,SQL,Intermediate,3,True
EMP-261,Demo EMP-261,Research & Development,Manufacturing Director,Python,Advanced,2,True
EMP-261,Demo EMP-261,Research & Development,Manufacturing Director,Docker,Intermediate,3,True
EMP-262,Demo EMP-262,Research & Development,Research Scientist,Machine Learning,Intermediate,2,True
EMP-262,Demo EMP-262,Research & Development,Research Scientist,Research,Intermediate,4,True
EMP-262,Demo EMP-262,Research & Development,Research Scientist,PyTorch,Beginner,1,True
EMP-262,Demo EMP-262,Research & Development,Research Scientist,SQL,Beginner,3,True
EMP-264,Demo EMP-264,Research & Development,Manager,Laboratory Methods,Intermediate,1,True
EMP-264,Demo EMP-264,Research & Development,Manager,Python,Intermediate,1,True
EMP-264,Demo EMP-264,Research & Development,Manager,SQL,Beginner,4,True
EMP-264,Demo EMP-264,Research & Development,Manager,AWS,Advanced,5,True
EMP-267,Demo EMP-267,Research & Development,Research Scientist,RAG,Beginner,4,True
EMP-267,Demo EMP-267,Research & Development,Research Scientist,MLOps,Beginner,1,True
EMP-267,Demo EMP-267,Research & Development,Research Scientist,SQL,Beginner,3,True
EMP-267,Demo EMP-267,Research & Development,Research Scientist,LLMs,Advanced,3,True
EMP-269,Demo EMP-269,Research & Development,Laboratory Technician,Python,Advanced,5,True
EMP-269,Demo EMP-269,Research & Development,Laboratory Technician,SQL,Beginner,2,True
EMP-269,Demo EMP-269,Research & Development,Laboratory Technician,LLMs,Advanced,3,True
EMP-269,Demo EMP-269,Research & Development,Laboratory Technician,AWS,Intermediate,5,True
EMP-270,Demo EMP-270,Research & Development,Manufacturing Director,PyTorch,Intermediate,5,True
EMP-270,Demo EMP-270,Research & Development,Manufacturing Director,Machine Learning,Intermediate,1,True
EMP-270,Demo EMP-270,Research & Development,Manufacturing Director,Laboratory Methods,Intermediate,0,True
EMP-270,Demo EMP-270,Research & Development,Manufacturing Director,RAG,Intermediate,3,True
EMP-271,Demo EMP-271,Research & Development,Manufacturing Director,RAG,Intermediate,2,True
EMP-271,Demo EMP-271,Research & Development,Manufacturing Director,LLMs,Beginner,2,True
EMP-271,Demo EMP-271,Research & Development,Manufacturing Director,Research,Advanced,1,True
EMP-271,Demo EMP-271,Research & Development,Manufacturing Director,Laboratory Methods,Intermediate,0,True
EMP-273,Demo EMP-273,Research & Development,Manufacturing Director,Python,Intermediate,0,True
EMP-273,Demo EMP-273,Research & Development,Manufacturing Director,Research,Intermediate,1,True
EMP-273,Demo EMP-273,Research & Development,Manufacturing Director,SQL,Beginner,4,True
EMP-273,Demo EMP-273,Research & Development,Manufacturing Director,MLOps,Beginner,0,True
EMP-274,Demo EMP-274,Research & Development,Manufacturing Director,LLMs,Intermediate,0,True
EMP-274,Demo EMP-274,Research & Development,Manufacturing Director,Python,Intermediate,4,True
EMP-274,Demo EMP-274,Research & Development,Manufacturing Director,AWS,Beginner,2,True
EMP-274,Demo EMP-274,Research & Development,Manufacturing Director,MLOps,Advanced,3,True
EMP-275,Demo EMP-275,Research & Development,Manufacturing Director,Docker,Intermediate,4,True
EMP-275,Demo EMP-275,Research & Development,Manufacturing Director,Python,Beginner,0,True
EMP-275,Demo EMP-275,Research & Development,Manufacturing Director,SQL,Intermediate,0,True
EMP-275,Demo EMP-275,Research & Development,Manufacturing Director,MLOps,Intermediate,4,True
EMP-277,Demo EMP-277,Research & Development,Research Scientist,LLMs,Intermediate,2,True
EMP-277,Demo EMP-277,Research & Development,Research Scientist,AWS,Beginner,4,True
EMP-277,Demo EMP-277,Research & Development,Research Scientist,MLOps,Intermediate,0,True
EMP-277,Demo EMP-277,Research & Development,Research Scientist,Laboratory Methods,Intermediate,2,True
EMP-281,Demo EMP-281,Research & Development,Laboratory Technician,LLMs,Intermediate,3,True
EMP-281,Demo EMP-281,Research & Development,Laboratory Technician,Machine Learning,Intermediate,4,True
EMP-281,Demo EMP-281,Research & Development,Laboratory Technician,Python,Beginner,5,True
EMP-281,Demo EMP-281,Research & Development,Laboratory Technician,RAG,Intermediate,2,True
EMP-282,Demo EMP-282,Research & Development,Healthcare Representative,SQL,Intermediate,2,True
EMP-282,Demo EMP-282,Research & Development,Healthcare Representative,Machine Learning,Beginner,0,True
EMP-282,Demo EMP-282,Research & Development,Healthcare Representative,LLMs,Advanced,4,True
EMP-282,Demo EMP-282,Research & Development,Healthcare Representative,Python,Beginner,3,True
EMP-283,Demo EMP-283,Sales,Sales Executive,Excel,Beginner,5,True
EMP-283,Demo EMP-283,Sales,Sales Executive,Sales,Advanced,4,True
EMP-283,Demo EMP-283,Sales,Sales Executive,SQL,Advanced,1,True
EMP-283,Demo EMP-283,Sales,Sales Executive,CRM,Intermediate,5,True
EMP-284,Demo EMP-284,Research & Development,Research Scientist,Research,Intermediate,3,True
EMP-284,Demo EMP-284,Research & Development,Research Scientist,Laboratory Methods,Intermediate,3,True
EMP-284,Demo EMP-284,Research & Development,Research Scientist,Python,Intermediate,0,True
EMP-284,Demo EMP-284,Research & Development,Research Scientist,Docker,Beginner,4,True
EMP-286,Demo EMP-286,Research & Development,Laboratory Technician,LLMs,Intermediate,5,True
EMP-286,Demo EMP-286,Research & Development,Laboratory Technician,Research,Intermediate,5,True
EMP-286,Demo EMP-286,Research & Development,Laboratory Technician,AWS,Intermediate,5,True
EMP-286,Demo EMP-286,Research & Development,Laboratory Technician,SQL,Beginner,1,True
EMP-287,Demo EMP-287,Research & Development,Healthcare Representative,RAG,Advanced,1,True
EMP-287,Demo EMP-287,Research & Development,Healthcare Representative,LLMs,Intermediate,1,True
EMP-287,Demo EMP-287,Research & Development,Healthcare Representative,Research,Beginner,5,True
EMP-287,Demo EMP-287,Research & Development,Healthcare Representative,Laboratory Methods,Intermediate,2,True
EMP-288,Demo EMP-288,Research & Development,Healthcare Representative,MLOps,Beginner,2,True
EMP-288,Demo EMP-288,Research & Development,Healthcare Representative,Research,Intermediate,0,True
EMP-288,Demo EMP-288,Research & Development,Healthcare Representative,SQL,Intermediate,1,True
EMP-288,Demo EMP-288,Research & Development,Healthcare Representative,Machine Learning,Intermediate,0,True
EMP-291,Demo EMP-291,Sales,Sales Executive,CRM,Intermediate,5,True
EMP-291,Demo EMP-291,Sales,Sales Executive,Excel,Advanced,0,True
EMP-291,Demo EMP-291,Sales,Sales Executive,SQL,Advanced,2,True
EMP-291,Demo EMP-291,Sales,Sales Executive,Sales,Intermediate,1,True
EMP-292,Demo EMP-292,Research & Development,Manufacturing Director,MLOps,Beginner,1,True
EMP-292,Demo EMP-292,Research & Development,Manufacturing Director,AWS,Beginner,4,True
EMP-292,Demo EMP-292,Research & Development,Manufacturing Director,Python,Beginner,2,True
EMP-292,Demo EMP-292,Research & Development,Manufacturing Director,PyTorch,Intermediate,0,True
EMP-293,Demo EMP-293,Sales,Sales Executive,SQL,Intermediate,0,True
EMP-293,Demo EMP-293,Sales,Sales Executive,Data Analysis,Intermediate,1,True
EMP-293,Demo EMP-293,Sales,Sales Executive,Excel,Beginner,3,True
EMP-293,Demo EMP-293,Sales,Sales Executive,CRM,Beginner,2,True
EMP-296,Demo EMP-296,Research & Development,Research Director,SQL,Intermediate,5,True
EMP-296,Demo EMP-296,Research & Development,Research Director,Research,Intermediate,3,True
EMP-296,Demo EMP-296,Research & Development,Research Director,RAG,Beginner,3,True
EMP-296,Demo EMP-296,Research & Development,Research Director,PyTorch,Intermediate,3,True
EMP-297,Demo EMP-297,Research & Development,Research Scientist,SQL,Beginner,5,True
EMP-297,Demo EMP-297,Research & Development,Research Scientist,PyTorch,Intermediate,1,True
EMP-297,Demo EMP-297,Research & Development,Research Scientist,MLOps,Beginner,4,True
EMP-297,Demo EMP-297,Research & Development,Research Scientist,Docker,Intermediate,3,True
EMP-298,Demo EMP-298,Sales,Manager,SQL,Intermediate,5,True
EMP-298,Demo EMP-298,Sales,Manager,CRM,Beginner,3,True
EMP-298,Demo EMP-298,Sales,Manager,Data Analysis,Intermediate,0,True
EMP-298,Demo EMP-298,Sales,Manager,Communication,Beginner,5,True
EMP-299,Demo EMP-299,Sales,Sales Executive,CRM,Advanced,2,True
EMP-299,Demo EMP-299,Sales,Sales Executive,Communication,Intermediate,0,True
EMP-299,Demo EMP-299,Sales,Sales Executive,Sales,Beginner,0,True
EMP-299,Demo EMP-299,Sales,Sales Executive,Data Analysis,Advanced,5,True
EMP-300,Demo EMP-300,Research & Development,Research Scientist,LLMs,Advanced,4,True
EMP-300,Demo EMP-300,Research & Development,Research Scientist,Python,Advanced,3,True
EMP-300,Demo EMP-300,Research & Development,Research Scientist,MLOps,Beginner,5,True
EMP-300,Demo EMP-300,Research & Development,Research Scientist,Machine Learning,Advanced,3,True
EMP-302,Demo EMP-302,Sales,Sales Executive,Sales,Intermediate,2,True
EMP-302,Demo EMP-302,Sales,Sales Executive,Communication,Advanced,1,True
EMP-302,Demo EMP-302,Sales,Sales Executive,Data Analysis,Intermediate,1,True
EMP-302,Demo EMP-302,Sales,Sales Executive,CRM,Beginner,2,True
EMP-303,Demo EMP-303,Sales,Sales Executive,Communication,Intermediate,2,True
EMP-303,Demo EMP-303,Sales,Sales Executive,CRM,Intermediate,1,True
EMP-303,Demo EMP-303,Sales,Sales Executive,Excel,Intermediate,1,True
EMP-303,Demo EMP-303,Sales,Sales Executive,Data Analysis,Intermediate,4,True
EMP-304,Demo EMP-304,Research & Development,Laboratory Technician,SQL,Advanced,1,True
EMP-304,Demo EMP-304,Research & Development,Laboratory Technician,Laboratory Methods,Intermediate,4,True
EMP-304,Demo EMP-304,Research & Development,Laboratory Technician,PyTorch,Intermediate,0,True
EMP-304,Demo EMP-304,Research & Development,Laboratory Technician,LLMs,Beginner,5,True
EMP-305,Demo EMP-305,Research & Development,Research Scientist,MLOps,Advanced,1,True
EMP-305,Demo EMP-305,Research & Development,Research Scientist,Docker,Intermediate,3,True
EMP-305,Demo EMP-305,Research & Development,Research Scientist,PyTorch,Intermediate,4,True
EMP-305,Demo EMP-305,Research & Development,Research Scientist,SQL,Intermediate,5,True
EMP-306,Demo EMP-306,Research & Development,Research Director,RAG,Intermediate,1,True
EMP-306,Demo EMP-306,Research & Development,Research Director,Laboratory Methods,Beginner,0,True
EMP-306,Demo EMP-306,Research & Development,Research Director,SQL,Beginner,5,True
EMP-306,Demo EMP-306,Research & Development,Research Director,LLMs,Beginner,5,True
EMP-307,Demo EMP-307,Sales,Sales Executive,Excel,Beginner,1,True
EMP-307,Demo EMP-307,Sales,Sales Executive,Sales,Intermediate,1,True
EMP-307,Demo EMP-307,Sales,Sales Executive,CRM,Intermediate,5,True
EMP-307,Demo EMP-307,Sales,Sales Executive,SQL,Intermediate,2,True
EMP-308,Demo EMP-308,Research & Development,Manufacturing Director,Python,Advanced,4,True
EMP-308,Demo EMP-308,Research & Development,Manufacturing Director,Docker,Advanced,0,True
EMP-308,Demo EMP-308,Research & Development,Manufacturing Director,Research,Intermediate,3,True
EMP-308,Demo EMP-308,Research & Development,Manufacturing Director,Machine Learning,Intermediate,0,True
EMP-309,Demo EMP-309,Research & Development,Research Scientist,Docker,Intermediate,0,True
EMP-309,Demo EMP-309,Research & Development,Research Scientist,MLOps,Advanced,4,True
EMP-309,Demo EMP-309,Research & Development,Research Scientist,Python,Intermediate,0,True
EMP-309,Demo EMP-309,Research & Development,Research Scientist,AWS,Beginner,5,True
EMP-311,Demo EMP-311,Sales,Sales Representative,SQL,Beginner,3,True
EMP-311,Demo EMP-311,Sales,Sales Representative,Data Analysis,Intermediate,4,True
EMP-311,Demo EMP-311,Sales,Sales Representative,Communication,Intermediate,4,True
EMP-311,Demo EMP-311,Sales,Sales Representative,Excel,Advanced,2,True
EMP-312,Demo EMP-312,Sales,Sales Executive,Communication,Intermediate,2,True
EMP-312,Demo EMP-312,Sales,Sales Executive,Sales,Intermediate,1,True
EMP-312,Demo EMP-312,Sales,Sales Executive,CRM,Intermediate,0,True
EMP-312,Demo EMP-312,Sales,Sales Executive,SQL,Beginner,5,True
EMP-314,Demo EMP-314,Sales,Sales Executive,Data Analysis,Intermediate,3,True
EMP-314,Demo EMP-314,Sales,Sales Executive,SQL,Beginner,2,True
EMP-314,Demo EMP-314,Sales,Sales Executive,Excel,Beginner,3,True
EMP-314,Demo EMP-314,Sales,Sales Executive,Communication,Intermediate,3,True
EMP-315,Demo EMP-315,Research & Development,Research Scientist,AWS,Advanced,0,True
EMP-315,Demo EMP-315,Research & Development,Research Scientist,RAG,Advanced,4,True
EMP-315,Demo EMP-315,Research & Development,Research Scientist,Laboratory Methods,Advanced,0,True
EMP-315,Demo EMP-315,Research & Development,Research Scientist,LLMs,Intermediate,0,True
EMP-316,Demo EMP-316,Research & Development,Laboratory Technician,Machine Learning,Advanced,1,True
EMP-316,Demo EMP-316,Research & Development,Laboratory Technician,RAG,Beginner,2,True
EMP-316,Demo EMP-316,Research & Development,Laboratory Technician,Laboratory Methods,Intermediate,3,True
EMP-316,Demo EMP-316,Research & Development,Laboratory Technician,SQL,Beginner,2,True
EMP-319,Demo EMP-319,Research & Development,Manager,Python,Beginner,0,True
EMP-319,Demo EMP-319,Research & Development,Manager,AWS,Beginner,3,True
EMP-319,Demo EMP-319,Research & Development,Manager,SQL,Advanced,1,True
EMP-319,Demo EMP-319,Research & Development,Manager,RAG,Beginner,5,True
EMP-321,Demo EMP-321,Human Resources,Human Resources,SQL,Beginner,2,True
EMP-321,Demo EMP-321,Human Resources,Human Resources,Excel,Beginner,4,True
EMP-321,Demo EMP-321,Human Resources,Human Resources,Data Analysis,Intermediate,5,True
EMP-321,Demo EMP-321,Human Resources,Human Resources,Project Management,Advanced,1,True
EMP-323,Demo EMP-323,Sales,Manager,SQL,Advanced,3,True
EMP-323,Demo EMP-323,Sales,Manager,Communication,Intermediate,5,True
EMP-323,Demo EMP-323,Sales,Manager,Data Analysis,Intermediate,4,True
EMP-323,Demo EMP-323,Sales,Manager,CRM,Intermediate,2,True
EMP-325,Demo EMP-325,Research & Development,Laboratory Technician,SQL,Beginner,4,True
EMP-325,Demo EMP-325,Research & Development,Laboratory Technician,LLMs,Beginner,0,True
EMP-325,Demo EMP-325,Research & Development,Laboratory Technician,Machine Learning,Intermediate,3,True
EMP-325,Demo EMP-325,Research & Development,Laboratory Technician,Laboratory Methods,Intermediate,2,True
EMP-327,Demo EMP-327,Sales,Manager,Sales,Beginner,5,True
EMP-327,Demo EMP-327,Sales,Manager,Communication,Intermediate,1,True
EMP-327,Demo EMP-327,Sales,Manager,SQL,Intermediate,2,True
EMP-327,Demo EMP-327,Sales,Manager,Data Analysis,Beginner,1,True
EMP-328,Demo EMP-328,Research & Development,Laboratory Technician,Machine Learning,Beginner,1,True
EMP-328,Demo EMP-328,Research & Development,Laboratory Technician,PyTorch,Intermediate,1,True
EMP-328,Demo EMP-328,Research & Development,Laboratory Technician,AWS,Intermediate,2,True
EMP-328,Demo EMP-328,Research & Development,Laboratory Technician,LLMs,Intermediate,5,True
EMP-329,Demo EMP-329,Sales,Manager,Communication,Intermediate,0,True
EMP-329,Demo EMP-329,Sales,Manager,Sales,Intermediate,5,True
EMP-329,Demo EMP-329,Sales,Manager,Excel,Beginner,4,True
EMP-329,Demo EMP-329,Sales,Manager,CRM,Intermediate,2,True
EMP-330,Demo EMP-330,Sales,Sales Representative,SQL,Beginner,3,True
EMP-330,Demo EMP-330,Sales,Sales Representative,Data Analysis,Intermediate,0,True
EMP-330,Demo EMP-330,Sales,Sales Representative,Excel,Intermediate,3,True
EMP-330,Demo EMP-330,Sales,Sales Representative,CRM,Advanced,3,True
EMP-331,Demo EMP-331,Research & Development,Laboratory Technician,LLMs,Advanced,0,True
EMP-331,Demo EMP-331,Research & Development,Laboratory Technician,Docker,Intermediate,0,True
EMP-331,Demo EMP-331,Research & Development,Laboratory Technician,AWS,Beginner,0,True
EMP-331,Demo EMP-331,Research & Development,Laboratory Technician,RAG,Intermediate,5,True
EMP-332,Demo EMP-332,Research & Development,Laboratory Technician,PyTorch,Beginner,4,True
EMP-332,Demo EMP-332,Research & Development,Laboratory Technician,Python,Beginner,2,True
EMP-332,Demo EMP-332,Research & Development,Laboratory Technician,AWS,Intermediate,5,True
EMP-332,Demo EMP-332,Research & Development,Laboratory Technician,Machine Learning,Beginner,1,True
EMP-333,Demo EMP-333,Sales,Sales Executive,Sales,Intermediate,3,True
EMP-333,Demo EMP-333,Sales,Sales Executive,Communication,Beginner,1,True
EMP-333,Demo EMP-333,Sales,Sales Executive,SQL,Intermediate,3,True
EMP-333,Demo EMP-333,Sales,Sales Executive,Data Analysis,Beginner,0,True
EMP-334,Demo EMP-334,Research & Development,Research Scientist,Research,Intermediate,2,True
EMP-334,Demo EMP-334,Research & Development,Research Scientist,MLOps,Intermediate,0,True
EMP-334,Demo EMP-334,Research & Development,Research Scientist,Laboratory Methods,Intermediate,1,True
EMP-334,Demo EMP-334,Research & Development,Research Scientist,Docker,Intermediate,1,True
EMP-335,Demo EMP-335,Research & Development,Research Scientist,LLMs,Intermediate,0,True
EMP-335,Demo EMP-335,Research & Development,Research Scientist,RAG,Intermediate,1,True
EMP-335,Demo EMP-335,Research & Development,Research Scientist,AWS,Beginner,1,True
EMP-335,Demo EMP-335,Research & Development,Research Scientist,Docker,Intermediate,1,True
EMP-336,Demo EMP-336,Research & Development,Manager,Laboratory Methods,Intermediate,0,True
EMP-336,Demo EMP-336,Research & Development,Manager,RAG,Beginner,1,True
EMP-336,Demo EMP-336,Research & Development,Manager,Docker,Advanced,1,True
EMP-336,Demo EMP-336,Research & Development,Manager,Research,Beginner,0,True
EMP-337,Demo EMP-337,Research & Development,Research Director,SQL,Intermediate,1,True
EMP-337,Demo EMP-337,Research & Development,Research Director,RAG,Beginner,4,True
EMP-337,Demo EMP-337,Research & Development,Research Director,LLMs,Intermediate,0,True
EMP-337,Demo EMP-337,Research & Development,Research Director,AWS,Advanced,4,True
EMP-338,Demo EMP-338,Research & Development,Research Scientist,PyTorch,Beginner,1,True
EMP-338,Demo EMP-338,Research & Development,Research Scientist,Research,Intermediate,5,True
EMP-338,Demo EMP-338,Research & Development,Research Scientist,Docker,Intermediate,1,True
EMP-338,Demo EMP-338,Research & Development,Research Scientist,LLMs,Beginner,5,True
EMP-339,Demo EMP-339,Research & Development,Manufacturing Director,AWS,Beginner,3,True
EMP-339,Demo EMP-339,Research & Development,Manufacturing Director,Laboratory Methods,Beginner,5,True
EMP-339,Demo EMP-339,Research & Development,Manufacturing Director,Python,Intermediate,4,True
EMP-339,Demo EMP-339,Research & Development,Manufacturing Director,Docker,Intermediate,2,True
EMP-340,Demo EMP-340,Research & Development,Research Scientist,RAG,Advanced,0,True
EMP-340,Demo EMP-340,Research & Development,Research Scientist,MLOps,Beginner,1,True
EMP-340,Demo EMP-340,Research & Development,Research Scientist,Python,Advanced,2,True
EMP-340,Demo EMP-340,Research & Development,Research Scientist,LLMs,Intermediate,5,True
EMP-341,Demo EMP-341,Research & Development,Manufacturing Director,Laboratory Methods,Intermediate,1,True
EMP-341,Demo EMP-341,Research & Development,Manufacturing Director,Machine Learning,Intermediate,2,True
EMP-341,Demo EMP-341,Research & Development,Manufacturing Director,LLMs,Intermediate,4,True
EMP-341,Demo EMP-341,Research & Development,Manufacturing Director,Docker,Intermediate,1,True
EMP-342,Demo EMP-342,Research & Development,Manufacturing Director,Laboratory Methods,Intermediate,0,True
EMP-342,Demo EMP-342,Research & Development,Manufacturing Director,AWS,Advanced,0,True
EMP-342,Demo EMP-342,Research & Development,Manufacturing Director,SQL,Beginner,1,True
EMP-342,Demo EMP-342,Research & Development,Manufacturing Director,Python,Beginner,0,True
EMP-343,Demo EMP-343,Research & Development,Healthcare Representative,Machine Learning,Intermediate,0,True
EMP-343,Demo EMP-343,Research & Development,Healthcare Representative,MLOps,Intermediate,0,True
EMP-343,Demo EMP-343,Research & Development,Healthcare Representative,Python,Intermediate,5,True
EMP-343,Demo EMP-343,Research & Development,Healthcare Representative,SQL,Beginner,2,True
EMP-346,Demo EMP-346,Research & Development,Research Scientist,LLMs,Beginner,1,True
EMP-346,Demo EMP-346,Research & Development,Research Scientist,SQL,Intermediate,3,True
EMP-346,Demo EMP-346,Research & Development,Research Scientist,Machine Learning,Intermediate,3,True
EMP-346,Demo EMP-346,Research & Development,Research Scientist,Research,Intermediate,2,True
EMP-347,Demo EMP-347,Research & Development,Research Scientist,Machine Learning,Beginner,5,True
EMP-347,Demo EMP-347,Research & Development,Research Scientist,AWS,Advanced,1,True
EMP-347,Demo EMP-347,Research & Development,Research Scientist,PyTorch,Intermediate,5,True
EMP-347,Demo EMP-347,Research & Development,Research Scientist,MLOps,Intermediate,5,True
EMP-349,Demo EMP-349,Sales,Sales Executive,Communication,Intermediate,1,True
EMP-349,Demo EMP-349,Sales,Sales Executive,Data Analysis,Beginner,5,True
EMP-349,Demo EMP-349,Sales,Sales Executive,Sales,Beginner,5,True
EMP-349,Demo EMP-349,Sales,Sales Executive,Excel,Beginner,4,True
EMP-350,Demo EMP-350,Research & Development,Manufacturing Director,Docker,Beginner,0,True
EMP-350,Demo EMP-350,Research & Development,Manufacturing Director,MLOps,Intermediate,4,True
EMP-350,Demo EMP-350,Research & Development,Manufacturing Director,Python,Intermediate,0,True
EMP-350,Demo EMP-350,Research & Development,Manufacturing Director,SQL,Intermediate,4,True
EMP-351,Demo EMP-351,Research & Development,Laboratory Technician,LLMs,Intermediate,5,True
EMP-351,Demo EMP-351,Research & Development,Laboratory Technician,MLOps,Intermediate,2,True
EMP-351,Demo EMP-351,Research & Development,Laboratory Technician,RAG,Intermediate,2,True
EMP-351,Demo EMP-351,Research & Development,Laboratory Technician,PyTorch,Advanced,2,True
EMP-352,Demo EMP-352,Research & Development,Research Director,MLOps,Intermediate,0,True
EMP-352,Demo EMP-352,Research & Development,Research Director,SQL,Intermediate,0,True
EMP-352,Demo EMP-352,Research & Development,Research Director,Python,Intermediate,4,True
EMP-352,Demo EMP-352,Research & Development,Research Director,Machine Learning,Intermediate,3,True
EMP-353,Demo EMP-353,Research & Development,Research Scientist,RAG,Intermediate,3,True
EMP-353,Demo EMP-353,Research & Development,Research Scientist,MLOps,Intermediate,4,True
EMP-353,Demo EMP-353,Research & Development,Research Scientist,SQL,Beginner,0,True
EMP-353,Demo EMP-353,Research & Development,Research Scientist,Docker,Intermediate,5,True
EMP-355,Demo EMP-355,Research & Development,Laboratory Technician,PyTorch,Beginner,0,True
EMP-355,Demo EMP-355,Research & Development,Laboratory Technician,Laboratory Methods,Advanced,4,True
EMP-355,Demo EMP-355,Research & Development,Laboratory Technician,RAG,Intermediate,5,True
EMP-355,Demo EMP-355,Research & Development,Laboratory Technician,Docker,Intermediate,3,True
EMP-359,Demo EMP-359,Research & Development,Laboratory Technician,RAG,Intermediate,3,True
EMP-359,Demo EMP-359,Research & Development,Laboratory Technician,Laboratory Methods,Beginner,4,True
EMP-359,Demo EMP-359,Research & Development,Laboratory Technician,AWS,Beginner,0,True
EMP-359,Demo EMP-359,Research & Development,Laboratory Technician,LLMs,Intermediate,5,True
EMP-361,Demo EMP-361,Sales,Sales Executive,CRM,Intermediate,0,True
EMP-361,Demo EMP-361,Sales,Sales Executive,Communication,Intermediate,4,True
EMP-361,Demo EMP-361,Sales,Sales Executive,Data Analysis,Intermediate,4,True
EMP-361,Demo EMP-361,Sales,Sales Executive,Excel,Beginner,4,True
EMP-362,Demo EMP-362,Research & Development,Laboratory Technician,Laboratory Methods,Advanced,0,True
EMP-362,Demo EMP-362,Research & Development,Laboratory Technician,Research,Advanced,3,True
EMP-362,Demo EMP-362,Research & Development,Laboratory Technician,LLMs,Intermediate,3,True
EMP-362,Demo EMP-362,Research & Development,Laboratory Technician,MLOps,Beginner,4,True
EMP-363,Demo EMP-363,Sales,Manager,CRM,Advanced,2,True
EMP-363,Demo EMP-363,Sales,Manager,Data Analysis,Beginner,4,True
EMP-363,Demo EMP-363,Sales,Manager,SQL,Beginner,3,True
EMP-363,Demo EMP-363,Sales,Manager,Excel,Advanced,5,True
EMP-364,Demo EMP-364,Research & Development,Laboratory Technician,Python,Beginner,2,True
EMP-364,Demo EMP-364,Research & Development,Laboratory Technician,MLOps,Beginner,4,True
EMP-364,Demo EMP-364,Research & Development,Laboratory Technician,RAG,Advanced,1,True
EMP-364,Demo EMP-364,Research & Development,Laboratory Technician,Research,Beginner,0,True
EMP-366,Demo EMP-366,Sales,Sales Executive,Excel,Intermediate,4,True
EMP-366,Demo EMP-366,Sales,Sales Executive,Communication,Intermediate,2,True
EMP-366,Demo EMP-366,Sales,Sales Executive,SQL,Advanced,2,True
EMP-366,Demo EMP-366,Sales,Sales Executive,Sales,Advanced,0,True
EMP-367,Demo EMP-367,Research & Development,Healthcare Representative,Python,Intermediate,3,True
EMP-367,Demo EMP-367,Research & Development,Healthcare Representative,Laboratory Methods,Intermediate,3,True
EMP-367,Demo EMP-367,Research & Development,Healthcare Representative,Research,Advanced,0,True
EMP-367,Demo EMP-367,Research & Development,Healthcare Representative,AWS,Intermediate,1,True
EMP-369,Demo EMP-369,Research & Development,Healthcare Representative,Research,Intermediate,0,True
EMP-369,Demo EMP-369,Research & Development,Healthcare Representative,SQL,Intermediate,2,True
EMP-369,Demo EMP-369,Research & Development,Healthcare Representative,PyTorch,Beginner,0,True
EMP-369,Demo EMP-369,Research & Development,Healthcare Representative,Docker,Intermediate,3,True
EMP-372,Demo EMP-372,Research & Development,Healthcare Representative,SQL,Intermediate,1,True
EMP-372,Demo EMP-372,Research & Development,Healthcare Representative,AWS,Intermediate,0,True
EMP-372,Demo EMP-372,Research & Development,Healthcare Representative,Python,Advanced,3,True
EMP-372,Demo EMP-372,Research & Development,Healthcare Representative,RAG,Beginner,3,True
EMP-373,Demo EMP-373,Research & Development,Laboratory Technician,Machine Learning,Beginner,4,True
EMP-373,Demo EMP-373,Research & Development,Laboratory Technician,Python,Intermediate,3,True
EMP-373,Demo EMP-373,Research & Development,Laboratory Technician,LLMs,Intermediate,1,True
EMP-373,Demo EMP-373,Research & Development,Laboratory Technician,AWS,Intermediate,3,True
EMP-374,Demo EMP-374,Research & Development,Manager,PyTorch,Advanced,3,True
EMP-374,Demo EMP-374,Research & Development,Manager,Python,Beginner,3,True
EMP-374,Demo EMP-374,Research & Development,Manager,Machine Learning,Intermediate,3,True
EMP-374,Demo EMP-374,Research & Development,Manager,RAG,Advanced,2,True
EMP-376,Demo EMP-376,Research & Development,Manager,RAG,Beginner,0,True
EMP-376,Demo EMP-376,Research & Development,Manager,SQL,Beginner,5,True
EMP-376,Demo EMP-376,Research & Development,Manager,Machine Learning,Advanced,2,True
EMP-376,Demo EMP-376,Research & Development,Manager,Docker,Beginner,0,True
EMP-377,Demo EMP-377,Research & Development,Research Scientist,Docker,Intermediate,0,True
EMP-377,Demo EMP-377,Research & Development,Research Scientist,Machine Learning,Intermediate,5,True
EMP-377,Demo EMP-377,Research & Development,Research Scientist,Python,Advanced,4,True
EMP-377,Demo EMP-377,Research & Development,Research Scientist,RAG,Intermediate,5,True
EMP-378,Demo EMP-378,Sales,Sales Executive,CRM,Intermediate,5,True
EMP-378,Demo EMP-378,Sales,Sales Executive,Sales,Advanced,5,True
EMP-378,Demo EMP-378,Sales,Sales Executive,SQL,Intermediate,5,True
EMP-378,Demo EMP-378,Sales,Sales Executive,Data Analysis,Intermediate,4,True
EMP-379,Demo EMP-379,Research & Development,Research Scientist,Docker,Beginner,3,True
EMP-379,Demo EMP-379,Research & Development,Research Scientist,RAG,Intermediate,0,True
EMP-379,Demo EMP-379,Research & Development,Research Scientist,Python,Advanced,2,True
EMP-379,Demo EMP-379,Research & Development,Research Scientist,LLMs,Advanced,3,True
EMP-380,Demo EMP-380,Research & Development,Research Director,Python,Beginner,2,True
EMP-380,Demo EMP-380,Research & Development,Research Director,MLOps,Advanced,5,True
EMP-380,Demo EMP-380,Research & Development,Research Director,PyTorch,Advanced,2,True
EMP-380,Demo EMP-380,Research & Development,Research Director,Machine Learning,Advanced,5,True
EMP-381,Demo EMP-381,Research & Development,Manager,LLMs,Intermediate,2,True
EMP-381,Demo EMP-381,Research & Development,Manager,Machine Learning,Intermediate,0,True
EMP-381,Demo EMP-381,Research & Development,Manager,AWS,Beginner,1,True
EMP-381,Demo EMP-381,Research & Development,Manager,Research,Beginner,3,True
EMP-382,Demo EMP-382,Sales,Sales Executive,CRM,Intermediate,1,True
EMP-382,Demo EMP-382,Sales,Sales Executive,SQL,Beginner,2,True
EMP-382,Demo EMP-382,Sales,Sales Executive,Communication,Advanced,2,True
EMP-382,Demo EMP-382,Sales,Sales Executive,Data Analysis,Intermediate,1,True
EMP-384,Demo EMP-384,Research & Development,Manufacturing Director,Research,Advanced,1,True
EMP-384,Demo EMP-384,Research & Development,Manufacturing Director,Docker,Intermediate,5,True
EMP-384,Demo EMP-384,Research & Development,Manufacturing Director,Laboratory Methods,Intermediate,4,True
EMP-384,Demo EMP-384,Research & Development,Manufacturing Director,AWS,Advanced,0,True
EMP-385,Demo EMP-385,Research & Development,Research Director,MLOps,Intermediate,5,True
EMP-385,Demo EMP-385,Research & Development,Research Director,RAG,Intermediate,5,True
EMP-385,Demo EMP-385,Research & Development,Research Director,SQL,Intermediate,3,True
EMP-385,Demo EMP-385,Research & Development,Research Director,Machine Learning,Beginner,0,True
EMP-386,Demo EMP-386,Research & Development,Research Director,Machine Learning,Intermediate,1,True
EMP-386,Demo EMP-386,Research & Development,Research Director,Docker,Advanced,2,True
EMP-386,Demo EMP-386,Research & Development,Research Director,MLOps,Beginner,5,True
EMP-386,Demo EMP-386,Research & Development,Research Director,RAG,Intermediate,2,True
EMP-387,Demo EMP-387,Sales,Sales Executive,Communication,Intermediate,1,True
EMP-387,Demo EMP-387,Sales,Sales Executive,Data Analysis,Intermediate,3,True
EMP-387,Demo EMP-387,Sales,Sales Executive,CRM,Intermediate,4,True
EMP-387,Demo EMP-387,Sales,Sales Executive,SQL,Intermediate,4,True
EMP-388,Demo EMP-388,Sales,Sales Executive,CRM,Intermediate,0,True
EMP-388,Demo EMP-388,Sales,Sales Executive,Sales,Beginner,4,True
EMP-388,Demo EMP-388,Sales,Sales Executive,Data Analysis,Beginner,4,True
EMP-388,Demo EMP-388,Sales,Sales Executive,SQL,Intermediate,1,True
EMP-389,Demo EMP-389,Research & Development,Laboratory Technician,LLMs,Advanced,1,True
EMP-389,Demo EMP-389,Research & Development,Laboratory Technician,Machine Learning,Advanced,5,True
EMP-389,Demo EMP-389,Research & Development,Laboratory Technician,RAG,Beginner,4,True
EMP-389,Demo EMP-389,Research & Development,Laboratory Technician,SQL,Beginner,4,True
EMP-390,Demo EMP-390,Research & Development,Healthcare Representative,MLOps,Intermediate,3,True
EMP-390,Demo EMP-390,Research & Development,Healthcare Representative,PyTorch,Advanced,3,True
EMP-390,Demo EMP-390,Research & Development,Healthcare Representative,Laboratory Methods,Intermediate,4,True
EMP-390,Demo EMP-390,Research & Development,Healthcare Representative,Research,Advanced,1,True
EMP-391,Demo EMP-391,Research & Development,Research Scientist,SQL,Beginner,1,True
EMP-391,Demo EMP-391,Research & Development,Research Scientist,PyTorch,Beginner,1,True
EMP-391,Demo EMP-391,Research & Development,Research Scientist,Docker,Advanced,5,True
EMP-391,Demo EMP-391,Research & Development,Research Scientist,Laboratory Methods,Intermediate,1,True
EMP-392,Demo EMP-392,Research & Development,Laboratory Technician,RAG,Advanced,3,True
EMP-392,Demo EMP-392,Research & Development,Laboratory Technician,Laboratory Methods,Intermediate,4,True
EMP-392,Demo EMP-392,Research & Development,Laboratory Technician,Python,Beginner,2,True
EMP-392,Demo EMP-392,Research & Development,Laboratory Technician,AWS,Intermediate,5,True
EMP-393,Demo EMP-393,Research & Development,Healthcare Representative,Docker,Beginner,4,True
EMP-393,Demo EMP-393,Research & Development,Healthcare Representative,SQL,Intermediate,1,True
EMP-393,Demo EMP-393,Research & Development,Healthcare Representative,Research,Intermediate,3,True
EMP-393,Demo EMP-393,Research & Development,Healthcare Representative,Machine Learning,Intermediate,1,True
EMP-394,Demo EMP-394,Research & Development,Laboratory Technician,LLMs,Beginner,3,True
EMP-394,Demo EMP-394,Research & Development,Laboratory Technician,Docker,Advanced,3,True
EMP-394,Demo EMP-394,Research & Development,Laboratory Technician,Python,Intermediate,1,True
EMP-394,Demo EMP-394,Research & Development,Laboratory Technician,SQL,Intermediate,2,True
EMP-395,Demo EMP-395,Research & Development,Research Scientist,SQL,Beginner,5,True
EMP-395,Demo EMP-395,Research & Development,Research Scientist,AWS,Intermediate,1,True
EMP-395,Demo EMP-395,Research & Development,Research Scientist,Machine Learning,Advanced,0,True
EMP-395,Demo EMP-395,Research & Development,Research Scientist,Docker,Advanced,0,True
EMP-396,Demo EMP-396,Research & Development,Research Director,PyTorch,Intermediate,4,True
EMP-396,Demo EMP-396,Research & Development,Research Director,MLOps,Intermediate,4,True
EMP-396,Demo EMP-396,Research & Development,Research Director,Research,Beginner,5,True
EMP-396,Demo EMP-396,Research & Development,Research Director,Laboratory Methods,Intermediate,0,True
EMP-397,Demo EMP-397,Research & Development,Research Scientist,Laboratory Methods,Advanced,4,True
EMP-397,Demo EMP-397,Research & Development,Research Scientist,Research,Beginner,5,True
EMP-397,Demo EMP-397,Research & Development,Research Scientist,Python,Intermediate,1,True
EMP-397,Demo EMP-397,Research & Development,Research Scientist,LLMs,Beginner,5,True
EMP-399,Demo EMP-399,Sales,Sales Representative,Sales,Beginner,3,True
EMP-399,Demo EMP-399,Sales,Sales Representative,Excel,Beginner,2,True
EMP-399,Demo EMP-399,Sales,Sales Representative,SQL,Beginner,0,True
EMP-399,Demo EMP-399,Sales,Sales Representative,Data Analysis,Intermediate,1,True
EMP-401,Demo EMP-401,Sales,Sales Executive,Communication,Intermediate,3,True
EMP-401,Demo EMP-401,Sales,Sales Executive,SQL,Intermediate,5,True
EMP-401,Demo EMP-401,Sales,Sales Executive,CRM,Advanced,4,True
EMP-401,Demo EMP-401,Sales,Sales Executive,Data Analysis,Intermediate,0,True
EMP-403,Demo EMP-403,Research & Development,Research Scientist,Research,Intermediate,3,True
EMP-403,Demo EMP-403,Research & Development,Research Scientist,Laboratory Methods,Intermediate,4,True
EMP-403,Demo EMP-403,Research & Development,Research Scientist,AWS,Advanced,4,True
EMP-403,Demo EMP-403,Research & Development,Research Scientist,SQL,Intermediate,3,True
EMP-404,Demo EMP-404,Sales,Sales Executive,CRM,Intermediate,3,True
EMP-404,Demo EMP-404,Sales,Sales Executive,Excel,Beginner,4,True
EMP-404,Demo EMP-404,Sales,Sales Executive,SQL,Beginner,0,True
EMP-404,Demo EMP-404,Sales,Sales Executive,Sales,Advanced,0,True
EMP-405,Demo EMP-405,Research & Development,Laboratory Technician,Python,Beginner,3,True
EMP-405,Demo EMP-405,Research & Development,Laboratory Technician,RAG,Intermediate,1,True
EMP-405,Demo EMP-405,Research & Development,Laboratory Technician,SQL,Advanced,2,True
EMP-405,Demo EMP-405,Research & Development,Laboratory Technician,Docker,Beginner,4,True
EMP-406,Demo EMP-406,Sales,Sales Executive,Excel,Intermediate,0,True
EMP-406,Demo EMP-406,Sales,Sales Executive,SQL,Beginner,2,True
EMP-406,Demo EMP-406,Sales,Sales Executive,Sales,Advanced,3,True
EMP-406,Demo EMP-406,Sales,Sales Executive,Communication,Beginner,4,True
EMP-407,Demo EMP-407,Research & Development,Laboratory Technician,Research,Intermediate,4,True
EMP-407,Demo EMP-407,Research & Development,Laboratory Technician,RAG,Intermediate,2,True
EMP-407,Demo EMP-407,Research & Development,Laboratory Technician,LLMs,Intermediate,1,True
EMP-407,Demo EMP-407,Research & Development,Laboratory Technician,Docker,Beginner,1,True
EMP-408,Demo EMP-408,Research & Development,Manufacturing Director,LLMs,Beginner,2,True
EMP-408,Demo EMP-408,Research & Development,Manufacturing Director,Docker,Beginner,3,True
EMP-408,Demo EMP-408,Research & Development,Manufacturing Director,RAG,Beginner,0,True
EMP-408,Demo EMP-408,Research & Development,Manufacturing Director,PyTorch,Intermediate,4,True
EMP-410,Demo EMP-410,Sales,Manager,Excel,Intermediate,1,True
EMP-410,Demo EMP-410,Sales,Manager,CRM,Advanced,2,True
EMP-410,Demo EMP-410,Sales,Manager,Data Analysis,Intermediate,3,True
EMP-410,Demo EMP-410,Sales,Manager,SQL,Intermediate,0,True
EMP-411,Demo EMP-411,Sales,Sales Representative,SQL,Beginner,2,True
EMP-411,Demo EMP-411,Sales,Sales Representative,Data Analysis,Beginner,2,True
EMP-411,Demo EMP-411,Sales,Sales Representative,CRM,Intermediate,3,True
EMP-411,Demo EMP-411,Sales,Sales Representative,Excel,Advanced,3,True
EMP-412,Demo EMP-412,Research & Development,Healthcare Representative,MLOps,Beginner,0,True
EMP-412,Demo EMP-412,Research & Development,Healthcare Representative,SQL,Beginner,5,True
EMP-412,Demo EMP-412,Research & Development,Healthcare Representative,Python,Beginner,1,True
EMP-412,Demo EMP-412,Research & Development,Healthcare Representative,Docker,Intermediate,1,True
EMP-416,Demo EMP-416,Sales,Sales Executive,Excel,Intermediate,1,True
EMP-416,Demo EMP-416,Sales,Sales Executive,Sales,Intermediate,1,True
EMP-416,Demo EMP-416,Sales,Sales Executive,Communication,Beginner,2,True
EMP-416,Demo EMP-416,Sales,Sales Executive,CRM,Advanced,0,True
EMP-417,Demo EMP-417,Research & Development,Healthcare Representative,MLOps,Intermediate,5,True
EMP-417,Demo EMP-417,Research & Development,Healthcare Representative,Python,Intermediate,3,True
EMP-417,Demo EMP-417,Research & Development,Healthcare Representative,SQL,Beginner,5,True
EMP-417,Demo EMP-417,Research & Development,Healthcare Representative,PyTorch,Advanced,2,True
EMP-419,Demo EMP-419,Research & Development,Laboratory Technician,Research,Advanced,1,True
EMP-419,Demo EMP-419,Research & Development,Laboratory Technician,Docker,Advanced,0,True
EMP-419,Demo EMP-419,Research & Development,Laboratory Technician,SQL,Intermediate,4,True
EMP-419,Demo EMP-419,Research & Development,Laboratory Technician,MLOps,Advanced,3,True
EMP-420,Demo EMP-420,Sales,Sales Executive,CRM,Beginner,4,True
EMP-420,Demo EMP-420,Sales,Sales Executive,Excel,Intermediate,0,True
EMP-420,Demo EMP-420,Sales,Sales Executive,Communication,Intermediate,4,True
EMP-420,Demo EMP-420,Sales,Sales Executive,Sales,Beginner,4,True
EMP-421,Demo EMP-421,Research & Development,Research Director,AWS,Advanced,3,True
EMP-421,Demo EMP-421,Research & Development,Research Director,Machine Learning,Beginner,0,True
EMP-421,Demo EMP-421,Research & Development,Research Director,Laboratory Methods,Intermediate,3,True
EMP-421,Demo EMP-421,Research & Development,Research Director,SQL,Intermediate,0,True
EMP-422,Demo EMP-422,Research & Development,Healthcare Representative,RAG,Intermediate,4,True
EMP-422,Demo EMP-422,Research & Development,Healthcare Representative,Machine Learning,Beginner,5,True
EMP-422,Demo EMP-422,Research & Development,Healthcare Representative,Research,Advanced,3,True
EMP-422,Demo EMP-422,Research & Development,Healthcare Representative,Docker,Intermediate,4,True
EMP-423,Demo EMP-423,Research & Development,Research Scientist,Docker,Beginner,0,True
EMP-423,Demo EMP-423,Research & Development,Research Scientist,MLOps,Beginner,5,True
EMP-423,Demo EMP-423,Research & Development,Research Scientist,Laboratory Methods,Advanced,5,True
EMP-423,Demo EMP-423,Research & Development,Research Scientist,PyTorch,Beginner,1,True
EMP-424,Demo EMP-424,Human Resources,Human Resources,Project Management,Advanced,5,True
EMP-424,Demo EMP-424,Human Resources,Human Resources,Communication,Beginner,0,True
EMP-424,Demo EMP-424,Human Resources,Human Resources,SQL,Beginner,4,True
EMP-424,Demo EMP-424,Human Resources,Human Resources,Excel,Advanced,4,True
EMP-425,Demo EMP-425,Research & Development,Laboratory Technician,PyTorch,Beginner,4,True
EMP-425,Demo EMP-425,Research & Development,Laboratory Technician,MLOps,Intermediate,5,True
EMP-425,Demo EMP-425,Research & Development,Laboratory Technician,SQL,Advanced,5,True
EMP-425,Demo EMP-425,Research & Development,Laboratory Technician,RAG,Intermediate,0,True
EMP-426,Demo EMP-426,Research & Development,Research Scientist,Laboratory Methods,Intermediate,1,True
EMP-426,Demo EMP-426,Research & Development,Research Scientist,LLMs,Beginner,1,True
EMP-426,Demo EMP-426,Research & Development,Research Scientist,Python,Intermediate,2,True
EMP-426,Demo EMP-426,Research & Development,Research Scientist,Machine Learning,Beginner,1,True
EMP-428,Demo EMP-428,Research & Development,Manager,LLMs,Intermediate,1,True
EMP-428,Demo EMP-428,Research & Development,Manager,AWS,Advanced,4,True
EMP-428,Demo EMP-428,Research & Development,Manager,MLOps,Intermediate,4,True
EMP-428,Demo EMP-428,Research & Development,Manager,RAG,Beginner,1,True
EMP-429,Demo EMP-429,Research & Development,Manager,AWS,Intermediate,0,True
EMP-429,Demo EMP-429,Research & Development,Manager,Python,Beginner,1,True
EMP-429,Demo EMP-429,Research & Development,Manager,LLMs,Intermediate,3,True
EMP-429,Demo EMP-429,Research & Development,Manager,SQL,Advanced,0,True
EMP-430,Demo EMP-430,Research & Development,Laboratory Technician,AWS,Intermediate,0,True
EMP-430,Demo EMP-430,Research & Development,Laboratory Technician,Laboratory Methods,Advanced,1,True
EMP-430,Demo EMP-430,Research & Development,Laboratory Technician,Machine Learning,Beginner,3,True
EMP-430,Demo EMP-430,Research & Development,Laboratory Technician,LLMs,Intermediate,4,True
EMP-431,Demo EMP-431,Research & Development,Healthcare Representative,Machine Learning,Intermediate,4,True
EMP-431,Demo EMP-431,Research & Development,Healthcare Representative,Laboratory Methods,Beginner,1,True
EMP-431,Demo EMP-431,Research & Development,Healthcare Representative,AWS,Intermediate,0,True
EMP-431,Demo EMP-431,Research & Development,Healthcare Representative,PyTorch,Beginner,1,True
EMP-433,Demo EMP-433,Research & Development,Research Scientist,Research,Intermediate,4,True
EMP-433,Demo EMP-433,Research & Development,Research Scientist,MLOps,Beginner,5,True
EMP-433,Demo EMP-433,Research & Development,Research Scientist,RAG,Intermediate,2,True
EMP-433,Demo EMP-433,Research & Development,Research Scientist,Laboratory Methods,Intermediate,1,True
EMP-434,Demo EMP-434,Research & Development,Research Scientist,LLMs,Beginner,1,True
EMP-434,Demo EMP-434,Research & Development,Research Scientist,Research,Beginner,5,True
EMP-434,Demo EMP-434,Research & Development,Research Scientist,Docker,Intermediate,5,True
EMP-434,Demo EMP-434,Research & Development,Research Scientist,Machine Learning,Intermediate,2,True
EMP-436,Demo EMP-436,Sales,Sales Executive,Sales,Advanced,0,True
EMP-436,Demo EMP-436,Sales,Sales Executive,Excel,Intermediate,4,True
EMP-436,Demo EMP-436,Sales,Sales Executive,Communication,Beginner,1,True
EMP-436,Demo EMP-436,Sales,Sales Executive,CRM,Intermediate,1,True
EMP-437,Demo EMP-437,Sales,Sales Executive,CRM,Intermediate,2,True
EMP-437,Demo EMP-437,Sales,Sales Executive,Excel,Advanced,1,True
EMP-437,Demo EMP-437,Sales,Sales Executive,Communication,Intermediate,2,True
EMP-437,Demo EMP-437,Sales,Sales Executive,Data Analysis,Advanced,4,True
EMP-438,Demo EMP-438,Sales,Sales Executive,Excel,Intermediate,3,True
EMP-438,Demo EMP-438,Sales,Sales Executive,SQL,Intermediate,3,True
EMP-438,Demo EMP-438,Sales,Sales Executive,Data Analysis,Intermediate,1,True
EMP-438,Demo EMP-438,Sales,Sales Executive,Sales,Beginner,0,True
EMP-439,Demo EMP-439,Research & Development,Research Scientist,Laboratory Methods,Advanced,1,True
EMP-439,Demo EMP-439,Research & Development,Research Scientist,RAG,Intermediate,0,True
EMP-439,Demo EMP-439,Research & Development,Research Scientist,Machine Learning,Intermediate,2,True
EMP-439,Demo EMP-439,Research & Development,Research Scientist,Docker,Beginner,0,True
EMP-440,Demo EMP-440,Research & Development,Research Scientist,PyTorch,Advanced,3,True
EMP-440,Demo EMP-440,Research & Development,Research Scientist,RAG,Advanced,4,True
EMP-440,Demo EMP-440,Research & Development,Research Scientist,Python,Advanced,3,True
EMP-440,Demo EMP-440,Research & Development,Research Scientist,LLMs,Intermediate,2,True
EMP-441,Demo EMP-441,Research & Development,Research Scientist,LLMs,Intermediate,0,True
EMP-441,Demo EMP-441,Research & Development,Research Scientist,MLOps,Intermediate,4,True
EMP-441,Demo EMP-441,Research & Development,Research Scientist,Machine Learning,Intermediate,4,True
EMP-441,Demo EMP-441,Research & Development,Research Scientist,Python,Beginner,2,True
EMP-442,Demo EMP-442,Research & Development,Manufacturing Director,PyTorch,Advanced,1,True
EMP-442,Demo EMP-442,Research & Development,Manufacturing Director,LLMs,Advanced,5,True
EMP-442,Demo EMP-442,Research & Development,Manufacturing Director,Docker,Intermediate,5,True
EMP-442,Demo EMP-442,Research & Development,Manufacturing Director,AWS,Beginner,0,True
EMP-444,Demo EMP-444,Research & Development,Manager,Docker,Beginner,5,True
EMP-444,Demo EMP-444,Research & Development,Manager,PyTorch,Advanced,4,True
EMP-444,Demo EMP-444,Research & Development,Manager,Research,Intermediate,4,True
EMP-444,Demo EMP-444,Research & Development,Manager,Machine Learning,Intermediate,3,True
EMP-445,Demo EMP-445,Sales,Sales Executive,SQL,Intermediate,4,True
EMP-445,Demo EMP-445,Sales,Sales Executive,Excel,Intermediate,1,True
EMP-445,Demo EMP-445,Sales,Sales Executive,Communication,Intermediate,0,True
EMP-445,Demo EMP-445,Sales,Sales Executive,Sales,Intermediate,2,True
EMP-446,Demo EMP-446,Sales,Sales Executive,Data Analysis,Beginner,1,True
EMP-446,Demo EMP-446,Sales,Sales Executive,SQL,Intermediate,4,True
EMP-446,Demo EMP-446,Sales,Sales Executive,Sales,Intermediate,1,True
EMP-446,Demo EMP-446,Sales,Sales Executive,Communication,Beginner,4,True
EMP-447,Demo EMP-447,Research & Development,Research Director,Research,Advanced,0,True
EMP-447,Demo EMP-447,Research & Development,Research Director,LLMs,Advanced,2,True
EMP-447,Demo EMP-447,Research & Development,Research Director,Machine Learning,Beginner,4,True
EMP-447,Demo EMP-447,Research & Development,Research Director,SQL,Intermediate,0,True
EMP-448,Demo EMP-448,Research & Development,Laboratory Technician,Docker,Intermediate,4,True
EMP-448,Demo EMP-448,Research & Development,Laboratory Technician,Laboratory Methods,Intermediate,3,True
EMP-448,Demo EMP-448,Research & Development,Laboratory Technician,RAG,Advanced,1,True
EMP-448,Demo EMP-448,Research & Development,Laboratory Technician,LLMs,Beginner,1,True
EMP-449,Demo EMP-449,Sales,Sales Executive,Sales,Advanced,1,True
EMP-449,Demo EMP-449,Sales,Sales Executive,CRM,Beginner,1,True
EMP-449,Demo EMP-449,Sales,Sales Executive,Excel,Intermediate,1,True
EMP-449,Demo EMP-449,Sales,Sales Executive,SQL,Beginner,2,True
EMP-450,Demo EMP-450,Research & Development,Research Scientist,RAG,Advanced,0,True
EMP-450,Demo EMP-450,Research & Development,Research Scientist,SQL,Intermediate,4,True
EMP-450,Demo EMP-450,Research & Development,Research Scientist,Research,Advanced,5,True
EMP-450,Demo EMP-450,Research & Development,Research Scientist,PyTorch,Beginner,0,True
EMP-451,Demo EMP-451,Research & Development,Healthcare Representative,Python,Beginner,3,True
EMP-451,Demo EMP-451,Research & Development,Healthcare Representative,Research,Intermediate,0,True
EMP-451,Demo EMP-451,Research & Development,Healthcare Representative,LLMs,Advanced,3,True
EMP-451,Demo EMP-451,Research & Development,Healthcare Representative,Docker,Intermediate,4,True
EMP-452,Demo EMP-452,Research & Development,Research Scientist,MLOps,Intermediate,5,True
EMP-452,Demo EMP-452,Research & Development,Research Scientist,Laboratory Methods,Beginner,0,True
EMP-452,Demo EMP-452,Research & Development,Research Scientist,RAG,Advanced,3,True
EMP-452,Demo EMP-452,Research & Development,Research Scientist,AWS,Beginner,4,True
EMP-453,Demo EMP-453,Sales,Sales Executive,SQL,Intermediate,0,True
EMP-453,Demo EMP-453,Sales,Sales Executive,Communication,Beginner,5,True
EMP-453,Demo EMP-453,Sales,Sales Executive,Sales,Beginner,1,True
EMP-453,Demo EMP-453,Sales,Sales Executive,CRM,Beginner,1,True
EMP-454,Demo EMP-454,Research & Development,Laboratory Technician,MLOps,Intermediate,2,True
EMP-454,Demo EMP-454,Research & Development,Laboratory Technician,Laboratory Methods,Beginner,3,True
EMP-454,Demo EMP-454,Research & Development,Laboratory Technician,RAG,Advanced,0,True
EMP-454,Demo EMP-454,Research & Development,Laboratory Technician,SQL,Intermediate,1,True
EMP-455,Demo EMP-455,Research & Development,Laboratory Technician,MLOps,Intermediate,0,True
EMP-455,Demo EMP-455,Research & Development,Laboratory Technician,Research,Beginner,0,True
EMP-455,Demo EMP-455,Research & Development,Laboratory Technician,AWS,Beginner,5,True
EMP-455,Demo EMP-455,Research & Development,Laboratory Technician,Laboratory Methods,Intermediate,0,True
EMP-456,Demo EMP-456,Sales,Sales Executive,Sales,Intermediate,0,True
EMP-456,Demo EMP-456,Sales,Sales Executive,Data Analysis,Intermediate,3,True
EMP-456,Demo EMP-456,Sales,Sales Executive,Excel,Beginner,0,True
EMP-456,Demo EMP-456,Sales,Sales Executive,Communication,Intermediate,5,True
EMP-458,Demo EMP-458,Sales,Sales Executive,Data Analysis,Beginner,4,True
EMP-458,Demo EMP-458,Sales,Sales Executive,Excel,Intermediate,4,True
EMP-458,Demo EMP-458,Sales,Sales Executive,Sales,Beginner,1,True
EMP-458,Demo EMP-458,Sales,Sales Executive,Communication,Intermediate,3,True
EMP-460,Demo EMP-460,Research & Development,Manufacturing Director,Machine Learning,Beginner,0,True
EMP-460,Demo EMP-460,Research & Development,Manufacturing Director,Research,Beginner,2,True
EMP-460,Demo EMP-460,Research & Development,Manufacturing Director,PyTorch,Beginner,5,True
EMP-460,Demo EMP-460,Research & Development,Manufacturing Director,SQL,Intermediate,4,True
EMP-461,Demo EMP-461,Research & Development,Research Director,Machine Learning,Beginner,0,True
EMP-461,Demo EMP-461,Research & Development,Research Director,LLMs,Intermediate,0,True
EMP-461,Demo EMP-461,Research & Development,Research Director,Research,Intermediate,1,True
EMP-461,Demo EMP-461,Research & Development,Research Director,AWS,Advanced,4,True
EMP-462,Demo EMP-462,Research & Development,Manufacturing Director,Research,Intermediate,1,True
EMP-462,Demo EMP-462,Research & Development,Manufacturing Director,Machine Learning,Beginner,1,True
EMP-462,Demo EMP-462,Research & Development,Manufacturing Director,RAG,Beginner,4,True
EMP-462,Demo EMP-462,Research & Development,Manufacturing Director,SQL,Intermediate,1,True
EMP-463,Demo EMP-463,Sales,Sales Executive,Data Analysis,Beginner,0,True
EMP-463,Demo EMP-463,Sales,Sales Executive,Sales,Intermediate,2,True
EMP-463,Demo EMP-463,Sales,Sales Executive,Communication,Beginner,2,True
EMP-463,Demo EMP-463,Sales,Sales Executive,CRM,Intermediate,1,True
EMP-464,Demo EMP-464,Research & Development,Manufacturing Director,AWS,Intermediate,3,True
EMP-464,Demo EMP-464,Research & Development,Manufacturing Director,Machine Learning,Intermediate,3,True
EMP-464,Demo EMP-464,Research & Development,Manufacturing Director,PyTorch,Advanced,4,True
EMP-464,Demo EMP-464,Research & Development,Manufacturing Director,SQL,Intermediate,2,True
EMP-465,Demo EMP-465,Research & Development,Research Scientist,Research,Beginner,0,True
EMP-465,Demo EMP-465,Research & Development,Research Scientist,PyTorch,Beginner,1,True
EMP-465,Demo EMP-465,Research & Development,Research Scientist,SQL,Beginner,5,True
EMP-465,Demo EMP-465,Research & Development,Research Scientist,RAG,Intermediate,3,True
EMP-466,Demo EMP-466,Research & Development,Manufacturing Director,Python,Intermediate,2,True
EMP-466,Demo EMP-466,Research & Development,Manufacturing Director,Research,Intermediate,3,True
EMP-466,Demo EMP-466,Research & Development,Manufacturing Director,PyTorch,Intermediate,2,True
EMP-466,Demo EMP-466,Research & Development,Manufacturing Director,SQL,Advanced,2,True
EMP-467,Demo EMP-467,Sales,Sales Representative,Communication,Advanced,2,True
EMP-467,Demo EMP-467,Sales,Sales Representative,Data Analysis,Beginner,1,True
EMP-467,Demo EMP-467,Sales,Sales Representative,Excel,Advanced,0,True
EMP-467,Demo EMP-467,Sales,Sales Representative,SQL,Beginner,4,True
EMP-468,Demo EMP-468,Research & Development,Research Director,Machine Learning,Advanced,0,True
EMP-468,Demo EMP-468,Research & Development,Research Director,MLOps,Advanced,3,True
EMP-468,Demo EMP-468,Research & Development,Research Director,Research,Intermediate,3,True
EMP-468,Demo EMP-468,Research & Development,Research Director,Python,Beginner,2,True
EMP-469,Demo EMP-469,Sales,Sales Executive,SQL,Intermediate,1,True
EMP-469,Demo EMP-469,Sales,Sales Executive,Data Analysis,Intermediate,0,True
EMP-469,Demo EMP-469,Sales,Sales Executive,Communication,Intermediate,0,True
EMP-469,Demo EMP-469,Sales,Sales Executive,Sales,Intermediate,4,True
EMP-470,Demo EMP-470,Human Resources,Human Resources,SQL,Beginner,3,True
EMP-470,Demo EMP-470,Human Resources,Human Resources,Project Management,Advanced,2,True
EMP-470,Demo EMP-470,Human Resources,Human Resources,Data Analysis,Beginner,1,True
EMP-470,Demo EMP-470,Human Resources,Human Resources,Excel,Beginner,2,True
EMP-471,Demo EMP-471,Research & Development,Laboratory Technician,Machine Learning,Beginner,5,True
EMP-471,Demo EMP-471,Research & Development,Laboratory Technician,Research,Intermediate,3,True
EMP-471,Demo EMP-471,Research & Development,Laboratory Technician,SQL,Advanced,2,True
EMP-471,Demo EMP-471,Research & Development,Laboratory Technician,PyTorch,Beginner,0,True
EMP-473,Demo EMP-473,Sales,Manager,SQL,Intermediate,3,True
EMP-473,Demo EMP-473,Sales,Manager,Excel,Intermediate,5,True
EMP-473,Demo EMP-473,Sales,Manager,Data Analysis,Beginner,0,True
EMP-473,Demo EMP-473,Sales,Manager,Communication,Beginner,0,True
EMP-474,Demo EMP-474,Research & Development,Research Scientist,Machine Learning,Intermediate,3,True
EMP-474,Demo EMP-474,Research & Development,Research Scientist,RAG,Intermediate,4,True
EMP-474,Demo EMP-474,Research & Development,Research Scientist,PyTorch,Intermediate,1,True
EMP-474,Demo EMP-474,Research & Development,Research Scientist,SQL,Intermediate,2,True
EMP-475,Demo EMP-475,Sales,Sales Executive,CRM,Intermediate,4,True
EMP-475,Demo EMP-475,Sales,Sales Executive,SQL,Beginner,2,True
EMP-475,Demo EMP-475,Sales,Sales Executive,Excel,Advanced,2,True
EMP-475,Demo EMP-475,Sales,Sales Executive,Sales,Beginner,5,True
EMP-476,Demo EMP-476,Sales,Sales Executive,Sales,Beginner,3,True
EMP-476,Demo EMP-476,Sales,Sales Executive,Excel,Intermediate,5,True
EMP-476,Demo EMP-476,Sales,Sales Executive,Communication,Advanced,0,True
EMP-476,Demo EMP-476,Sales,Sales Executive,Data Analysis,Advanced,1,True
EMP-477,Demo EMP-477,Research & Development,Healthcare Representative,Research,Intermediate,4,True
EMP-477,Demo EMP-477,Research & Development,Healthcare Representative,AWS,Advanced,3,True
EMP-477,Demo EMP-477,Research & Development,Healthcare Representative,PyTorch,Beginner,2,True
EMP-477,Demo EMP-477,Research & Development,Healthcare Representative,Docker,Beginner,2,True
EMP-478,Demo EMP-478,Sales,Sales Representative,Data Analysis,Advanced,5,True
EMP-478,Demo EMP-478,Sales,Sales Representative,Sales,Beginner,0,True
EMP-478,Demo EMP-478,Sales,Sales Representative,SQL,Intermediate,2,True
EMP-478,Demo EMP-478,Sales,Sales Representative,Excel,Beginner,3,True
EMP-479,Demo EMP-479,Sales,Sales Executive,Communication,Advanced,5,True
EMP-479,Demo EMP-479,Sales,Sales Executive,CRM,Intermediate,2,True
EMP-479,Demo EMP-479,Sales,Sales Executive,Excel,Intermediate,1,True
EMP-479,Demo EMP-479,Sales,Sales Executive,SQL,Beginner,4,True
EMP-481,Demo EMP-481,Sales,Sales Executive,Communication,Beginner,3,True
EMP-481,Demo EMP-481,Sales,Sales Executive,CRM,Intermediate,1,True
EMP-481,Demo EMP-481,Sales,Sales Executive,SQL,Intermediate,4,True
EMP-481,Demo EMP-481,Sales,Sales Executive,Sales,Advanced,0,True
EMP-482,Demo EMP-482,Research & Development,Healthcare Representative,RAG,Beginner,2,True
EMP-482,Demo EMP-482,Research & Development,Healthcare Representative,Machine Learning,Intermediate,4,True
EMP-482,Demo EMP-482,Research & Development,Healthcare Representative,PyTorch,Advanced,0,True
EMP-482,Demo EMP-482,Research & Development,Healthcare Representative,MLOps,Advanced,2,True
EMP-483,Demo EMP-483,Research & Development,Laboratory Technician,Docker,Beginner,4,True
EMP-483,Demo EMP-483,Research & Development,Laboratory Technician,AWS,Intermediate,0,True
EMP-483,Demo EMP-483,Research & Development,Laboratory Technician,SQL,Intermediate,2,True
EMP-483,Demo EMP-483,Research & Development,Laboratory Technician,LLMs,Beginner,1,True
EMP-484,Demo EMP-484,Sales,Sales Representative,Excel,Intermediate,0,True
EMP-484,Demo EMP-484,Sales,Sales Representative,Data Analysis,Advanced,0,True
EMP-484,Demo EMP-484,Sales,Sales Representative,CRM,Intermediate,2,True
EMP-484,Demo EMP-484,Sales,Sales Representative,Communication,Intermediate,1,True
EMP-485,Demo EMP-485,Sales,Sales Representative,Sales,Beginner,0,True
EMP-485,Demo EMP-485,Sales,Sales Representative,SQL,Advanced,0,True
EMP-485,Demo EMP-485,Sales,Sales Representative,Communication,Intermediate,1,True
EMP-485,Demo EMP-485,Sales,Sales Representative,Data Analysis,Advanced,5,True
EMP-486,Demo EMP-486,Research & Development,Laboratory Technician,Laboratory Methods,Beginner,4,True
EMP-486,Demo EMP-486,Research & Development,Laboratory Technician,Python,Beginner,4,True
EMP-486,Demo EMP-486,Research & Development,Laboratory Technician,Research,Intermediate,4,True
EMP-486,Demo EMP-486,Research & Development,Laboratory Technician,AWS,Intermediate,2,True
EMP-487,Demo EMP-487,Research & Development,Manufacturing Director,RAG,Intermediate,4,True
EMP-487,Demo EMP-487,Research & Development,Manufacturing Director,Machine Learning,Intermediate,3,True
EMP-487,Demo EMP-487,Research & Development,Manufacturing Director,PyTorch,Intermediate,4,True
EMP-487,Demo EMP-487,Research & Development,Manufacturing Director,AWS,Advanced,2,True
EMP-488,Demo EMP-488,Sales,Sales Executive,Sales,Intermediate,2,True
EMP-488,Demo EMP-488,Sales,Sales Executive,CRM,Advanced,5,True
EMP-488,Demo EMP-488,Sales,Sales Executive,Communication,Intermediate,3,True
EMP-488,Demo EMP-488,Sales,Sales Executive,SQL,Intermediate,1,True
EMP-491,Demo EMP-491,Research & Development,Healthcare Representative,MLOps,Intermediate,5,True
EMP-491,Demo EMP-491,Research & Development,Healthcare Representative,AWS,Advanced,0,True
EMP-491,Demo EMP-491,Research & Development,Healthcare Representative,Machine Learning,Intermediate,2,True
EMP-491,Demo EMP-491,Research & Development,Healthcare Representative,LLMs,Advanced,0,True
EMP-492,Demo EMP-492,Sales,Sales Executive,SQL,Intermediate,5,True
EMP-492,Demo EMP-492,Sales,Sales Executive,Sales,Intermediate,2,True
EMP-492,Demo EMP-492,Sales,Sales Executive,Data Analysis,Intermediate,0,True
EMP-492,Demo EMP-492,Sales,Sales Executive,Excel,Intermediate,0,True
EMP-493,Demo EMP-493,Research & Development,Research Scientist,RAG,Beginner,3,True
EMP-493,Demo EMP-493,Research & Development,Research Scientist,Laboratory Methods,Intermediate,5,True
EMP-493,Demo EMP-493,Research & Development,Research Scientist,Docker,Advanced,1,True
EMP-493,Demo EMP-493,Research & Development,Research Scientist,Research,Advanced,5,True
EMP-494,Demo EMP-494,Sales,Sales Representative,SQL,Intermediate,3,True
EMP-494,Demo EMP-494,Sales,Sales Representative,Data Analysis,Intermediate,3,True
EMP-494,Demo EMP-494,Sales,Sales Representative,Excel,Beginner,5,True
EMP-494,Demo EMP-494,Sales,Sales Representative,Communication,Intermediate,4,True
EMP-495,Demo EMP-495,Research & Development,Research Scientist,AWS,Advanced,5,True
EMP-495,Demo EMP-495,Research & Development,Research Scientist,MLOps,Beginner,2,True
EMP-495,Demo EMP-495,Research & Development,Research Scientist,Laboratory Methods,Beginner,0,True
EMP-495,Demo EMP-495,Research & Development,Research Scientist,RAG,Beginner,2,True
EMP-496,Demo EMP-496,Research & Development,Healthcare Representative,AWS,Beginner,3,True
EMP-496,Demo EMP-496,Research & Development,Healthcare Representative,Docker,Intermediate,2,True
EMP-496,Demo EMP-496,Research & Development,Healthcare Representative,LLMs,Intermediate,5,True
EMP-496,Demo EMP-496,Research & Development,Healthcare Representative,Machine Learning,Advanced,2,True
EMP-497,Demo EMP-497,Research & Development,Laboratory Technician,PyTorch,Advanced,0,True
EMP-497,Demo EMP-497,Research & Development,Laboratory Technician,SQL,Advanced,0,True
EMP-497,Demo EMP-497,Research & Development,Laboratory Technician,MLOps,Advanced,3,True
EMP-497,Demo EMP-497,Research & Development,Laboratory Technician,AWS,Intermediate,3,True
EMP-498,Demo EMP-498,Sales,Sales Executive,Communication,Advanced,2,True
EMP-498,Demo EMP-498,Sales,Sales Executive,Excel,Intermediate,2,True
EMP-498,Demo EMP-498,Sales,Sales Executive,CRM,Intermediate,3,True
EMP-498,Demo EMP-498,Sales,Sales Executive,Sales,Intermediate,0,True
EMP-499,Demo EMP-499,Research & Development,Healthcare Representative,SQL,Advanced,0,True
EMP-499,Demo EMP-499,Research & Development,Healthcare Representative,AWS,Advanced,2,True
EMP-499,Demo EMP-499,Research & Development,Healthcare Representative,MLOps,Intermediate,1,True
EMP-499,Demo EMP-499,Research & Development,Healthcare Representative,PyTorch,Beginner,4,True
EMP-500,Demo EMP-500,Sales,Sales Executive,Data Analysis,Advanced,2,True
EMP-500,Demo EMP-500,Sales,Sales Executive,Excel,Beginner,4,True
EMP-500,Demo EMP-500,Sales,Sales Executive,Sales,Beginner,4,True
EMP-500,Demo EMP-500,Sales,Sales Executive,CRM,Intermediate,3,True
EMP-501,Demo EMP-501,Research & Development,Research Scientist,Docker,Advanced,5,True
EMP-501,Demo EMP-501,Research & Development,Research Scientist,Research,Intermediate,2,True
EMP-501,Demo EMP-501,Research & Development,Research Scientist,LLMs,Intermediate,2,True
EMP-501,Demo EMP-501,Research & Development,Research Scientist,RAG,Advanced,1,True
EMP-502,Demo EMP-502,Sales,Sales Executive,Communication,Advanced,0,True
EMP-502,Demo EMP-502,Sales,Sales Executive,Data Analysis,Advanced,4,True
EMP-502,Demo EMP-502,Sales,Sales Executive,Sales,Advanced,5,True
EMP-502,Demo EMP-502,Sales,Sales Executive,CRM,Intermediate,4,True
EMP-505,Demo EMP-505,Research & Development,Manager,AWS,Advanced,4,True
EMP-505,Demo EMP-505,Research & Development,Manager,Machine Learning,Beginner,0,True
EMP-505,Demo EMP-505,Research & Development,Manager,Python,Beginner,3,True
EMP-505,Demo EMP-505,Research & Development,Manager,SQL,Beginner,1,True
EMP-507,Demo EMP-507,Sales,Sales Executive,Communication,Intermediate,5,True
EMP-507,Demo EMP-507,Sales,Sales Executive,CRM,Intermediate,2,True
EMP-507,Demo EMP-507,Sales,Sales Executive,Excel,Beginner,2,True
EMP-507,Demo EMP-507,Sales,Sales Executive,Data Analysis,Intermediate,1,True
EMP-508,Demo EMP-508,Sales,Sales Representative,CRM,Advanced,2,True
EMP-508,Demo EMP-508,Sales,Sales Representative,Excel,Intermediate,4,True
EMP-508,Demo EMP-508,Sales,Sales Representative,Data Analysis,Advanced,1,True
EMP-508,Demo EMP-508,Sales,Sales Representative,SQL,Intermediate,4,True
EMP-510,Demo EMP-510,Research & Development,Research Scientist,SQL,Intermediate,3,True
EMP-510,Demo EMP-510,Research & Development,Research Scientist,AWS,Intermediate,1,True
EMP-510,Demo EMP-510,Research & Development,Research Scientist,Machine Learning,Advanced,0,True
EMP-510,Demo EMP-510,Research & Development,Research Scientist,Research,Beginner,1,True
EMP-511,Demo EMP-511,Research & Development,Research Scientist,MLOps,Advanced,3,True
EMP-511,Demo EMP-511,Research & Development,Research Scientist,Docker,Beginner,1,True
EMP-511,Demo EMP-511,Research & Development,Research Scientist,LLMs,Intermediate,1,True
EMP-511,Demo EMP-511,Research & Development,Research Scientist,RAG,Intermediate,2,True
EMP-513,Demo EMP-513,Sales,Sales Executive,Excel,Intermediate,1,True
EMP-513,Demo EMP-513,Sales,Sales Executive,SQL,Beginner,4,True
EMP-513,Demo EMP-513,Sales,Sales Executive,Sales,Beginner,1,True
EMP-513,Demo EMP-513,Sales,Sales Executive,Communication,Beginner,5,True
EMP-514,Demo EMP-514,Research & Development,Research Scientist,Docker,Advanced,2,True
EMP-514,Demo EMP-514,Research & Development,Research Scientist,AWS,Intermediate,5,True
EMP-514,Demo EMP-514,Research & Development,Research Scientist,LLMs,Beginner,1,True
EMP-514,Demo EMP-514,Research & Development,Research Scientist,PyTorch,Beginner,2,True
EMP-515,Demo EMP-515,Research & Development,Laboratory Technician,RAG,Intermediate,2,True
EMP-515,Demo EMP-515,Research & Development,Laboratory Technician,Laboratory Methods,Beginner,0,True
EMP-515,Demo EMP-515,Research & Development,Laboratory Technician,SQL,Intermediate,2,True
EMP-515,Demo EMP-515,Research & Development,Laboratory Technician,Machine Learning,Advanced,2,True
EMP-516,Demo EMP-516,Sales,Sales Executive,CRM,Intermediate,0,True
EMP-516,Demo EMP-516,Sales,Sales Executive,Sales,Intermediate,1,True
EMP-516,Demo EMP-516,Sales,Sales Executive,Excel,Intermediate,0,True
EMP-516,Demo EMP-516,Sales,Sales Executive,SQL,Beginner,1,True
EMP-517,Demo EMP-517,Research & Development,Laboratory Technician,Research,Beginner,2,True
EMP-517,Demo EMP-517,Research & Development,Laboratory Technician,RAG,Intermediate,3,True
EMP-517,Demo EMP-517,Research & Development,Laboratory Technician,PyTorch,Intermediate,0,True
EMP-517,Demo EMP-517,Research & Development,Laboratory Technician,Laboratory Methods,Intermediate,5,True
EMP-518,Demo EMP-518,Research & Development,Manufacturing Director,Laboratory Methods,Intermediate,4,True
EMP-518,Demo EMP-518,Research & Development,Manufacturing Director,Docker,Beginner,5,True
EMP-518,Demo EMP-518,Research & Development,Manufacturing Director,Machine Learning,Intermediate,5,True
EMP-518,Demo EMP-518,Research & Development,Manufacturing Director,PyTorch,Beginner,4,True
EMP-520,Demo EMP-520,Research & Development,Research Director,PyTorch,Intermediate,2,True
EMP-520,Demo EMP-520,Research & Development,Research Director,SQL,Advanced,1,True
EMP-520,Demo EMP-520,Research & Development,Research Director,Docker,Advanced,4,True
EMP-520,Demo EMP-520,Research & Development,Research Director,Python,Intermediate,5,True
EMP-521,Demo EMP-521,Research & Development,Laboratory Technician,Docker,Advanced,3,True
EMP-521,Demo EMP-521,Research & Development,Laboratory Technician,RAG,Intermediate,2,True
EMP-521,Demo EMP-521,Research & Development,Laboratory Technician,AWS,Intermediate,4,True
EMP-521,Demo EMP-521,Research & Development,Laboratory Technician,Laboratory Methods,Intermediate,5,True
EMP-522,Demo EMP-522,Research & Development,Research Director,LLMs,Intermediate,1,True
EMP-522,Demo EMP-522,Research & Development,Research Director,MLOps,Intermediate,3,True
EMP-522,Demo EMP-522,Research & Development,Research Director,Laboratory Methods,Advanced,5,True
EMP-522,Demo EMP-522,Research & Development,Research Director,AWS,Intermediate,3,True
EMP-523,Demo EMP-523,Sales,Sales Executive,SQL,Intermediate,5,True
EMP-523,Demo EMP-523,Sales,Sales Executive,Sales,Intermediate,4,True
EMP-523,Demo EMP-523,Sales,Sales Executive,CRM,Beginner,2,True
EMP-523,Demo EMP-523,Sales,Sales Executive,Data Analysis,Advanced,1,True
EMP-524,Demo EMP-524,Research & Development,Manufacturing Director,RAG,Advanced,1,True
EMP-524,Demo EMP-524,Research & Development,Manufacturing Director,Research,Intermediate,3,True
EMP-524,Demo EMP-524,Research & Development,Manufacturing Director,Python,Beginner,1,True
EMP-524,Demo EMP-524,Research & Development,Manufacturing Director,Docker,Intermediate,4,True
EMP-525,Demo EMP-525,Research & Development,Laboratory Technician,MLOps,Beginner,1,True
EMP-525,Demo EMP-525,Research & Development,Laboratory Technician,PyTorch,Advanced,1,True
EMP-525,Demo EMP-525,Research & Development,Laboratory Technician,Docker,Beginner,0,True
EMP-525,Demo EMP-525,Research & Development,Laboratory Technician,SQL,Intermediate,5,True
EMP-526,Demo EMP-526,Research & Development,Healthcare Representative,Python,Intermediate,4,True
EMP-526,Demo EMP-526,Research & Development,Healthcare Representative,Laboratory Methods,Intermediate,1,True
EMP-526,Demo EMP-526,Research & Development,Healthcare Representative,PyTorch,Intermediate,3,True
EMP-526,Demo EMP-526,Research & Development,Healthcare Representative,Machine Learning,Advanced,2,True
EMP-527,Demo EMP-527,Sales,Sales Executive,Excel,Intermediate,2,True
EMP-527,Demo EMP-527,Sales,Sales Executive,SQL,Beginner,4,True
EMP-527,Demo EMP-527,Sales,Sales Executive,CRM,Intermediate,0,True
EMP-527,Demo EMP-527,Sales,Sales Executive,Communication,Beginner,5,True
EMP-529,Demo EMP-529,Research & Development,Research Scientist,Research,Advanced,3,True
EMP-529,Demo EMP-529,Research & Development,Research Scientist,Machine Learning,Advanced,3,True
EMP-529,Demo EMP-529,Research & Development,Research Scientist,PyTorch,Intermediate,0,True
EMP-529,Demo EMP-529,Research & Development,Research Scientist,MLOps,Intermediate,0,True
EMP-530,Demo EMP-530,Research & Development,Laboratory Technician,Docker,Intermediate,0,True
EMP-530,Demo EMP-530,Research & Development,Laboratory Technician,Python,Intermediate,3,True
EMP-530,Demo EMP-530,Research & Development,Laboratory Technician,PyTorch,Intermediate,3,True
EMP-530,Demo EMP-530,Research & Development,Laboratory Technician,SQL,Beginner,2,True
EMP-531,Demo EMP-531,Research & Development,Manager,Machine Learning,Beginner,1,True
EMP-531,Demo EMP-531,Research & Development,Manager,Python,Beginner,2,True
EMP-531,Demo EMP-531,Research & Development,Manager,Research,Intermediate,3,True
EMP-531,Demo EMP-531,Research & Development,Manager,SQL,Advanced,1,True
EMP-532,Demo EMP-532,Sales,Sales Executive,Communication,Beginner,4,True
EMP-532,Demo EMP-532,Sales,Sales Executive,SQL,Intermediate,2,True
EMP-532,Demo EMP-532,Sales,Sales Executive,Data Analysis,Intermediate,0,True
EMP-532,Demo EMP-532,Sales,Sales Executive,Excel,Intermediate,1,True
EMP-533,Demo EMP-533,Sales,Sales Executive,Data Analysis,Beginner,3,True
EMP-533,Demo EMP-533,Sales,Sales Executive,Excel,Intermediate,2,True
EMP-533,Demo EMP-533,Sales,Sales Executive,Communication,Beginner,3,True
EMP-533,Demo EMP-533,Sales,Sales Executive,SQL,Intermediate,4,True
EMP-534,Demo EMP-534,Sales,Sales Executive,Excel,Intermediate,3,True
EMP-534,Demo EMP-534,Sales,Sales Executive,Data Analysis,Beginner,2,True
EMP-534,Demo EMP-534,Sales,Sales Executive,Communication,Intermediate,4,True
EMP-534,Demo EMP-534,Sales,Sales Executive,SQL,Beginner,4,True
EMP-536,Demo EMP-536,Research & Development,Laboratory Technician,Docker,Intermediate,3,True
EMP-536,Demo EMP-536,Research & Development,Laboratory Technician,PyTorch,Intermediate,0,True
EMP-536,Demo EMP-536,Research & Development,Laboratory Technician,RAG,Intermediate,5,True
EMP-536,Demo EMP-536,Research & Development,Laboratory Technician,MLOps,Intermediate,3,True
EMP-538,Demo EMP-538,Research & Development,Laboratory Technician,Machine Learning,Beginner,5,True
EMP-538,Demo EMP-538,Research & Development,Laboratory Technician,LLMs,Intermediate,2,True
EMP-538,Demo EMP-538,Research & Development,Laboratory Technician,Python,Intermediate,1,True
EMP-538,Demo EMP-538,Research & Development,Laboratory Technician,RAG,Advanced,1,True
EMP-543,Demo EMP-543,Research & Development,Manufacturing Director,MLOps,Beginner,2,True
EMP-543,Demo EMP-543,Research & Development,Manufacturing Director,Docker,Intermediate,0,True
EMP-543,Demo EMP-543,Research & Development,Manufacturing Director,SQL,Advanced,2,True
EMP-543,Demo EMP-543,Research & Development,Manufacturing Director,PyTorch,Intermediate,1,True
EMP-544,Demo EMP-544,Research & Development,Research Scientist,Python,Intermediate,5,True
EMP-544,Demo EMP-544,Research & Development,Research Scientist,RAG,Beginner,1,True
EMP-544,Demo EMP-544,Research & Development,Research Scientist,SQL,Beginner,3,True
EMP-544,Demo EMP-544,Research & Development,Research Scientist,Machine Learning,Intermediate,5,True
EMP-546,Demo EMP-546,Research & Development,Manager,Laboratory Methods,Intermediate,2,True
EMP-546,Demo EMP-546,Research & Development,Manager,Python,Advanced,2,True
EMP-546,Demo EMP-546,Research & Development,Manager,Research,Intermediate,4,True
EMP-546,Demo EMP-546,Research & Development,Manager,SQL,Advanced,1,True
EMP-547,Demo EMP-547,Research & Development,Research Scientist,Python,Beginner,3,True
EMP-547,Demo EMP-547,Research & Development,Research Scientist,LLMs,Intermediate,0,True
EMP-547,Demo EMP-547,Research & Development,Research Scientist,Laboratory Methods,Intermediate,4,True
EMP-547,Demo EMP-547,Research & Development,Research Scientist,Research,Advanced,3,True
EMP-548,Demo EMP-548,Research & Development,Manufacturing Director,PyTorch,Beginner,0,True
EMP-548,Demo EMP-548,Research & Development,Manufacturing Director,Laboratory Methods,Beginner,4,True
EMP-548,Demo EMP-548,Research & Development,Manufacturing Director,LLMs,Intermediate,4,True
EMP-548,Demo EMP-548,Research & Development,Manufacturing Director,MLOps,Intermediate,0,True
EMP-549,Demo EMP-549,Research & Development,Manager,Machine Learning,Intermediate,4,True
EMP-549,Demo EMP-549,Research & Development,Manager,Docker,Intermediate,4,True
EMP-549,Demo EMP-549,Research & Development,Manager,RAG,Intermediate,4,True
EMP-549,Demo EMP-549,Research & Development,Manager,SQL,Intermediate,5,True
EMP-550,Demo EMP-550,Research & Development,Manufacturing Director,RAG,Intermediate,3,True
EMP-550,Demo EMP-550,Research & Development,Manufacturing Director,SQL,Intermediate,2,True
EMP-550,Demo EMP-550,Research & Development,Manufacturing Director,Research,Advanced,1,True
EMP-550,Demo EMP-550,Research & Development,Manufacturing Director,PyTorch,Intermediate,1,True
EMP-551,Demo EMP-551,Research & Development,Healthcare Representative,PyTorch,Advanced,0,True
EMP-551,Demo EMP-551,Research & Development,Healthcare Representative,Python,Advanced,0,True
EMP-551,Demo EMP-551,Research & Development,Healthcare Representative,MLOps,Intermediate,4,True
EMP-551,Demo EMP-551,Research & Development,Healthcare Representative,Machine Learning,Intermediate,3,True
EMP-554,Demo EMP-554,Sales,Sales Representative,Sales,Intermediate,2,True
EMP-554,Demo EMP-554,Sales,Sales Representative,SQL,Intermediate,4,True
EMP-554,Demo EMP-554,Sales,Sales Representative,Communication,Beginner,0,True
EMP-554,Demo EMP-554,Sales,Sales Representative,Excel,Beginner,4,True
EMP-555,Demo EMP-555,Sales,Sales Representative,SQL,Beginner,4,True
EMP-555,Demo EMP-555,Sales,Sales Representative,CRM,Advanced,0,True
EMP-555,Demo EMP-555,Sales,Sales Representative,Data Analysis,Beginner,0,True
EMP-555,Demo EMP-555,Sales,Sales Representative,Sales,Advanced,2,True
EMP-556,Demo EMP-556,Research & Development,Laboratory Technician,AWS,Advanced,3,True
EMP-556,Demo EMP-556,Research & Development,Laboratory Technician,MLOps,Advanced,4,True
EMP-556,Demo EMP-556,Research & Development,Laboratory Technician,Research,Intermediate,0,True
EMP-556,Demo EMP-556,Research & Development,Laboratory Technician,LLMs,Intermediate,3,True
EMP-558,Demo EMP-558,Sales,Manager,Communication,Beginner,2,True
EMP-558,Demo EMP-558,Sales,Manager,Sales,Beginner,2,True
EMP-558,Demo EMP-558,Sales,Manager,Data Analysis,Intermediate,0,True
EMP-558,Demo EMP-558,Sales,Manager,SQL,Advanced,0,True
EMP-560,Demo EMP-560,Research & Development,Research Scientist,LLMs,Beginner,0,True
EMP-560,Demo EMP-560,Research & Development,Research Scientist,SQL,Beginner,3,True
EMP-560,Demo EMP-560,Research & Development,Research Scientist,RAG,Intermediate,0,True
EMP-560,Demo EMP-560,Research & Development,Research Scientist,Laboratory Methods,Intermediate,2,True
EMP-562,Demo EMP-562,Research & Development,Laboratory Technician,LLMs,Intermediate,1,True
EMP-562,Demo EMP-562,Research & Development,Laboratory Technician,Research,Beginner,0,True
EMP-562,Demo EMP-562,Research & Development,Laboratory Technician,Python,Intermediate,0,True
EMP-562,Demo EMP-562,Research & Development,Laboratory Technician,RAG,Advanced,5,True
EMP-564,Demo EMP-564,Research & Development,Research Director,RAG,Beginner,1,True
EMP-564,Demo EMP-564,Research & Development,Research Director,AWS,Beginner,4,True
EMP-564,Demo EMP-564,Research & Development,Research Director,MLOps,Intermediate,0,True
EMP-564,Demo EMP-564,Research & Development,Research Director,LLMs,Intermediate,0,True
EMP-565,Demo EMP-565,Research & Development,Research Scientist,SQL,Beginner,1,True
EMP-565,Demo EMP-565,Research & Development,Research Scientist,Machine Learning,Beginner,3,True
EMP-565,Demo EMP-565,Research & Development,Research Scientist,MLOps,Intermediate,4,True
EMP-565,Demo EMP-565,Research & Development,Research Scientist,LLMs,Beginner,0,True
EMP-566,Demo EMP-566,Human Resources,Human Resources,Communication,Beginner,5,True
EMP-566,Demo EMP-566,Human Resources,Human Resources,Data Analysis,Intermediate,1,True
EMP-566,Demo EMP-566,Human Resources,Human Resources,Excel,Beginner,3,True
EMP-566,Demo EMP-566,Human Resources,Human Resources,SQL,Intermediate,5,True
EMP-567,Demo EMP-567,Sales,Sales Executive,CRM,Intermediate,2,True
EMP-567,Demo EMP-567,Sales,Sales Executive,Communication,Intermediate,5,True
EMP-567,Demo EMP-567,Sales,Sales Executive,SQL,Advanced,2,True
EMP-567,Demo EMP-567,Sales,Sales Executive,Sales,Intermediate,3,True
EMP-568,Demo EMP-568,Sales,Manager,Data Analysis,Intermediate,2,True
EMP-568,Demo EMP-568,Sales,Manager,CRM,Intermediate,4,True
EMP-568,Demo EMP-568,Sales,Manager,Communication,Intermediate,0,True
EMP-568,Demo EMP-568,Sales,Manager,SQL,Intermediate,4,True
EMP-569,Demo EMP-569,Research & Development,Manager,RAG,Intermediate,4,True
EMP-569,Demo EMP-569,Research & Development,Manager,Docker,Advanced,0,True
EMP-569,Demo EMP-569,Research & Development,Manager,PyTorch,Intermediate,3,True
EMP-569,Demo EMP-569,Research & Development,Manager,Python,Beginner,1,True
EMP-571,Demo EMP-571,Research & Development,Laboratory Technician,AWS,Intermediate,5,True
EMP-571,Demo EMP-571,Research & Development,Laboratory Technician,RAG,Intermediate,2,True
EMP-571,Demo EMP-571,Research & Development,Laboratory Technician,PyTorch,Advanced,2,True
EMP-571,Demo EMP-571,Research & Development,Laboratory Technician,Machine Learning,Advanced,1,True
EMP-573,Demo EMP-573,Sales,Sales Executive,Sales,Advanced,4,True
EMP-573,Demo EMP-573,Sales,Sales Executive,Data Analysis,Beginner,4,True
EMP-573,Demo EMP-573,Sales,Sales Executive,Communication,Intermediate,1,True
EMP-573,Demo EMP-573,Sales,Sales Executive,CRM,Intermediate,0,True
EMP-574,Demo EMP-574,Research & Development,Manufacturing Director,LLMs,Intermediate,1,True
EMP-574,Demo EMP-574,Research & Development,Manufacturing Director,Machine Learning,Intermediate,3,True
EMP-574,Demo EMP-574,Research & Development,Manufacturing Director,MLOps,Beginner,2,True
EMP-574,Demo EMP-574,Research & Development,Manufacturing Director,Research,Beginner,4,True
EMP-575,Demo EMP-575,Research & Development,Research Director,AWS,Intermediate,1,True
EMP-575,Demo EMP-575,Research & Development,Research Director,RAG,Beginner,2,True
EMP-575,Demo EMP-575,Research & Development,Research Director,PyTorch,Intermediate,0,True
EMP-575,Demo EMP-575,Research & Development,Research Director,Docker,Intermediate,1,True
EMP-577,Demo EMP-577,Research & Development,Laboratory Technician,Machine Learning,Beginner,0,True
EMP-577,Demo EMP-577,Research & Development,Laboratory Technician,LLMs,Beginner,4,True
EMP-577,Demo EMP-577,Research & Development,Laboratory Technician,AWS,Advanced,4,True
EMP-577,Demo EMP-577,Research & Development,Laboratory Technician,MLOps,Beginner,0,True
EMP-578,Demo EMP-578,Research & Development,Laboratory Technician,Machine Learning,Intermediate,3,True
EMP-578,Demo EMP-578,Research & Development,Laboratory Technician,AWS,Beginner,5,True
EMP-578,Demo EMP-578,Research & Development,Laboratory Technician,SQL,Intermediate,2,True
EMP-578,Demo EMP-578,Research & Development,Laboratory Technician,PyTorch,Intermediate,3,True
EMP-579,Demo EMP-579,Research & Development,Research Scientist,AWS,Advanced,4,True
EMP-579,Demo EMP-579,Research & Development,Research Scientist,Machine Learning,Intermediate,1,True
EMP-579,Demo EMP-579,Research & Development,Research Scientist,Docker,Advanced,1,True
EMP-579,Demo EMP-579,Research & Development,Research Scientist,SQL,Intermediate,3,True
EMP-580,Demo EMP-580,Sales,Sales Executive,CRM,Advanced,5,True
EMP-580,Demo EMP-580,Sales,Sales Executive,Communication,Intermediate,1,True
EMP-580,Demo EMP-580,Sales,Sales Executive,Data Analysis,Advanced,3,True
EMP-580,Demo EMP-580,Sales,Sales Executive,SQL,Advanced,4,True
EMP-581,Demo EMP-581,Research & Development,Manufacturing Director,AWS,Intermediate,3,True
EMP-581,Demo EMP-581,Research & Development,Manufacturing Director,Research,Intermediate,3,True
EMP-581,Demo EMP-581,Research & Development,Manufacturing Director,PyTorch,Intermediate,5,True
EMP-581,Demo EMP-581,Research & Development,Manufacturing Director,RAG,Intermediate,0,True
EMP-582,Demo EMP-582,Research & Development,Manager,Research,Intermediate,0,True
EMP-582,Demo EMP-582,Research & Development,Manager,PyTorch,Intermediate,5,True
EMP-582,Demo EMP-582,Research & Development,Manager,SQL,Intermediate,3,True
EMP-582,Demo EMP-582,Research & Development,Manager,LLMs,Intermediate,2,True
EMP-584,Demo EMP-584,Research & Development,Laboratory Technician,RAG,Beginner,1,True
EMP-584,Demo EMP-584,Research & Development,Laboratory Technician,Docker,Intermediate,4,True
EMP-584,Demo EMP-584,Research & Development,Laboratory Technician,Python,Intermediate,2,True
EMP-584,Demo EMP-584,Research & Development,Laboratory Technician,Laboratory Methods,Beginner,2,True
EMP-585,Demo EMP-585,Sales,Sales Representative,CRM,Beginner,2,True
EMP-585,Demo EMP-585,Sales,Sales Representative,Communication,Beginner,5,True
EMP-585,Demo EMP-585,Sales,Sales Representative,Excel,Intermediate,1,True
EMP-585,Demo EMP-585,Sales,Sales Representative,SQL,Intermediate,1,True
EMP-586,Demo EMP-586,Research & Development,Healthcare Representative,Laboratory Methods,Beginner,3,True
EMP-586,Demo EMP-586,Research & Development,Healthcare Representative,LLMs,Beginner,5,True
EMP-586,Demo EMP-586,Research & Development,Healthcare Representative,Research,Intermediate,2,True
EMP-586,Demo EMP-586,Research & Development,Healthcare Representative,Machine Learning,Intermediate,5,True
EMP-587,Demo EMP-587,Research & Development,Healthcare Representative,SQL,Intermediate,0,True
EMP-587,Demo EMP-587,Research & Development,Healthcare Representative,Laboratory Methods,Intermediate,3,True
EMP-587,Demo EMP-587,Research & Development,Healthcare Representative,MLOps,Advanced,5,True
EMP-587,Demo EMP-587,Research & Development,Healthcare Representative,PyTorch,Advanced,3,True
EMP-590,Demo EMP-590,Human Resources,Human Resources,Project Management,Advanced,2,True
EMP-590,Demo EMP-590,Human Resources,Human Resources,Excel,Advanced,3,True
EMP-590,Demo EMP-590,Human Resources,Human Resources,Data Analysis,Beginner,0,True
EMP-590,Demo EMP-590,Human Resources,Human Resources,SQL,Beginner,5,True
EMP-591,Demo EMP-591,Research & Development,Laboratory Technician,PyTorch,Advanced,5,True
EMP-591,Demo EMP-591,Research & Development,Laboratory Technician,Machine Learning,Intermediate,1,True
EMP-591,Demo EMP-591,Research & Development,Laboratory Technician,RAG,Beginner,0,True
EMP-591,Demo EMP-591,Research & Development,Laboratory Technician,Python,Beginner,5,True
EMP-592,Demo EMP-592,Sales,Sales Executive,CRM,Intermediate,0,True
EMP-592,Demo EMP-592,Sales,Sales Executive,Sales,Intermediate,5,True
EMP-592,Demo EMP-592,Sales,Sales Executive,SQL,Beginner,4,True
EMP-592,Demo EMP-592,Sales,Sales Executive,Excel,Beginner,3,True
EMP-593,Demo EMP-593,Research & Development,Laboratory Technician,Docker,Intermediate,1,True
EMP-593,Demo EMP-593,Research & Development,Laboratory Technician,AWS,Intermediate,0,True
EMP-593,Demo EMP-593,Research & Development,Laboratory Technician,PyTorch,Beginner,0,True
EMP-593,Demo EMP-593,Research & Development,Laboratory Technician,Machine Learning,Beginner,4,True
EMP-595,Demo EMP-595,Sales,Sales Executive,Data Analysis,Intermediate,0,True
EMP-595,Demo EMP-595,Sales,Sales Executive,CRM,Beginner,4,True
EMP-595,Demo EMP-595,Sales,Sales Executive,Sales,Advanced,1,True
EMP-595,Demo EMP-595,Sales,Sales Executive,SQL,Intermediate,5,True
EMP-597,Demo EMP-597,Sales,Manager,Sales,Beginner,2,True
EMP-597,Demo EMP-597,Sales,Manager,Communication,Intermediate,4,True
EMP-597,Demo EMP-597,Sales,Manager,Excel,Beginner,3,True
EMP-597,Demo EMP-597,Sales,Manager,SQL,Intermediate,1,True
EMP-599,Demo EMP-599,Sales,Sales Executive,Excel,Advanced,4,True
EMP-599,Demo EMP-599,Sales,Sales Executive,Communication,Intermediate,2,True
EMP-599,Demo EMP-599,Sales,Sales Executive,SQL,Intermediate,3,True
EMP-599,Demo EMP-599,Sales,Sales Executive,Data Analysis,Beginner,2,True
EMP-600,Demo EMP-600,Sales,Sales Executive,Communication,Intermediate,1,True
EMP-600,Demo EMP-600,Sales,Sales Executive,Sales,Beginner,0,True
EMP-600,Demo EMP-600,Sales,Sales Executive,CRM,Intermediate,0,True
EMP-600,Demo EMP-600,Sales,Sales Executive,Excel,Beginner,5,True
EMP-601,Demo EMP-601,Research & Development,Manufacturing Director,Docker,Advanced,1,True
EMP-601,Demo EMP-601,Research & Development,Manufacturing Director,Python,Advanced,2,True
EMP-601,Demo EMP-601,Research & Development,Manufacturing Director,Research,Advanced,1,True
EMP-601,Demo EMP-601,Research & Development,Manufacturing Director,LLMs,Intermediate,4,True
EMP-602,Demo EMP-602,Research & Development,Laboratory Technician,RAG,Intermediate,3,True
EMP-602,Demo EMP-602,Research & Development,Laboratory Technician,Laboratory Methods,Intermediate,5,True
EMP-602,Demo EMP-602,Research & Development,Laboratory Technician,Machine Learning,Advanced,4,True
EMP-602,Demo EMP-602,Research & Development,Laboratory Technician,LLMs,Beginner,5,True
EMP-604,Demo EMP-604,Sales,Sales Executive,Excel,Intermediate,1,True
EMP-604,Demo EMP-604,Sales,Sales Executive,Sales,Beginner,5,True
EMP-604,Demo EMP-604,Sales,Sales Executive,Data Analysis,Intermediate,2,True
EMP-604,Demo EMP-604,Sales,Sales Executive,Communication,Beginner,0,True
EMP-605,Demo EMP-605,Research & Development,Manufacturing Director,AWS,Advanced,5,True
EMP-605,Demo EMP-605,Research & Development,Manufacturing Director,MLOps,Beginner,3,True
EMP-605,Demo EMP-605,Research & Development,Manufacturing Director,SQL,Beginner,1,True
EMP-605,Demo EMP-605,Research & Development,Manufacturing Director,Laboratory Methods,Intermediate,0,True
EMP-606,Demo EMP-606,Sales,Sales Executive,Excel,Intermediate,3,True
EMP-606,Demo EMP-606,Sales,Sales Executive,Communication,Intermediate,4,True
EMP-606,Demo EMP-606,Sales,Sales Executive,SQL,Intermediate,2,True
EMP-606,Demo EMP-606,Sales,Sales Executive,CRM,Advanced,1,True
EMP-608,Demo EMP-608,Human Resources,Human Resources,Communication,Intermediate,4,True
EMP-608,Demo EMP-608,Human Resources,Human Resources,Data Analysis,Intermediate,5,True
EMP-608,Demo EMP-608,Human Resources,Human Resources,Project Management,Intermediate,5,True
EMP-608,Demo EMP-608,Human Resources,Human Resources,Excel,Beginner,4,True
EMP-611,Demo EMP-611,Research & Development,Manufacturing Director,Machine Learning,Intermediate,5,True
EMP-611,Demo EMP-611,Research & Development,Manufacturing Director,Docker,Advanced,4,True
EMP-611,Demo EMP-611,Research & Development,Manufacturing Director,Python,Advanced,2,True
EMP-611,Demo EMP-611,Research & Development,Manufacturing Director,MLOps,Intermediate,0,True
EMP-612,Demo EMP-612,Research & Development,Research Director,AWS,Beginner,0,True
EMP-612,Demo EMP-612,Research & Development,Research Director,Docker,Advanced,4,True
EMP-612,Demo EMP-612,Research & Development,Research Director,Python,Advanced,5,True
EMP-612,Demo EMP-612,Research & Development,Research Director,RAG,Advanced,0,True
EMP-613,Demo EMP-613,Sales,Manager,Excel,Beginner,0,True
EMP-613,Demo EMP-613,Sales,Manager,SQL,Beginner,4,True
EMP-613,Demo EMP-613,Sales,Manager,Data Analysis,Advanced,3,True
EMP-613,Demo EMP-613,Sales,Manager,Sales,Beginner,0,True
EMP-614,Demo EMP-614,Sales,Sales Representative,Communication,Advanced,5,True
EMP-614,Demo EMP-614,Sales,Sales Representative,Data Analysis,Advanced,4,True
EMP-614,Demo EMP-614,Sales,Sales Representative,Excel,Intermediate,2,True
EMP-614,Demo EMP-614,Sales,Sales Representative,Sales,Beginner,4,True
EMP-615,Demo EMP-615,Sales,Sales Executive,Sales,Intermediate,5,True
EMP-615,Demo EMP-615,Sales,Sales Executive,Communication,Advanced,3,True
EMP-615,Demo EMP-615,Sales,Sales Executive,Excel,Intermediate,1,True
EMP-615,Demo EMP-615,Sales,Sales Executive,SQL,Intermediate,4,True
EMP-616,Demo EMP-616,Research & Development,Healthcare Representative,SQL,Intermediate,3,True
EMP-616,Demo EMP-616,Research & Development,Healthcare Representative,Docker,Intermediate,0,True
EMP-616,Demo EMP-616,Research & Development,Healthcare Representative,Research,Intermediate,2,True
EMP-616,Demo EMP-616,Research & Development,Healthcare Representative,LLMs,Intermediate,0,True
EMP-618,Demo EMP-618,Sales,Sales Executive,Data Analysis,Intermediate,0,True
EMP-618,Demo EMP-618,Sales,Sales Executive,Sales,Beginner,2,True
EMP-618,Demo EMP-618,Sales,Sales Executive,Communication,Beginner,4,True
EMP-618,Demo EMP-618,Sales,Sales Executive,CRM,Advanced,1,True
EMP-620,Demo EMP-620,Sales,Sales Executive,Data Analysis,Intermediate,0,True
EMP-620,Demo EMP-620,Sales,Sales Executive,Excel,Advanced,5,True
EMP-620,Demo EMP-620,Sales,Sales Executive,Sales,Intermediate,3,True
EMP-620,Demo EMP-620,Sales,Sales Executive,SQL,Intermediate,0,True
EMP-621,Demo EMP-621,Sales,Sales Executive,Excel,Intermediate,3,True
EMP-621,Demo EMP-621,Sales,Sales Executive,CRM,Intermediate,3,True
EMP-621,Demo EMP-621,Sales,Sales Executive,Data Analysis,Beginner,2,True
EMP-621,Demo EMP-621,Sales,Sales Executive,Sales,Intermediate,2,True
EMP-622,Demo EMP-622,Research & Development,Laboratory Technician,SQL,Beginner,3,True
EMP-622,Demo EMP-622,Research & Development,Laboratory Technician,MLOps,Intermediate,1,True
EMP-622,Demo EMP-622,Research & Development,Laboratory Technician,Laboratory Methods,Intermediate,3,True
EMP-622,Demo EMP-622,Research & Development,Laboratory Technician,Research,Intermediate,5,True
EMP-623,Demo EMP-623,Research & Development,Manufacturing Director,Machine Learning,Intermediate,0,True
EMP-623,Demo EMP-623,Research & Development,Manufacturing Director,Laboratory Methods,Beginner,3,True
EMP-623,Demo EMP-623,Research & Development,Manufacturing Director,SQL,Intermediate,1,True
EMP-623,Demo EMP-623,Research & Development,Manufacturing Director,MLOps,Intermediate,5,True
EMP-624,Demo EMP-624,Research & Development,Healthcare Representative,Machine Learning,Beginner,3,True
EMP-624,Demo EMP-624,Research & Development,Healthcare Representative,MLOps,Beginner,3,True
EMP-624,Demo EMP-624,Research & Development,Healthcare Representative,Python,Intermediate,1,True
EMP-624,Demo EMP-624,Research & Development,Healthcare Representative,Laboratory Methods,Beginner,2,True
EMP-625,Demo EMP-625,Sales,Manager,Data Analysis,Advanced,1,True
EMP-625,Demo EMP-625,Sales,Manager,Communication,Advanced,0,True
EMP-625,Demo EMP-625,Sales,Manager,CRM,Intermediate,2,True
EMP-625,Demo EMP-625,Sales,Manager,Sales,Intermediate,4,True
EMP-626,Demo EMP-626,Sales,Sales Executive,Data Analysis,Beginner,1,True
EMP-626,Demo EMP-626,Sales,Sales Executive,Excel,Advanced,1,True
EMP-626,Demo EMP-626,Sales,Sales Executive,Communication,Advanced,3,True
EMP-626,Demo EMP-626,Sales,Sales Executive,CRM,Intermediate,0,True
EMP-630,Demo EMP-630,Research & Development,Research Scientist,LLMs,Advanced,0,True
EMP-630,Demo EMP-630,Research & Development,Research Scientist,RAG,Advanced,3,True
EMP-630,Demo EMP-630,Research & Development,Research Scientist,Research,Intermediate,3,True
EMP-630,Demo EMP-630,Research & Development,Research Scientist,PyTorch,Intermediate,1,True
EMP-631,Demo EMP-631,Sales,Sales Executive,Excel,Advanced,4,True
EMP-631,Demo EMP-631,Sales,Sales Executive,Data Analysis,Intermediate,2,True
EMP-631,Demo EMP-631,Sales,Sales Executive,CRM,Intermediate,1,True
EMP-631,Demo EMP-631,Sales,Sales Executive,Sales,Beginner,5,True
EMP-632,Demo EMP-632,Sales,Sales Representative,Excel,Beginner,5,True
EMP-632,Demo EMP-632,Sales,Sales Representative,Data Analysis,Advanced,5,True
EMP-632,Demo EMP-632,Sales,Sales Representative,Communication,Intermediate,1,True
EMP-632,Demo EMP-632,Sales,Sales Representative,Sales,Beginner,5,True
EMP-634,Demo EMP-634,Research & Development,Healthcare Representative,SQL,Advanced,2,True
EMP-634,Demo EMP-634,Research & Development,Healthcare Representative,PyTorch,Intermediate,5,True
EMP-634,Demo EMP-634,Research & Development,Healthcare Representative,RAG,Intermediate,5,True
EMP-634,Demo EMP-634,Research & Development,Healthcare Representative,Docker,Beginner,4,True
EMP-635,Demo EMP-635,Research & Development,Manufacturing Director,Research,Beginner,0,True
EMP-635,Demo EMP-635,Research & Development,Manufacturing Director,PyTorch,Intermediate,5,True
EMP-635,Demo EMP-635,Research & Development,Manufacturing Director,Docker,Advanced,3,True
EMP-635,Demo EMP-635,Research & Development,Manufacturing Director,MLOps,Advanced,4,True
EMP-638,Demo EMP-638,Research & Development,Research Director,Research,Intermediate,1,True
EMP-638,Demo EMP-638,Research & Development,Research Director,Python,Intermediate,5,True
EMP-638,Demo EMP-638,Research & Development,Research Director,Machine Learning,Beginner,4,True
EMP-638,Demo EMP-638,Research & Development,Research Director,AWS,Intermediate,2,True
EMP-639,Demo EMP-639,Research & Development,Research Scientist,Docker,Beginner,2,True
EMP-639,Demo EMP-639,Research & Development,Research Scientist,Python,Intermediate,0,True
EMP-639,Demo EMP-639,Research & Development,Research Scientist,SQL,Intermediate,1,True
EMP-639,Demo EMP-639,Research & Development,Research Scientist,RAG,Intermediate,5,True
EMP-641,Demo EMP-641,Sales,Sales Executive,SQL,Intermediate,5,True
EMP-641,Demo EMP-641,Sales,Sales Executive,Sales,Intermediate,1,True
EMP-641,Demo EMP-641,Sales,Sales Executive,Communication,Beginner,4,True
EMP-641,Demo EMP-641,Sales,Sales Executive,Excel,Intermediate,0,True
EMP-643,Demo EMP-643,Research & Development,Laboratory Technician,Research,Intermediate,3,True
EMP-643,Demo EMP-643,Research & Development,Laboratory Technician,MLOps,Intermediate,5,True
EMP-643,Demo EMP-643,Research & Development,Laboratory Technician,Laboratory Methods,Intermediate,1,True
EMP-643,Demo EMP-643,Research & Development,Laboratory Technician,Docker,Intermediate,3,True
EMP-644,Demo EMP-644,Human Resources,Manager,Excel,Beginner,0,True
EMP-644,Demo EMP-644,Human Resources,Manager,Project Management,Advanced,3,True
EMP-644,Demo EMP-644,Human Resources,Manager,SQL,Beginner,0,True
EMP-644,Demo EMP-644,Human Resources,Manager,Communication,Beginner,2,True
EMP-645,Demo EMP-645,Sales,Sales Representative,Communication,Beginner,2,True
EMP-645,Demo EMP-645,Sales,Sales Representative,Sales,Advanced,1,True
EMP-645,Demo EMP-645,Sales,Sales Representative,SQL,Intermediate,1,True
EMP-645,Demo EMP-645,Sales,Sales Representative,Excel,Beginner,1,True
EMP-647,Demo EMP-647,Research & Development,Laboratory Technician,Machine Learning,Beginner,0,True
EMP-647,Demo EMP-647,Research & Development,Laboratory Technician,Docker,Intermediate,4,True
EMP-647,Demo EMP-647,Research & Development,Laboratory Technician,RAG,Intermediate,2,True
EMP-647,Demo EMP-647,Research & Development,Laboratory Technician,Python,Intermediate,0,True
EMP-648,Demo EMP-648,Sales,Sales Representative,Data Analysis,Beginner,4,True
EMP-648,Demo EMP-648,Sales,Sales Representative,SQL,Intermediate,5,True
EMP-648,Demo EMP-648,Sales,Sales Representative,Communication,Beginner,4,True
EMP-648,Demo EMP-648,Sales,Sales Representative,CRM,Intermediate,5,True
EMP-649,Demo EMP-649,Research & Development,Research Scientist,AWS,Intermediate,2,True
EMP-649,Demo EMP-649,Research & Development,Research Scientist,RAG,Beginner,5,True
EMP-649,Demo EMP-649,Research & Development,Research Scientist,PyTorch,Advanced,5,True
EMP-649,Demo EMP-649,Research & Development,Research Scientist,Python,Intermediate,0,True
EMP-650,Demo EMP-650,Sales,Sales Executive,CRM,Advanced,5,True
EMP-650,Demo EMP-650,Sales,Sales Executive,Sales,Intermediate,3,True
EMP-650,Demo EMP-650,Sales,Sales Executive,Data Analysis,Intermediate,4,True
EMP-650,Demo EMP-650,Sales,Sales Executive,SQL,Advanced,0,True
EMP-652,Demo EMP-652,Research & Development,Laboratory Technician,SQL,Intermediate,0,True
EMP-652,Demo EMP-652,Research & Development,Laboratory Technician,Laboratory Methods,Beginner,1,True
EMP-652,Demo EMP-652,Research & Development,Laboratory Technician,AWS,Advanced,5,True
EMP-652,Demo EMP-652,Research & Development,Laboratory Technician,LLMs,Beginner,2,True
EMP-653,Demo EMP-653,Sales,Sales Executive,Sales,Advanced,5,True
EMP-653,Demo EMP-653,Sales,Sales Executive,Excel,Intermediate,2,True
EMP-653,Demo EMP-653,Sales,Sales Executive,Communication,Intermediate,4,True
EMP-653,Demo EMP-653,Sales,Sales Executive,CRM,Advanced,5,True
EMP-655,Demo EMP-655,Research & Development,Research Scientist,Laboratory Methods,Intermediate,0,True
EMP-655,Demo EMP-655,Research & Development,Research Scientist,Docker,Intermediate,4,True
EMP-655,Demo EMP-655,Research & Development,Research Scientist,SQL,Intermediate,3,True
EMP-655,Demo EMP-655,Research & Development,Research Scientist,Research,Beginner,1,True
EMP-656,Demo EMP-656,Sales,Sales Executive,Communication,Advanced,1,True
EMP-656,Demo EMP-656,Sales,Sales Executive,CRM,Intermediate,5,True
EMP-656,Demo EMP-656,Sales,Sales Executive,Excel,Beginner,5,True
EMP-656,Demo EMP-656,Sales,Sales Executive,Data Analysis,Intermediate,1,True
EMP-657,Demo EMP-657,Research & Development,Research Scientist,MLOps,Beginner,0,True
EMP-657,Demo EMP-657,Research & Development,Research Scientist,PyTorch,Intermediate,2,True
EMP-657,Demo EMP-657,Research & Development,Research Scientist,LLMs,Beginner,4,True
EMP-657,Demo EMP-657,Research & Development,Research Scientist,Docker,Beginner,3,True
EMP-659,Demo EMP-659,Research & Development,Healthcare Representative,Python,Beginner,1,True
EMP-659,Demo EMP-659,Research & Development,Healthcare Representative,PyTorch,Beginner,0,True
EMP-659,Demo EMP-659,Research & Development,Healthcare Representative,MLOps,Beginner,2,True
EMP-659,Demo EMP-659,Research & Development,Healthcare Representative,Docker,Beginner,3,True
EMP-661,Demo EMP-661,Research & Development,Research Director,Docker,Intermediate,1,True
EMP-661,Demo EMP-661,Research & Development,Research Director,Machine Learning,Advanced,5,True
EMP-661,Demo EMP-661,Research & Development,Research Director,Laboratory Methods,Beginner,4,True
EMP-661,Demo EMP-661,Research & Development,Research Director,MLOps,Intermediate,0,True
EMP-662,Demo EMP-662,Research & Development,Research Scientist,RAG,Beginner,3,True
EMP-662,Demo EMP-662,Research & Development,Research Scientist,MLOps,Intermediate,4,True
EMP-662,Demo EMP-662,Research & Development,Research Scientist,Laboratory Methods,Intermediate,5,True
EMP-662,Demo EMP-662,Research & Development,Research Scientist,Docker,Beginner,2,True
EMP-663,Demo EMP-663,Research & Development,Laboratory Technician,Python,Advanced,4,True
EMP-663,Demo EMP-663,Research & Development,Laboratory Technician,RAG,Beginner,1,True
EMP-663,Demo EMP-663,Research & Development,Laboratory Technician,Laboratory Methods,Intermediate,5,True
EMP-663,Demo EMP-663,Research & Development,Laboratory Technician,MLOps,Beginner,0,True
EMP-664,Demo EMP-664,Research & Development,Manager,LLMs,Beginner,0,True
EMP-664,Demo EMP-664,Research & Development,Manager,Docker,Advanced,4,True
EMP-664,Demo EMP-664,Research & Development,Manager,SQL,Beginner,5,True
EMP-664,Demo EMP-664,Research & Development,Manager,Python,Intermediate,2,True
EMP-665,Demo EMP-665,Human Resources,Human Resources,SQL,Intermediate,2,True
EMP-665,Demo EMP-665,Human Resources,Human Resources,Data Analysis,Intermediate,5,True
EMP-665,Demo EMP-665,Human Resources,Human Resources,Communication,Intermediate,4,True
EMP-665,Demo EMP-665,Human Resources,Human Resources,Project Management,Intermediate,1,True
EMP-666,Demo EMP-666,Sales,Sales Representative,Communication,Intermediate,2,True
EMP-666,Demo EMP-666,Sales,Sales Representative,Excel,Intermediate,5,True
EMP-666,Demo EMP-666,Sales,Sales Representative,Data Analysis,Advanced,4,True
EMP-666,Demo EMP-666,Sales,Sales Representative,SQL,Intermediate,4,True
EMP-667,Demo EMP-667,Sales,Sales Representative,SQL,Beginner,3,True
EMP-667,Demo EMP-667,Sales,Sales Representative,Communication,Beginner,2,True
EMP-667,Demo EMP-667,Sales,Sales Representative,Data Analysis,Intermediate,2,True
EMP-667,Demo EMP-667,Sales,Sales Representative,CRM,Beginner,4,True
EMP-669,Demo EMP-669,Sales,Sales Representative,Data Analysis,Intermediate,1,True
EMP-669,Demo EMP-669,Sales,Sales Representative,Sales,Intermediate,0,True
EMP-669,Demo EMP-669,Sales,Sales Representative,Communication,Beginner,3,True
EMP-669,Demo EMP-669,Sales,Sales Representative,Excel,Intermediate,1,True
EMP-671,Demo EMP-671,Research & Development,Manager,Docker,Intermediate,4,True
EMP-671,Demo EMP-671,Research & Development,Manager,RAG,Beginner,4,True
EMP-671,Demo EMP-671,Research & Development,Manager,Research,Intermediate,4,True
EMP-671,Demo EMP-671,Research & Development,Manager,Machine Learning,Intermediate,2,True
EMP-675,Demo EMP-675,Research & Development,Research Scientist,Research,Intermediate,5,True
EMP-675,Demo EMP-675,Research & Development,Research Scientist,AWS,Intermediate,1,True
EMP-675,Demo EMP-675,Research & Development,Research Scientist,PyTorch,Beginner,0,True
EMP-675,Demo EMP-675,Research & Development,Research Scientist,SQL,Intermediate,3,True
EMP-677,Demo EMP-677,Sales,Sales Executive,CRM,Beginner,1,True
EMP-677,Demo EMP-677,Sales,Sales Executive,Sales,Intermediate,0,True
EMP-677,Demo EMP-677,Sales,Sales Executive,SQL,Intermediate,2,True
EMP-677,Demo EMP-677,Sales,Sales Executive,Excel,Beginner,5,True
EMP-679,Demo EMP-679,Research & Development,Research Scientist,Machine Learning,Advanced,2,True
EMP-679,Demo EMP-679,Research & Development,Research Scientist,LLMs,Intermediate,2,True
EMP-679,Demo EMP-679,Research & Development,Research Scientist,SQL,Advanced,2,True
EMP-679,Demo EMP-679,Research & Development,Research Scientist,MLOps,Beginner,5,True
EMP-680,Demo EMP-680,Research & Development,Research Scientist,MLOps,Intermediate,0,True
EMP-680,Demo EMP-680,Research & Development,Research Scientist,Laboratory Methods,Beginner,2,True
EMP-680,Demo EMP-680,Research & Development,Research Scientist,Machine Learning,Intermediate,0,True
EMP-680,Demo EMP-680,Research & Development,Research Scientist,LLMs,Beginner,3,True
EMP-682,Demo EMP-682,Sales,Sales Executive,CRM,Intermediate,0,True
EMP-682,Demo EMP-682,Sales,Sales Executive,Sales,Beginner,4,True
EMP-682,Demo EMP-682,Sales,Sales Executive,SQL,Intermediate,0,True
EMP-682,Demo EMP-682,Sales,Sales Executive,Excel,Beginner,4,True
EMP-683,Demo EMP-683,Research & Development,Research Scientist,Machine Learning,Advanced,1,True
EMP-683,Demo EMP-683,Research & Development,Research Scientist,Laboratory Methods,Advanced,3,True
EMP-683,Demo EMP-683,Research & Development,Research Scientist,Research,Advanced,0,True
EMP-683,Demo EMP-683,Research & Development,Research Scientist,Docker,Intermediate,1,True
EMP-684,Demo EMP-684,Sales,Sales Executive,CRM,Beginner,0,True
EMP-684,Demo EMP-684,Sales,Sales Executive,Data Analysis,Advanced,3,True
EMP-684,Demo EMP-684,Sales,Sales Executive,Communication,Beginner,1,True
EMP-684,Demo EMP-684,Sales,Sales Executive,Sales,Beginner,2,True
EMP-686,Demo EMP-686,Research & Development,Laboratory Technician,AWS,Beginner,2,True
EMP-686,Demo EMP-686,Research & Development,Laboratory Technician,PyTorch,Intermediate,0,True
EMP-686,Demo EMP-686,Research & Development,Laboratory Technician,Docker,Advanced,5,True
EMP-686,Demo EMP-686,Research & Development,Laboratory Technician,Research,Intermediate,4,True
EMP-689,Demo EMP-689,Research & Development,Manufacturing Director,RAG,Intermediate,3,True
EMP-689,Demo EMP-689,Research & Development,Manufacturing Director,LLMs,Intermediate,2,True
EMP-689,Demo EMP-689,Research & Development,Manufacturing Director,Research,Intermediate,5,True
EMP-689,Demo EMP-689,Research & Development,Manufacturing Director,AWS,Beginner,1,True
EMP-690,Demo EMP-690,Sales,Sales Executive,Sales,Intermediate,2,True
EMP-690,Demo EMP-690,Sales,Sales Executive,Excel,Intermediate,1,True
EMP-690,Demo EMP-690,Sales,Sales Executive,Communication,Intermediate,5,True
EMP-690,Demo EMP-690,Sales,Sales Executive,Data Analysis,Intermediate,2,True
EMP-691,Demo EMP-691,Research & Development,Research Scientist,Docker,Intermediate,5,True
EMP-691,Demo EMP-691,Research & Development,Research Scientist,SQL,Beginner,0,True
EMP-691,Demo EMP-691,Research & Development,Research Scientist,Laboratory Methods,Intermediate,4,True
EMP-691,Demo EMP-691,Research & Development,Research Scientist,RAG,Intermediate,4,True
EMP-692,Demo EMP-692,Research & Development,Healthcare Representative,MLOps,Beginner,0,True
EMP-692,Demo EMP-692,Research & Development,Healthcare Representative,RAG,Intermediate,5,True
EMP-692,Demo EMP-692,Research & Development,Healthcare Representative,Python,Beginner,4,True
EMP-692,Demo EMP-692,Research & Development,Healthcare Representative,Docker,Intermediate,2,True
EMP-698,Demo EMP-698,Human Resources,Human Resources,Data Analysis,Intermediate,0,True
EMP-698,Demo EMP-698,Human Resources,Human Resources,SQL,Beginner,2,True
EMP-698,Demo EMP-698,Human Resources,Human Resources,Project Management,Advanced,4,True
EMP-698,Demo EMP-698,Human Resources,Human Resources,Excel,Beginner,5,True
EMP-699,Demo EMP-699,Research & Development,Manufacturing Director,Python,Beginner,3,True
EMP-699,Demo EMP-699,Research & Development,Manufacturing Director,LLMs,Intermediate,1,True
EMP-699,Demo EMP-699,Research & Development,Manufacturing Director,Laboratory Methods,Advanced,1,True
EMP-699,Demo EMP-699,Research & Development,Manufacturing Director,SQL,Intermediate,1,True
EMP-700,Demo EMP-700,Research & Development,Research Scientist,LLMs,Intermediate,1,True
EMP-700,Demo EMP-700,Research & Development,Research Scientist,SQL,Intermediate,2,True
EMP-700,Demo EMP-700,Research & Development,Research Scientist,Docker,Beginner,2,True
EMP-700,Demo EMP-700,Research & Development,Research Scientist,Laboratory Methods,Intermediate,1,True
EMP-701,Demo EMP-701,Research & Development,Research Scientist,Docker,Intermediate,1,True
EMP-701,Demo EMP-701,Research & Development,Research Scientist,RAG,Intermediate,2,True
EMP-701,Demo EMP-701,Research & Development,Research Scientist,PyTorch,Beginner,5,True
EMP-701,Demo EMP-701,Research & Development,Research Scientist,LLMs,Intermediate,3,True
EMP-702,Demo EMP-702,Research & Development,Research Scientist,Laboratory Methods,Intermediate,0,True
EMP-702,Demo EMP-702,Research & Development,Research Scientist,PyTorch,Intermediate,3,True
EMP-702,Demo EMP-702,Research & Development,Research Scientist,MLOps,Beginner,5,True
EMP-702,Demo EMP-702,Research & Development,Research Scientist,Machine Learning,Beginner,2,True
EMP-704,Demo EMP-704,Research & Development,Laboratory Technician,RAG,Beginner,5,True
EMP-704,Demo EMP-704,Research & Development,Laboratory Technician,MLOps,Advanced,3,True
EMP-704,Demo EMP-704,Research & Development,Laboratory Technician,PyTorch,Intermediate,4,True
EMP-704,Demo EMP-704,Research & Development,Laboratory Technician,Machine Learning,Beginner,2,True
EMP-705,Demo EMP-705,Research & Development,Research Scientist,Laboratory Methods,Advanced,3,True
EMP-705,Demo EMP-705,Research & Development,Research Scientist,SQL,Beginner,1,True
EMP-705,Demo EMP-705,Research & Development,Research Scientist,AWS,Beginner,4,True
EMP-705,Demo EMP-705,Research & Development,Research Scientist,MLOps,Beginner,1,True
EMP-707,Demo EMP-707,Sales,Sales Executive,Sales,Advanced,2,True
EMP-707,Demo EMP-707,Sales,Sales Executive,CRM,Intermediate,4,True
EMP-707,Demo EMP-707,Sales,Sales Executive,Data Analysis,Advanced,0,True
EMP-707,Demo EMP-707,Sales,Sales Executive,Communication,Intermediate,2,True
EMP-709,Demo EMP-709,Sales,Sales Executive,CRM,Intermediate,2,True
EMP-709,Demo EMP-709,Sales,Sales Executive,Sales,Beginner,3,True
EMP-709,Demo EMP-709,Sales,Sales Executive,Communication,Intermediate,2,True
EMP-709,Demo EMP-709,Sales,Sales Executive,SQL,Beginner,3,True
EMP-710,Demo EMP-710,Research & Development,Research Scientist,MLOps,Intermediate,3,True
EMP-710,Demo EMP-710,Research & Development,Research Scientist,Laboratory Methods,Intermediate,0,True
EMP-710,Demo EMP-710,Research & Development,Research Scientist,Docker,Intermediate,5,True
EMP-710,Demo EMP-710,Research & Development,Research Scientist,Research,Beginner,3,True
EMP-712,Demo EMP-712,Sales,Sales Executive,Sales,Intermediate,5,True
EMP-712,Demo EMP-712,Sales,Sales Executive,Data Analysis,Advanced,0,True
EMP-712,Demo EMP-712,Sales,Sales Executive,SQL,Intermediate,3,True
EMP-712,Demo EMP-712,Sales,Sales Executive,CRM,Intermediate,3,True
EMP-714,Demo EMP-714,Sales,Sales Executive,Communication,Advanced,3,True
EMP-714,Demo EMP-714,Sales,Sales Executive,Excel,Beginner,1,True
EMP-714,Demo EMP-714,Sales,Sales Executive,SQL,Advanced,3,True
EMP-714,Demo EMP-714,Sales,Sales Executive,CRM,Intermediate,1,True
EMP-715,Demo EMP-715,Research & Development,Research Scientist,Docker,Beginner,2,True
EMP-715,Demo EMP-715,Research & Development,Research Scientist,SQL,Beginner,2,True
EMP-715,Demo EMP-715,Research & Development,Research Scientist,LLMs,Intermediate,0,True
EMP-715,Demo EMP-715,Research & Development,Research Scientist,Machine Learning,Intermediate,3,True
EMP-716,Demo EMP-716,Research & Development,Laboratory Technician,LLMs,Intermediate,4,True
EMP-716,Demo EMP-716,Research & Development,Laboratory Technician,Python,Intermediate,5,True
EMP-716,Demo EMP-716,Research & Development,Laboratory Technician,Research,Intermediate,0,True
EMP-716,Demo EMP-716,Research & Development,Laboratory Technician,Docker,Beginner,2,True
EMP-717,Demo EMP-717,Research & Development,Healthcare Representative,Research,Intermediate,1,True
EMP-717,Demo EMP-717,Research & Development,Healthcare Representative,MLOps,Beginner,1,True
EMP-717,Demo EMP-717,Research & Development,Healthcare Representative,PyTorch,Intermediate,1,True
EMP-717,Demo EMP-717,Research & Development,Healthcare Representative,Docker,Intermediate,3,True
EMP-720,Demo EMP-720,Sales,Sales Executive,Data Analysis,Advanced,1,True
EMP-720,Demo EMP-720,Sales,Sales Executive,CRM,Intermediate,4,True
EMP-720,Demo EMP-720,Sales,Sales Executive,SQL,Intermediate,1,True
EMP-720,Demo EMP-720,Sales,Sales Executive,Sales,Beginner,1,True
EMP-721,Demo EMP-721,Research & Development,Healthcare Representative,PyTorch,Intermediate,1,True
EMP-721,Demo EMP-721,Research & Development,Healthcare Representative,MLOps,Intermediate,3,True
EMP-721,Demo EMP-721,Research & Development,Healthcare Representative,RAG,Beginner,0,True
EMP-721,Demo EMP-721,Research & Development,Healthcare Representative,Laboratory Methods,Intermediate,3,True
EMP-722,Demo EMP-722,Sales,Sales Executive,SQL,Beginner,3,True
EMP-722,Demo EMP-722,Sales,Sales Executive,Excel,Beginner,3,True
EMP-722,Demo EMP-722,Sales,Sales Executive,Communication,Intermediate,4,True
EMP-722,Demo EMP-722,Sales,Sales Executive,Data Analysis,Beginner,1,True
EMP-723,Demo EMP-723,Sales,Sales Executive,Excel,Advanced,2,True
EMP-723,Demo EMP-723,Sales,Sales Executive,Data Analysis,Advanced,3,True
EMP-723,Demo EMP-723,Sales,Sales Executive,Communication,Intermediate,5,True
EMP-723,Demo EMP-723,Sales,Sales Executive,SQL,Intermediate,1,True
EMP-724,Demo EMP-724,Research & Development,Healthcare Representative,RAG,Beginner,0,True
EMP-724,Demo EMP-724,Research & Development,Healthcare Representative,Research,Advanced,0,True
EMP-724,Demo EMP-724,Research & Development,Healthcare Representative,Laboratory Methods,Beginner,4,True
EMP-724,Demo EMP-724,Research & Development,Healthcare Representative,MLOps,Intermediate,3,True
EMP-725,Demo EMP-725,Research & Development,Manufacturing Director,PyTorch,Intermediate,5,True
EMP-725,Demo EMP-725,Research & Development,Manufacturing Director,AWS,Beginner,1,True
EMP-725,Demo EMP-725,Research & Development,Manufacturing Director,SQL,Intermediate,0,True
EMP-725,Demo EMP-725,Research & Development,Manufacturing Director,Laboratory Methods,Intermediate,2,True
EMP-727,Demo EMP-727,Research & Development,Research Director,Docker,Beginner,3,True
EMP-727,Demo EMP-727,Research & Development,Research Director,AWS,Beginner,5,True
EMP-727,Demo EMP-727,Research & Development,Research Director,Laboratory Methods,Intermediate,2,True
EMP-727,Demo EMP-727,Research & Development,Research Director,SQL,Beginner,3,True
EMP-728,Demo EMP-728,Sales,Sales Executive,Communication,Intermediate,3,True
EMP-728,Demo EMP-728,Sales,Sales Executive,Excel,Beginner,3,True
EMP-728,Demo EMP-728,Sales,Sales Executive,SQL,Beginner,1,True
EMP-728,Demo EMP-728,Sales,Sales Executive,CRM,Intermediate,2,True
EMP-729,Demo EMP-729,Sales,Sales Executive,Sales,Intermediate,2,True
EMP-729,Demo EMP-729,Sales,Sales Executive,SQL,Intermediate,1,True
EMP-729,Demo EMP-729,Sales,Sales Executive,CRM,Beginner,2,True
EMP-729,Demo EMP-729,Sales,Sales Executive,Data Analysis,Intermediate,2,True
EMP-730,Demo EMP-730,Research & Development,Research Director,RAG,Beginner,2,True
EMP-730,Demo EMP-730,Research & Development,Research Director,Research,Intermediate,5,True
EMP-730,Demo EMP-730,Research & Development,Research Director,MLOps,Beginner,4,True
EMP-730,Demo EMP-730,Research & Development,Research Director,LLMs,Intermediate,2,True
EMP-731,Demo EMP-731,Human Resources,Manager,Communication,Intermediate,5,True
EMP-731,Demo EMP-731,Human Resources,Manager,Data Analysis,Advanced,2,True
EMP-731,Demo EMP-731,Human Resources,Manager,Excel,Beginner,4,True
EMP-731,Demo EMP-731,Human Resources,Manager,SQL,Intermediate,2,True
EMP-732,Demo EMP-732,Sales,Sales Executive,CRM,Intermediate,3,True
EMP-732,Demo EMP-732,Sales,Sales Executive,Communication,Intermediate,3,True
EMP-732,Demo EMP-732,Sales,Sales Executive,Data Analysis,Advanced,4,True
EMP-732,Demo EMP-732,Sales,Sales Executive,Excel,Intermediate,4,True
EMP-733,Demo EMP-733,Research & Development,Manufacturing Director,Machine Learning,Intermediate,5,True
EMP-733,Demo EMP-733,Research & Development,Manufacturing Director,Docker,Beginner,0,True
EMP-733,Demo EMP-733,Research & Development,Manufacturing Director,Laboratory Methods,Intermediate,4,True
EMP-733,Demo EMP-733,Research & Development,Manufacturing Director,Python,Beginner,5,True
EMP-734,Demo EMP-734,Human Resources,Manager,SQL,Advanced,0,True
EMP-734,Demo EMP-734,Human Resources,Manager,Excel,Intermediate,4,True
EMP-734,Demo EMP-734,Human Resources,Manager,Data Analysis,Beginner,4,True
EMP-734,Demo EMP-734,Human Resources,Manager,Communication,Intermediate,4,True
EMP-738,Demo EMP-738,Sales,Sales Representative,Data Analysis,Intermediate,3,True
EMP-738,Demo EMP-738,Sales,Sales Representative,Sales,Intermediate,0,True
EMP-738,Demo EMP-738,Sales,Sales Representative,CRM,Beginner,4,True
EMP-738,Demo EMP-738,Sales,Sales Representative,Excel,Advanced,5,True
EMP-741,Demo EMP-741,Research & Development,Research Scientist,Machine Learning,Advanced,2,True
EMP-741,Demo EMP-741,Research & Development,Research Scientist,Research,Intermediate,3,True
EMP-741,Demo EMP-741,Research & Development,Research Scientist,SQL,Beginner,0,True
EMP-741,Demo EMP-741,Research & Development,Research Scientist,Laboratory Methods,Beginner,2,True
EMP-742,Demo EMP-742,Research & Development,Research Director,Python,Advanced,1,True
EMP-742,Demo EMP-742,Research & Development,Research Director,Docker,Advanced,1,True
EMP-742,Demo EMP-742,Research & Development,Research Director,AWS,Advanced,4,True
EMP-742,Demo EMP-742,Research & Development,Research Director,Laboratory Methods,Advanced,2,True
EMP-743,Demo EMP-743,Research & Development,Manufacturing Director,Python,Beginner,2,True
EMP-743,Demo EMP-743,Research & Development,Manufacturing Director,Machine Learning,Beginner,2,True
EMP-743,Demo EMP-743,Research & Development,Manufacturing Director,MLOps,Intermediate,0,True
EMP-743,Demo EMP-743,Research & Development,Manufacturing Director,Docker,Intermediate,1,True
EMP-744,Demo EMP-744,Research & Development,Laboratory Technician,PyTorch,Beginner,5,True
EMP-744,Demo EMP-744,Research & Development,Laboratory Technician,Laboratory Methods,Intermediate,2,True
EMP-744,Demo EMP-744,Research & Development,Laboratory Technician,Python,Intermediate,3,True
EMP-744,Demo EMP-744,Research & Development,Laboratory Technician,Research,Intermediate,2,True
EMP-746,Demo EMP-746,Sales,Sales Executive,Sales,Advanced,3,True
EMP-746,Demo EMP-746,Sales,Sales Executive,SQL,Beginner,4,True
EMP-746,Demo EMP-746,Sales,Sales Executive,CRM,Beginner,1,True
EMP-746,Demo EMP-746,Sales,Sales Executive,Data Analysis,Beginner,3,True
EMP-747,Demo EMP-747,Sales,Sales Executive,Sales,Intermediate,3,True
EMP-747,Demo EMP-747,Sales,Sales Executive,Communication,Intermediate,0,True
EMP-747,Demo EMP-747,Sales,Sales Executive,SQL,Beginner,0,True
EMP-747,Demo EMP-747,Sales,Sales Executive,Excel,Beginner,5,True
EMP-749,Demo EMP-749,Sales,Sales Representative,Excel,Intermediate,3,True
EMP-749,Demo EMP-749,Sales,Sales Representative,Data Analysis,Beginner,0,True
EMP-749,Demo EMP-749,Sales,Sales Representative,Communication,Advanced,4,True
EMP-749,Demo EMP-749,Sales,Sales Representative,SQL,Advanced,4,True
EMP-752,Demo EMP-752,Research & Development,Research Scientist,Laboratory Methods,Beginner,4,True
EMP-752,Demo EMP-752,Research & Development,Research Scientist,Machine Learning,Beginner,1,True
EMP-752,Demo EMP-752,Research & Development,Research Scientist,PyTorch,Intermediate,2,True
EMP-752,Demo EMP-752,Research & Development,Research Scientist,AWS,Beginner,1,True
EMP-754,Demo EMP-754,Sales,Sales Executive,CRM,Intermediate,0,True
EMP-754,Demo EMP-754,Sales,Sales Executive,Sales,Beginner,0,True
EMP-754,Demo EMP-754,Sales,Sales Executive,Communication,Advanced,5,True
EMP-754,Demo EMP-754,Sales,Sales Executive,Excel,Intermediate,3,True
EMP-757,Demo EMP-757,Research & Development,Healthcare Representative,Laboratory Methods,Beginner,2,True
EMP-757,Demo EMP-757,Research & Development,Healthcare Representative,Docker,Intermediate,0,True
EMP-757,Demo EMP-757,Research & Development,Healthcare Representative,Machine Learning,Beginner,2,True
EMP-757,Demo EMP-757,Research & Development,Healthcare Representative,PyTorch,Intermediate,0,True
EMP-758,Demo EMP-758,Research & Development,Laboratory Technician,PyTorch,Beginner,1,True
EMP-758,Demo EMP-758,Research & Development,Laboratory Technician,Laboratory Methods,Advanced,0,True
EMP-758,Demo EMP-758,Research & Development,Laboratory Technician,SQL,Intermediate,5,True
EMP-758,Demo EMP-758,Research & Development,Laboratory Technician,Docker,Intermediate,4,True
EMP-760,Demo EMP-760,Human Resources,Human Resources,Data Analysis,Intermediate,3,True
EMP-760,Demo EMP-760,Human Resources,Human Resources,SQL,Beginner,3,True
EMP-760,Demo EMP-760,Human Resources,Human Resources,Project Management,Beginner,0,True
EMP-760,Demo EMP-760,Human Resources,Human Resources,Communication,Beginner,1,True
EMP-762,Demo EMP-762,Research & Development,Healthcare Representative,AWS,Beginner,1,True
EMP-762,Demo EMP-762,Research & Development,Healthcare Representative,Research,Advanced,0,True
EMP-762,Demo EMP-762,Research & Development,Healthcare Representative,RAG,Beginner,2,True
EMP-762,Demo EMP-762,Research & Development,Healthcare Representative,MLOps,Beginner,0,True
EMP-763,Demo EMP-763,Research & Development,Research Scientist,Docker,Intermediate,4,True
EMP-763,Demo EMP-763,Research & Development,Research Scientist,RAG,Beginner,2,True
EMP-763,Demo EMP-763,Research & Development,Research Scientist,MLOps,Intermediate,1,True
EMP-763,Demo EMP-763,Research & Development,Research Scientist,Research,Beginner,3,True
EMP-764,Demo EMP-764,Research & Development,Healthcare Representative,AWS,Advanced,1,True
EMP-764,Demo EMP-764,Research & Development,Healthcare Representative,RAG,Advanced,0,True
EMP-764,Demo EMP-764,Research & Development,Healthcare Representative,Docker,Advanced,2,True
EMP-764,Demo EMP-764,Research & Development,Healthcare Representative,MLOps,Advanced,3,True
EMP-766,Demo EMP-766,Sales,Sales Representative,Excel,Intermediate,5,True
EMP-766,Demo EMP-766,Sales,Sales Representative,Communication,Beginner,4,True
EMP-766,Demo EMP-766,Sales,Sales Representative,Data Analysis,Intermediate,4,True
EMP-766,Demo EMP-766,Sales,Sales Representative,SQL,Intermediate,5,True
EMP-769,Demo EMP-769,Research & Development,Laboratory Technician,SQL,Intermediate,0,True
EMP-769,Demo EMP-769,Research & Development,Laboratory Technician,AWS,Intermediate,5,True
EMP-769,Demo EMP-769,Research & Development,Laboratory Technician,MLOps,Intermediate,1,True
EMP-769,Demo EMP-769,Research & Development,Laboratory Technician,RAG,Intermediate,3,True
EMP-771,Demo EMP-771,Research & Development,Healthcare Representative,PyTorch,Intermediate,1,True
EMP-771,Demo EMP-771,Research & Development,Healthcare Representative,RAG,Beginner,5,True
EMP-771,Demo EMP-771,Research & Development,Healthcare Representative,Research,Beginner,5,True
EMP-771,Demo EMP-771,Research & Development,Healthcare Representative,AWS,Intermediate,0,True
EMP-772,Demo EMP-772,Research & Development,Laboratory Technician,Research,Intermediate,0,True
EMP-772,Demo EMP-772,Research & Development,Laboratory Technician,Python,Advanced,3,True
EMP-772,Demo EMP-772,Research & Development,Laboratory Technician,LLMs,Beginner,1,True
EMP-772,Demo EMP-772,Research & Development,Laboratory Technician,MLOps,Beginner,2,True
EMP-773,Demo EMP-773,Research & Development,Research Scientist,Machine Learning,Intermediate,0,True
EMP-773,Demo EMP-773,Research & Development,Research Scientist,Research,Beginner,2,True
EMP-773,Demo EMP-773,Research & Development,Research Scientist,PyTorch,Advanced,0,True
EMP-773,Demo EMP-773,Research & Development,Research Scientist,AWS,Intermediate,2,True
EMP-775,Demo EMP-775,Research & Development,Manufacturing Director,Python,Beginner,0,True
EMP-775,Demo EMP-775,Research & Development,Manufacturing Director,PyTorch,Beginner,5,True
EMP-775,Demo EMP-775,Research & Development,Manufacturing Director,MLOps,Advanced,3,True
EMP-775,Demo EMP-775,Research & Development,Manufacturing Director,Docker,Intermediate,0,True
EMP-776,Demo EMP-776,Sales,Manager,Excel,Beginner,2,True
EMP-776,Demo EMP-776,Sales,Manager,Communication,Intermediate,2,True
EMP-776,Demo EMP-776,Sales,Manager,CRM,Intermediate,4,True
EMP-776,Demo EMP-776,Sales,Manager,SQL,Advanced,3,True
EMP-780,Demo EMP-780,Research & Development,Research Scientist,PyTorch,Intermediate,5,True
EMP-780,Demo EMP-780,Research & Development,Research Scientist,Machine Learning,Beginner,2,True
EMP-780,Demo EMP-780,Research & Development,Research Scientist,SQL,Intermediate,0,True
EMP-780,Demo EMP-780,Research & Development,Research Scientist,AWS,Intermediate,0,True
EMP-781,Demo EMP-781,Sales,Sales Executive,CRM,Intermediate,3,True
EMP-781,Demo EMP-781,Sales,Sales Executive,Data Analysis,Advanced,3,True
EMP-781,Demo EMP-781,Sales,Sales Executive,SQL,Advanced,3,True
EMP-781,Demo EMP-781,Sales,Sales Executive,Excel,Intermediate,3,True
EMP-783,Demo EMP-783,Sales,Sales Representative,Data Analysis,Beginner,0,True
EMP-783,Demo EMP-783,Sales,Sales Representative,CRM,Advanced,2,True
EMP-783,Demo EMP-783,Sales,Sales Representative,Communication,Advanced,5,True
EMP-783,Demo EMP-783,Sales,Sales Representative,SQL,Intermediate,2,True
EMP-784,Demo EMP-784,Research & Development,Research Scientist,AWS,Advanced,4,True
EMP-784,Demo EMP-784,Research & Development,Research Scientist,Docker,Intermediate,0,True
EMP-784,Demo EMP-784,Research & Development,Research Scientist,Research,Intermediate,3,True
EMP-784,Demo EMP-784,Research & Development,Research Scientist,Python,Beginner,4,True
EMP-785,Demo EMP-785,Sales,Sales Executive,SQL,Intermediate,1,True
EMP-785,Demo EMP-785,Sales,Sales Executive,Excel,Intermediate,5,True
EMP-785,Demo EMP-785,Sales,Sales Executive,CRM,Beginner,1,True
EMP-785,Demo EMP-785,Sales,Sales Executive,Sales,Intermediate,3,True
EMP-786,Demo EMP-786,Sales,Sales Executive,Data Analysis,Intermediate,2,True
EMP-786,Demo EMP-786,Sales,Sales Executive,Excel,Advanced,2,True
EMP-786,Demo EMP-786,Sales,Sales Executive,Sales,Intermediate,0,True
EMP-786,Demo EMP-786,Sales,Sales Executive,SQL,Intermediate,2,True
EMP-787,Demo EMP-787,Research & Development,Manager,PyTorch,Intermediate,0,True
EMP-787,Demo EMP-787,Research & Development,Manager,Machine Learning,Beginner,3,True
EMP-787,Demo EMP-787,Research & Development,Manager,Laboratory Methods,Beginner,2,True
EMP-787,Demo EMP-787,Research & Development,Manager,AWS,Intermediate,2,True
EMP-789,Demo EMP-789,Sales,Sales Executive,SQL,Advanced,5,True
EMP-789,Demo EMP-789,Sales,Sales Executive,Sales,Intermediate,1,True
EMP-789,Demo EMP-789,Sales,Sales Executive,CRM,Intermediate,3,True
EMP-789,Demo EMP-789,Sales,Sales Executive,Excel,Intermediate,1,True
EMP-791,Demo EMP-791,Research & Development,Research Scientist,RAG,Intermediate,0,True
EMP-791,Demo EMP-791,Research & Development,Research Scientist,Python,Intermediate,5,True
EMP-791,Demo EMP-791,Research & Development,Research Scientist,PyTorch,Intermediate,2,True
EMP-791,Demo EMP-791,Research & Development,Research Scientist,Machine Learning,Beginner,5,True
EMP-792,Demo EMP-792,Research & Development,Laboratory Technician,Docker,Advanced,0,True
EMP-792,Demo EMP-792,Research & Development,Laboratory Technician,SQL,Intermediate,3,True
EMP-792,Demo EMP-792,Research & Development,Laboratory Technician,MLOps,Intermediate,4,True
EMP-792,Demo EMP-792,Research & Development,Laboratory Technician,Research,Intermediate,3,True
EMP-793,Demo EMP-793,Research & Development,Healthcare Representative,Docker,Advanced,1,True
EMP-793,Demo EMP-793,Research & Development,Healthcare Representative,Machine Learning,Beginner,0,True
EMP-793,Demo EMP-793,Research & Development,Healthcare Representative,SQL,Advanced,0,True
EMP-793,Demo EMP-793,Research & Development,Healthcare Representative,Laboratory Methods,Advanced,0,True
EMP-796,Demo EMP-796,Sales,Sales Executive,Data Analysis,Intermediate,4,True
EMP-796,Demo EMP-796,Sales,Sales Executive,Communication,Intermediate,3,True
EMP-796,Demo EMP-796,Sales,Sales Executive,Excel,Beginner,0,True
EMP-796,Demo EMP-796,Sales,Sales Executive,CRM,Intermediate,3,True
EMP-797,Demo EMP-797,Research & Development,Research Scientist,Research,Intermediate,1,True
EMP-797,Demo EMP-797,Research & Development,Research Scientist,MLOps,Beginner,0,True
EMP-797,Demo EMP-797,Research & Development,Research Scientist,SQL,Intermediate,0,True
EMP-797,Demo EMP-797,Research & Development,Research Scientist,Laboratory Methods,Beginner,0,True
EMP-799,Demo EMP-799,Research & Development,Manufacturing Director,MLOps,Intermediate,2,True
EMP-799,Demo EMP-799,Research & Development,Manufacturing Director,Docker,Intermediate,0,True
EMP-799,Demo EMP-799,Research & Development,Manufacturing Director,PyTorch,Beginner,2,True
EMP-799,Demo EMP-799,Research & Development,Manufacturing Director,Python,Beginner,3,True
EMP-800,Demo EMP-800,Sales,Sales Executive,SQL,Beginner,0,True
EMP-800,Demo EMP-800,Sales,Sales Executive,CRM,Intermediate,3,True
EMP-800,Demo EMP-800,Sales,Sales Executive,Data Analysis,Advanced,3,True
EMP-800,Demo EMP-800,Sales,Sales Executive,Communication,Beginner,0,True
EMP-802,Demo EMP-802,Research & Development,Research Scientist,Laboratory Methods,Advanced,4,True
EMP-802,Demo EMP-802,Research & Development,Research Scientist,Research,Beginner,5,True
EMP-802,Demo EMP-802,Research & Development,Research Scientist,Python,Intermediate,3,True
EMP-802,Demo EMP-802,Research & Development,Research Scientist,PyTorch,Intermediate,4,True
EMP-803,Demo EMP-803,Research & Development,Manufacturing Director,LLMs,Beginner,5,True
EMP-803,Demo EMP-803,Research & Development,Manufacturing Director,AWS,Advanced,1,True
EMP-803,Demo EMP-803,Research & Development,Manufacturing Director,MLOps,Beginner,1,True
EMP-803,Demo EMP-803,Research & Development,Manufacturing Director,Machine Learning,Beginner,5,True
EMP-804,Demo EMP-804,Research & Development,Research Scientist,Docker,Advanced,3,True
EMP-804,Demo EMP-804,Research & Development,Research Scientist,Laboratory Methods,Beginner,2,True
EMP-804,Demo EMP-804,Research & Development,Research Scientist,LLMs,Intermediate,5,True
EMP-804,Demo EMP-804,Research & Development,Research Scientist,SQL,Intermediate,4,True
EMP-805,Demo EMP-805,Sales,Sales Representative,Communication,Beginner,1,True
EMP-805,Demo EMP-805,Sales,Sales Representative,SQL,Advanced,3,True
EMP-805,Demo EMP-805,Sales,Sales Representative,Sales,Beginner,1,True
EMP-805,Demo EMP-805,Sales,Sales Representative,CRM,Beginner,3,True
EMP-806,Demo EMP-806,Research & Development,Laboratory Technician,LLMs,Intermediate,0,True
EMP-806,Demo EMP-806,Research & Development,Laboratory Technician,Laboratory Methods,Advanced,1,True
EMP-806,Demo EMP-806,Research & Development,Laboratory Technician,PyTorch,Intermediate,0,True
EMP-806,Demo EMP-806,Research & Development,Laboratory Technician,RAG,Advanced,1,True
EMP-807,Demo EMP-807,Research & Development,Healthcare Representative,MLOps,Intermediate,3,True
EMP-807,Demo EMP-807,Research & Development,Healthcare Representative,PyTorch,Advanced,2,True
EMP-807,Demo EMP-807,Research & Development,Healthcare Representative,Laboratory Methods,Beginner,4,True
EMP-807,Demo EMP-807,Research & Development,Healthcare Representative,AWS,Intermediate,2,True
EMP-808,Demo EMP-808,Sales,Sales Executive,CRM,Intermediate,2,True
EMP-808,Demo EMP-808,Sales,Sales Executive,Sales,Intermediate,3,True
EMP-808,Demo EMP-808,Sales,Sales Executive,Excel,Beginner,0,True
EMP-808,Demo EMP-808,Sales,Sales Executive,Communication,Intermediate,5,True
EMP-809,Demo EMP-809,Research & Development,Manager,SQL,Intermediate,0,True
EMP-809,Demo EMP-809,Research & Development,Manager,AWS,Beginner,1,True
EMP-809,Demo EMP-809,Research & Development,Manager,Docker,Advanced,3,True
EMP-809,Demo EMP-809,Research & Development,Manager,LLMs,Intermediate,3,True
EMP-811,Demo EMP-811,Research & Development,Laboratory Technician,Docker,Intermediate,3,True
EMP-811,Demo EMP-811,Research & Development,Laboratory Technician,PyTorch,Beginner,0,True
EMP-811,Demo EMP-811,Research & Development,Laboratory Technician,Research,Advanced,4,True
EMP-811,Demo EMP-811,Research & Development,Laboratory Technician,Machine Learning,Intermediate,1,True
EMP-812,Demo EMP-812,Research & Development,Laboratory Technician,SQL,Beginner,0,True
EMP-812,Demo EMP-812,Research & Development,Laboratory Technician,Docker,Intermediate,2,True
EMP-812,Demo EMP-812,Research & Development,Laboratory Technician,Machine Learning,Intermediate,5,True
EMP-812,Demo EMP-812,Research & Development,Laboratory Technician,MLOps,Beginner,0,True
EMP-813,Demo EMP-813,Research & Development,Laboratory Technician,MLOps,Intermediate,3,True
EMP-813,Demo EMP-813,Research & Development,Laboratory Technician,LLMs,Intermediate,2,True
EMP-813,Demo EMP-813,Research & Development,Laboratory Technician,Docker,Intermediate,4,True
EMP-813,Demo EMP-813,Research & Development,Laboratory Technician,Machine Learning,Advanced,4,True
EMP-815,Demo EMP-815,Research & Development,Research Director,SQL,Intermediate,3,True
EMP-815,Demo EMP-815,Research & Development,Research Director,PyTorch,Intermediate,1,True
EMP-815,Demo EMP-815,Research & Development,Research Director,LLMs,Beginner,3,True
EMP-815,Demo EMP-815,Research & Development,Research Director,Python,Intermediate,1,True
EMP-816,Demo EMP-816,Research & Development,Laboratory Technician,Laboratory Methods,Intermediate,5,True
EMP-816,Demo EMP-816,Research & Development,Laboratory Technician,Python,Beginner,3,True
EMP-816,Demo EMP-816,Research & Development,Laboratory Technician,LLMs,Advanced,2,True
EMP-816,Demo EMP-816,Research & Development,Laboratory Technician,Docker,Intermediate,5,True
EMP-817,Demo EMP-817,Research & Development,Research Director,PyTorch,Intermediate,2,True
EMP-817,Demo EMP-817,Research & Development,Research Director,Python,Beginner,2,True
EMP-817,Demo EMP-817,Research & Development,Research Director,Research,Beginner,4,True
EMP-817,Demo EMP-817,Research & Development,Research Director,LLMs,Intermediate,2,True
EMP-819,Demo EMP-819,Sales,Sales Executive,Data Analysis,Intermediate,5,True
EMP-819,Demo EMP-819,Sales,Sales Executive,Sales,Intermediate,0,True
EMP-819,Demo EMP-819,Sales,Sales Executive,CRM,Intermediate,3,True
EMP-819,Demo EMP-819,Sales,Sales Executive,SQL,Intermediate,3,True
EMP-820,Demo EMP-820,Research & Development,Manager,MLOps,Beginner,4,True
EMP-820,Demo EMP-820,Research & Development,Manager,Docker,Intermediate,1,True
EMP-820,Demo EMP-820,Research & Development,Manager,AWS,Beginner,2,True
EMP-820,Demo EMP-820,Research & Development,Manager,Python,Intermediate,0,True
EMP-823,Demo EMP-823,Research & Development,Manufacturing Director,RAG,Intermediate,2,True
EMP-823,Demo EMP-823,Research & Development,Manufacturing Director,Python,Intermediate,0,True
EMP-823,Demo EMP-823,Research & Development,Manufacturing Director,MLOps,Intermediate,0,True
EMP-823,Demo EMP-823,Research & Development,Manufacturing Director,SQL,Intermediate,4,True
EMP-824,Demo EMP-824,Research & Development,Research Scientist,Machine Learning,Beginner,3,True
EMP-824,Demo EMP-824,Research & Development,Research Scientist,PyTorch,Intermediate,1,True
EMP-824,Demo EMP-824,Research & Development,Research Scientist,Python,Advanced,1,True
EMP-824,Demo EMP-824,Research & Development,Research Scientist,Docker,Intermediate,4,True
EMP-825,Demo EMP-825,Research & Development,Research Director,Research,Advanced,4,True
EMP-825,Demo EMP-825,Research & Development,Research Director,RAG,Beginner,4,True
EMP-825,Demo EMP-825,Research & Development,Research Director,PyTorch,Intermediate,4,True
EMP-825,Demo EMP-825,Research & Development,Research Director,SQL,Beginner,2,True
EMP-826,Demo EMP-826,Research & Development,Research Scientist,SQL,Beginner,4,True
EMP-826,Demo EMP-826,Research & Development,Research Scientist,RAG,Advanced,2,True
EMP-826,Demo EMP-826,Research & Development,Research Scientist,Research,Advanced,3,True
EMP-826,Demo EMP-826,Research & Development,Research Scientist,Machine Learning,Intermediate,3,True
EMP-827,Demo EMP-827,Research & Development,Manufacturing Director,Research,Advanced,3,True
EMP-827,Demo EMP-827,Research & Development,Manufacturing Director,AWS,Intermediate,0,True
EMP-827,Demo EMP-827,Research & Development,Manufacturing Director,Docker,Intermediate,2,True
EMP-827,Demo EMP-827,Research & Development,Manufacturing Director,PyTorch,Advanced,2,True
EMP-828,Demo EMP-828,Research & Development,Research Scientist,RAG,Beginner,2,True
EMP-828,Demo EMP-828,Research & Development,Research Scientist,SQL,Beginner,3,True
EMP-828,Demo EMP-828,Research & Development,Research Scientist,PyTorch,Intermediate,1,True
EMP-828,Demo EMP-828,Research & Development,Research Scientist,AWS,Advanced,1,True
EMP-829,Demo EMP-829,Human Resources,Human Resources,Communication,Intermediate,0,True
EMP-829,Demo EMP-829,Human Resources,Human Resources,SQL,Beginner,1,True
EMP-829,Demo EMP-829,Human Resources,Human Resources,Excel,Advanced,4,True
EMP-829,Demo EMP-829,Human Resources,Human Resources,Data Analysis,Beginner,5,True
EMP-830,Demo EMP-830,Research & Development,Manufacturing Director,Python,Intermediate,4,True
EMP-830,Demo EMP-830,Research & Development,Manufacturing Director,MLOps,Intermediate,4,True
EMP-830,Demo EMP-830,Research & Development,Manufacturing Director,Machine Learning,Advanced,5,True
EMP-830,Demo EMP-830,Research & Development,Manufacturing Director,SQL,Beginner,3,True
EMP-832,Demo EMP-832,Research & Development,Laboratory Technician,Laboratory Methods,Intermediate,3,True
EMP-832,Demo EMP-832,Research & Development,Laboratory Technician,AWS,Beginner,0,True
EMP-832,Demo EMP-832,Research & Development,Laboratory Technician,RAG,Advanced,1,True
EMP-832,Demo EMP-832,Research & Development,Laboratory Technician,MLOps,Beginner,5,True
EMP-833,Demo EMP-833,Research & Development,Manufacturing Director,AWS,Advanced,0,True
EMP-833,Demo EMP-833,Research & Development,Manufacturing Director,Laboratory Methods,Advanced,4,True
EMP-833,Demo EMP-833,Research & Development,Manufacturing Director,MLOps,Intermediate,5,True
EMP-833,Demo EMP-833,Research & Development,Manufacturing Director,Python,Intermediate,2,True
EMP-834,Demo EMP-834,Research & Development,Research Scientist,MLOps,Intermediate,4,True
EMP-834,Demo EMP-834,Research & Development,Research Scientist,Laboratory Methods,Beginner,5,True
EMP-834,Demo EMP-834,Research & Development,Research Scientist,SQL,Advanced,5,True
EMP-834,Demo EMP-834,Research & Development,Research Scientist,Machine Learning,Intermediate,3,True
EMP-836,Demo EMP-836,Research & Development,Manufacturing Director,AWS,Intermediate,3,True
EMP-836,Demo EMP-836,Research & Development,Manufacturing Director,RAG,Advanced,2,True
EMP-836,Demo EMP-836,Research & Development,Manufacturing Director,SQL,Beginner,4,True
EMP-836,Demo EMP-836,Research & Development,Manufacturing Director,Python,Beginner,5,True
EMP-837,Demo EMP-837,Research & Development,Healthcare Representative,PyTorch,Intermediate,1,True
EMP-837,Demo EMP-837,Research & Development,Healthcare Representative,Laboratory Methods,Intermediate,4,True
EMP-837,Demo EMP-837,Research & Development,Healthcare Representative,MLOps,Beginner,1,True
EMP-837,Demo EMP-837,Research & Development,Healthcare Representative,Python,Beginner,3,True
EMP-838,Demo EMP-838,Research & Development,Research Scientist,Laboratory Methods,Advanced,0,True
EMP-838,Demo EMP-838,Research & Development,Research Scientist,RAG,Intermediate,2,True
EMP-838,Demo EMP-838,Research & Development,Research Scientist,Machine Learning,Intermediate,5,True
EMP-838,Demo EMP-838,Research & Development,Research Scientist,LLMs,Intermediate,5,True
EMP-840,Demo EMP-840,Sales,Sales Executive,CRM,Advanced,0,True
EMP-840,Demo EMP-840,Sales,Sales Executive,Communication,Beginner,5,True
EMP-840,Demo EMP-840,Sales,Sales Executive,Data Analysis,Intermediate,1,True
EMP-840,Demo EMP-840,Sales,Sales Executive,SQL,Beginner,1,True
EMP-842,Demo EMP-842,Sales,Sales Executive,Excel,Advanced,0,True
EMP-842,Demo EMP-842,Sales,Sales Executive,Communication,Advanced,1,True
EMP-842,Demo EMP-842,Sales,Sales Executive,Data Analysis,Advanced,2,True
EMP-842,Demo EMP-842,Sales,Sales Executive,SQL,Beginner,0,True
EMP-843,Demo EMP-843,Research & Development,Research Director,LLMs,Intermediate,4,True
EMP-843,Demo EMP-843,Research & Development,Research Director,MLOps,Intermediate,4,True
EMP-843,Demo EMP-843,Research & Development,Research Director,AWS,Beginner,1,True
EMP-843,Demo EMP-843,Research & Development,Research Director,Research,Intermediate,0,True
EMP-844,Demo EMP-844,Research & Development,Research Director,Python,Intermediate,3,True
EMP-844,Demo EMP-844,Research & Development,Research Director,LLMs,Intermediate,4,True
EMP-844,Demo EMP-844,Research & Development,Research Director,Research,Intermediate,3,True
EMP-844,Demo EMP-844,Research & Development,Research Director,Docker,Intermediate,3,True
EMP-845,Demo EMP-845,Research & Development,Manufacturing Director,RAG,Beginner,2,True
EMP-845,Demo EMP-845,Research & Development,Manufacturing Director,PyTorch,Intermediate,4,True
EMP-845,Demo EMP-845,Research & Development,Manufacturing Director,Laboratory Methods,Beginner,3,True
EMP-845,Demo EMP-845,Research & Development,Manufacturing Director,MLOps,Intermediate,4,True
EMP-846,Demo EMP-846,Sales,Sales Executive,Excel,Intermediate,1,True
EMP-846,Demo EMP-846,Sales,Sales Executive,SQL,Intermediate,3,True
EMP-846,Demo EMP-846,Sales,Sales Executive,Data Analysis,Advanced,4,True
EMP-846,Demo EMP-846,Sales,Sales Executive,CRM,Intermediate,0,True
EMP-847,Demo EMP-847,Human Resources,Human Resources,Project Management,Beginner,2,True
EMP-847,Demo EMP-847,Human Resources,Human Resources,Data Analysis,Intermediate,3,True
EMP-847,Demo EMP-847,Human Resources,Human Resources,Communication,Intermediate,5,True
EMP-847,Demo EMP-847,Human Resources,Human Resources,Excel,Intermediate,1,True
EMP-848,Demo EMP-848,Research & Development,Research Scientist,Docker,Intermediate,5,True
EMP-848,Demo EMP-848,Research & Development,Research Scientist,LLMs,Intermediate,0,True
EMP-848,Demo EMP-848,Research & Development,Research Scientist,Research,Intermediate,1,True
EMP-848,Demo EMP-848,Research & Development,Research Scientist,Machine Learning,Intermediate,3,True
EMP-850,Demo EMP-850,Research & Development,Research Scientist,Laboratory Methods,Advanced,5,True
EMP-850,Demo EMP-850,Research & Development,Research Scientist,SQL,Beginner,1,True
EMP-850,Demo EMP-850,Research & Development,Research Scientist,Machine Learning,Intermediate,4,True
EMP-850,Demo EMP-850,Research & Development,Research Scientist,LLMs,Advanced,5,True
EMP-851,Demo EMP-851,Sales,Manager,Data Analysis,Intermediate,4,True
EMP-851,Demo EMP-851,Sales,Manager,CRM,Intermediate,2,True
EMP-851,Demo EMP-851,Sales,Manager,Sales,Beginner,3,True
EMP-851,Demo EMP-851,Sales,Manager,SQL,Intermediate,3,True
EMP-852,Demo EMP-852,Research & Development,Healthcare Representative,Python,Intermediate,2,True
EMP-852,Demo EMP-852,Research & Development,Healthcare Representative,Machine Learning,Intermediate,4,True
EMP-852,Demo EMP-852,Research & Development,Healthcare Representative,MLOps,Beginner,1,True
EMP-852,Demo EMP-852,Research & Development,Healthcare Representative,Docker,Intermediate,1,True
EMP-854,Demo EMP-854,Research & Development,Research Scientist,SQL,Intermediate,0,True
EMP-854,Demo EMP-854,Research & Development,Research Scientist,LLMs,Intermediate,2,True
EMP-854,Demo EMP-854,Research & Development,Research Scientist,RAG,Intermediate,1,True
EMP-854,Demo EMP-854,Research & Development,Research Scientist,Machine Learning,Beginner,1,True
EMP-855,Demo EMP-855,Sales,Sales Executive,Sales,Intermediate,2,True
EMP-855,Demo EMP-855,Sales,Sales Executive,SQL,Beginner,0,True
EMP-855,Demo EMP-855,Sales,Sales Executive,CRM,Beginner,4,True
EMP-855,Demo EMP-855,Sales,Sales Executive,Excel,Beginner,5,True
EMP-856,Demo EMP-856,Research & Development,Research Scientist,Python,Beginner,5,True
EMP-856,Demo EMP-856,Research & Development,Research Scientist,Laboratory Methods,Intermediate,1,True
EMP-856,Demo EMP-856,Research & Development,Research Scientist,Docker,Advanced,0,True
EMP-856,Demo EMP-856,Research & Development,Research Scientist,AWS,Intermediate,5,True
EMP-857,Demo EMP-857,Sales,Sales Executive,SQL,Intermediate,4,True
EMP-857,Demo EMP-857,Sales,Sales Executive,Communication,Advanced,2,True
EMP-857,Demo EMP-857,Sales,Sales Executive,Data Analysis,Intermediate,0,True
EMP-857,Demo EMP-857,Sales,Sales Executive,Sales,Beginner,3,True
EMP-859,Demo EMP-859,Sales,Sales Executive,Communication,Beginner,3,True
EMP-859,Demo EMP-859,Sales,Sales Executive,Sales,Beginner,3,True
EMP-859,Demo EMP-859,Sales,Sales Executive,Excel,Intermediate,3,True
EMP-859,Demo EMP-859,Sales,Sales Executive,SQL,Intermediate,4,True
EMP-861,Demo EMP-861,Research & Development,Research Scientist,LLMs,Intermediate,4,True
EMP-861,Demo EMP-861,Research & Development,Research Scientist,Docker,Intermediate,1,True
EMP-861,Demo EMP-861,Research & Development,Research Scientist,Laboratory Methods,Beginner,3,True
EMP-861,Demo EMP-861,Research & Development,Research Scientist,Machine Learning,Advanced,4,True
EMP-862,Demo EMP-862,Sales,Sales Executive,Sales,Intermediate,1,True
EMP-862,Demo EMP-862,Sales,Sales Executive,SQL,Beginner,0,True
EMP-862,Demo EMP-862,Sales,Sales Executive,Data Analysis,Intermediate,1,True
EMP-862,Demo EMP-862,Sales,Sales Executive,CRM,Beginner,3,True
EMP-864,Demo EMP-864,Sales,Sales Executive,SQL,Intermediate,4,True
EMP-864,Demo EMP-864,Sales,Sales Executive,Excel,Advanced,0,True
EMP-864,Demo EMP-864,Sales,Sales Executive,CRM,Beginner,2,True
EMP-864,Demo EMP-864,Sales,Sales Executive,Communication,Beginner,1,True
EMP-865,Demo EMP-865,Research & Development,Research Scientist,RAG,Intermediate,2,True
EMP-865,Demo EMP-865,Research & Development,Research Scientist,LLMs,Intermediate,4,True
EMP-865,Demo EMP-865,Research & Development,Research Scientist,Docker,Intermediate,0,True
EMP-865,Demo EMP-865,Research & Development,Research Scientist,Research,Intermediate,4,True
EMP-867,Demo EMP-867,Research & Development,Manufacturing Director,Python,Beginner,0,True
EMP-867,Demo EMP-867,Research & Development,Manufacturing Director,Research,Intermediate,0,True
EMP-867,Demo EMP-867,Research & Development,Manufacturing Director,RAG,Intermediate,5,True
EMP-867,Demo EMP-867,Research & Development,Manufacturing Director,Laboratory Methods,Beginner,4,True
EMP-868,Demo EMP-868,Sales,Sales Executive,Sales,Intermediate,4,True
EMP-868,Demo EMP-868,Sales,Sales Executive,Data Analysis,Beginner,4,True
EMP-868,Demo EMP-868,Sales,Sales Executive,CRM,Advanced,3,True
EMP-868,Demo EMP-868,Sales,Sales Executive,SQL,Advanced,4,True
EMP-869,Demo EMP-869,Human Resources,Human Resources,Communication,Intermediate,5,True
EMP-869,Demo EMP-869,Human Resources,Human Resources,Excel,Intermediate,3,True
EMP-869,Demo EMP-869,Human Resources,Human Resources,Data Analysis,Advanced,3,True
EMP-869,Demo EMP-869,Human Resources,Human Resources,Project Management,Intermediate,2,True
EMP-872,Demo EMP-872,Research & Development,Manufacturing Director,LLMs,Intermediate,5,True
EMP-872,Demo EMP-872,Research & Development,Manufacturing Director,Laboratory Methods,Beginner,2,True
EMP-872,Demo EMP-872,Research & Development,Manufacturing Director,Python,Advanced,4,True
EMP-872,Demo EMP-872,Research & Development,Manufacturing Director,PyTorch,Advanced,5,True
EMP-874,Demo EMP-874,Research & Development,Laboratory Technician,RAG,Advanced,2,True
EMP-874,Demo EMP-874,Research & Development,Laboratory Technician,Python,Intermediate,4,True
EMP-874,Demo EMP-874,Research & Development,Laboratory Technician,AWS,Beginner,3,True
EMP-874,Demo EMP-874,Research & Development,Laboratory Technician,PyTorch,Beginner,3,True
EMP-875,Demo EMP-875,Research & Development,Research Scientist,RAG,Intermediate,5,True
EMP-875,Demo EMP-875,Research & Development,Research Scientist,LLMs,Advanced,2,True
EMP-875,Demo EMP-875,Research & Development,Research Scientist,Python,Intermediate,4,True
EMP-875,Demo EMP-875,Research & Development,Research Scientist,SQL,Beginner,1,True
EMP-878,Demo EMP-878,Human Resources,Human Resources,Project Management,Advanced,3,True
EMP-878,Demo EMP-878,Human Resources,Human Resources,Data Analysis,Advanced,4,True
EMP-878,Demo EMP-878,Human Resources,Human Resources,Excel,Advanced,3,True
EMP-878,Demo EMP-878,Human Resources,Human Resources,Communication,Beginner,5,True
EMP-879,Demo EMP-879,Sales,Sales Executive,Communication,Beginner,0,True
EMP-879,Demo EMP-879,Sales,Sales Executive,SQL,Advanced,1,True
EMP-879,Demo EMP-879,Sales,Sales Executive,Sales,Intermediate,1,True
EMP-879,Demo EMP-879,Sales,Sales Executive,CRM,Intermediate,1,True
EMP-880,Demo EMP-880,Research & Development,Manufacturing Director,Python,Advanced,1,True
EMP-880,Demo EMP-880,Research & Development,Manufacturing Director,Laboratory Methods,Beginner,1,True
EMP-880,Demo EMP-880,Research & Development,Manufacturing Director,Machine Learning,Intermediate,2,True
EMP-880,Demo EMP-880,Research & Development,Manufacturing Director,Research,Beginner,2,True
EMP-881,Demo EMP-881,Research & Development,Research Scientist,AWS,Intermediate,2,True
EMP-881,Demo EMP-881,Research & Development,Research Scientist,Docker,Beginner,1,True
EMP-881,Demo EMP-881,Research & Development,Research Scientist,MLOps,Intermediate,1,True
EMP-881,Demo EMP-881,Research & Development,Research Scientist,Research,Intermediate,0,True
EMP-882,Demo EMP-882,Research & Development,Laboratory Technician,Python,Beginner,5,True
EMP-882,Demo EMP-882,Research & Development,Laboratory Technician,AWS,Intermediate,0,True
EMP-882,Demo EMP-882,Research & Development,Laboratory Technician,Research,Advanced,0,True
EMP-882,Demo EMP-882,Research & Development,Laboratory Technician,RAG,Intermediate,5,True
EMP-885,Demo EMP-885,Sales,Sales Executive,Excel,Advanced,1,True
EMP-885,Demo EMP-885,Sales,Sales Executive,Data Analysis,Intermediate,4,True
EMP-885,Demo EMP-885,Sales,Sales Executive,CRM,Beginner,1,True
EMP-885,Demo EMP-885,Sales,Sales Executive,Sales,Beginner,2,True
EMP-887,Demo EMP-887,Research & Development,Research Scientist,Python,Advanced,0,True
EMP-887,Demo EMP-887,Research & Development,Research Scientist,Laboratory Methods,Intermediate,3,True
EMP-887,Demo EMP-887,Research & Development,Research Scientist,RAG,Intermediate,5,True
EMP-887,Demo EMP-887,Research & Development,Research Scientist,MLOps,Advanced,0,True
EMP-888,Demo EMP-888,Research & Development,Laboratory Technician,Research,Beginner,0,True
EMP-888,Demo EMP-888,Research & Development,Laboratory Technician,Laboratory Methods,Advanced,3,True
EMP-888,Demo EMP-888,Research & Development,Laboratory Technician,SQL,Beginner,2,True
EMP-888,Demo EMP-888,Research & Development,Laboratory Technician,Python,Intermediate,0,True
EMP-889,Demo EMP-889,Sales,Sales Executive,Sales,Intermediate,1,True
EMP-889,Demo EMP-889,Sales,Sales Executive,SQL,Intermediate,5,True
EMP-889,Demo EMP-889,Sales,Sales Executive,Communication,Beginner,0,True
EMP-889,Demo EMP-889,Sales,Sales Executive,Excel,Intermediate,3,True
EMP-893,Demo EMP-893,Sales,Sales Representative,SQL,Advanced,5,True
EMP-893,Demo EMP-893,Sales,Sales Representative,Sales,Intermediate,5,True
EMP-893,Demo EMP-893,Sales,Sales Representative,CRM,Advanced,5,True
EMP-893,Demo EMP-893,Sales,Sales Representative,Excel,Beginner,0,True
EMP-894,Demo EMP-894,Research & Development,Laboratory Technician,Docker,Beginner,1,True
EMP-894,Demo EMP-894,Research & Development,Laboratory Technician,Research,Intermediate,5,True
EMP-894,Demo EMP-894,Research & Development,Laboratory Technician,AWS,Intermediate,2,True
EMP-894,Demo EMP-894,Research & Development,Laboratory Technician,Machine Learning,Beginner,2,True
EMP-895,Demo EMP-895,Research & Development,Research Scientist,Laboratory Methods,Intermediate,2,True
EMP-895,Demo EMP-895,Research & Development,Research Scientist,MLOps,Intermediate,5,True
EMP-895,Demo EMP-895,Research & Development,Research Scientist,Python,Intermediate,0,True
EMP-895,Demo EMP-895,Research & Development,Research Scientist,RAG,Beginner,5,True
EMP-896,Demo EMP-896,Sales,Sales Representative,SQL,Intermediate,1,True
EMP-896,Demo EMP-896,Sales,Sales Representative,Excel,Beginner,4,True
EMP-896,Demo EMP-896,Sales,Sales Representative,Communication,Intermediate,5,True
EMP-896,Demo EMP-896,Sales,Sales Representative,Sales,Advanced,1,True
EMP-897,Demo EMP-897,Sales,Sales Executive,Communication,Beginner,1,True
EMP-897,Demo EMP-897,Sales,Sales Executive,Data Analysis,Beginner,2,True
EMP-897,Demo EMP-897,Sales,Sales Executive,Sales,Intermediate,3,True
EMP-897,Demo EMP-897,Sales,Sales Executive,CRM,Intermediate,2,True
EMP-899,Demo EMP-899,Research & Development,Manufacturing Director,Docker,Advanced,1,True
EMP-899,Demo EMP-899,Research & Development,Manufacturing Director,AWS,Intermediate,4,True
EMP-899,Demo EMP-899,Research & Development,Manufacturing Director,PyTorch,Beginner,5,True
EMP-899,Demo EMP-899,Research & Development,Manufacturing Director,Research,Beginner,2,True
EMP-900,Demo EMP-900,Sales,Sales Representative,Sales,Intermediate,5,True
EMP-900,Demo EMP-900,Sales,Sales Representative,Excel,Intermediate,5,True
EMP-900,Demo EMP-900,Sales,Sales Representative,CRM,Intermediate,2,True
EMP-900,Demo EMP-900,Sales,Sales Representative,SQL,Advanced,5,True
EMP-901,Demo EMP-901,Research & Development,Research Director,Research,Intermediate,3,True
EMP-901,Demo EMP-901,Research & Development,Research Director,LLMs,Intermediate,5,True
EMP-901,Demo EMP-901,Research & Development,Research Director,Docker,Intermediate,4,True
EMP-901,Demo EMP-901,Research & Development,Research Director,AWS,Intermediate,2,True
EMP-902,Demo EMP-902,Research & Development,Healthcare Representative,SQL,Intermediate,2,True
EMP-902,Demo EMP-902,Research & Development,Healthcare Representative,MLOps,Beginner,5,True
EMP-902,Demo EMP-902,Research & Development,Healthcare Representative,AWS,Advanced,3,True
EMP-902,Demo EMP-902,Research & Development,Healthcare Representative,LLMs,Intermediate,4,True
EMP-903,Demo EMP-903,Sales,Sales Executive,SQL,Intermediate,4,True
EMP-903,Demo EMP-903,Sales,Sales Executive,Communication,Advanced,3,True
EMP-903,Demo EMP-903,Sales,Sales Executive,Sales,Beginner,5,True
EMP-903,Demo EMP-903,Sales,Sales Executive,Data Analysis,Intermediate,1,True
EMP-904,Demo EMP-904,Sales,Sales Executive,Excel,Intermediate,0,True
EMP-904,Demo EMP-904,Sales,Sales Executive,Communication,Advanced,0,True
EMP-904,Demo EMP-904,Sales,Sales Executive,Data Analysis,Intermediate,3,True
EMP-904,Demo EMP-904,Sales,Sales Executive,Sales,Intermediate,2,True
EMP-905,Demo EMP-905,Research & Development,Manager,Research,Beginner,5,True
EMP-905,Demo EMP-905,Research & Development,Manager,SQL,Advanced,0,True
EMP-905,Demo EMP-905,Research & Development,Manager,Machine Learning,Beginner,2,True
EMP-905,Demo EMP-905,Research & Development,Manager,Laboratory Methods,Intermediate,4,True
EMP-909,Demo EMP-909,Human Resources,Human Resources,Data Analysis,Intermediate,3,True
EMP-909,Demo EMP-909,Human Resources,Human Resources,SQL,Beginner,3,True
EMP-909,Demo EMP-909,Human Resources,Human Resources,Communication,Intermediate,2,True
EMP-909,Demo EMP-909,Human Resources,Human Resources,Project Management,Beginner,1,True
EMP-910,Demo EMP-910,Human Resources,Human Resources,Project Management,Intermediate,0,True
EMP-910,Demo EMP-910,Human Resources,Human Resources,Communication,Intermediate,1,True
EMP-910,Demo EMP-910,Human Resources,Human Resources,Excel,Intermediate,2,True
EMP-910,Demo EMP-910,Human Resources,Human Resources,Data Analysis,Intermediate,5,True
EMP-911,Demo EMP-911,Research & Development,Laboratory Technician,Laboratory Methods,Intermediate,0,True
EMP-911,Demo EMP-911,Research & Development,Laboratory Technician,MLOps,Intermediate,0,True
EMP-911,Demo EMP-911,Research & Development,Laboratory Technician,Machine Learning,Intermediate,5,True
EMP-911,Demo EMP-911,Research & Development,Laboratory Technician,AWS,Intermediate,0,True
EMP-912,Demo EMP-912,Research & Development,Laboratory Technician,PyTorch,Beginner,1,True
EMP-912,Demo EMP-912,Research & Development,Laboratory Technician,Python,Advanced,5,True
EMP-912,Demo EMP-912,Research & Development,Laboratory Technician,SQL,Intermediate,1,True
EMP-912,Demo EMP-912,Research & Development,Laboratory Technician,Research,Advanced,2,True
EMP-913,Demo EMP-913,Research & Development,Research Scientist,RAG,Advanced,5,True
EMP-913,Demo EMP-913,Research & Development,Research Scientist,SQL,Intermediate,4,True
EMP-913,Demo EMP-913,Research & Development,Research Scientist,Research,Intermediate,0,True
EMP-913,Demo EMP-913,Research & Development,Research Scientist,AWS,Beginner,0,True
EMP-916,Demo EMP-916,Sales,Sales Executive,SQL,Intermediate,2,True
EMP-916,Demo EMP-916,Sales,Sales Executive,Sales,Beginner,5,True
EMP-916,Demo EMP-916,Sales,Sales Executive,CRM,Advanced,2,True
EMP-916,Demo EMP-916,Sales,Sales Executive,Excel,Beginner,0,True
EMP-918,Demo EMP-918,Research & Development,Laboratory Technician,Docker,Beginner,0,True
EMP-918,Demo EMP-918,Research & Development,Laboratory Technician,Machine Learning,Intermediate,3,True
EMP-918,Demo EMP-918,Research & Development,Laboratory Technician,RAG,Intermediate,1,True
EMP-918,Demo EMP-918,Research & Development,Laboratory Technician,Python,Intermediate,2,True
EMP-920,Demo EMP-920,Research & Development,Manufacturing Director,Research,Beginner,5,True
EMP-920,Demo EMP-920,Research & Development,Manufacturing Director,Python,Intermediate,5,True
EMP-920,Demo EMP-920,Research & Development,Manufacturing Director,MLOps,Intermediate,1,True
EMP-920,Demo EMP-920,Research & Development,Manufacturing Director,PyTorch,Intermediate,5,True
EMP-922,Demo EMP-922,Sales,Sales Representative,CRM,Advanced,5,True
EMP-922,Demo EMP-922,Sales,Sales Representative,SQL,Beginner,0,True
EMP-922,Demo EMP-922,Sales,Sales Representative,Excel,Advanced,4,True
EMP-922,Demo EMP-922,Sales,Sales Representative,Data Analysis,Intermediate,4,True
EMP-923,Demo EMP-923,Research & Development,Research Scientist,PyTorch,Intermediate,3,True
EMP-923,Demo EMP-923,Research & Development,Research Scientist,AWS,Intermediate,0,True
EMP-923,Demo EMP-923,Research & Development,Research Scientist,Laboratory Methods,Beginner,0,True
EMP-923,Demo EMP-923,Research & Development,Research Scientist,Machine Learning,Advanced,4,True
EMP-924,Demo EMP-924,Research & Development,Healthcare Representative,PyTorch,Advanced,5,True
EMP-924,Demo EMP-924,Research & Development,Healthcare Representative,Laboratory Methods,Beginner,0,True
EMP-924,Demo EMP-924,Research & Development,Healthcare Representative,Python,Intermediate,4,True
EMP-924,Demo EMP-924,Research & Development,Healthcare Representative,MLOps,Intermediate,2,True
EMP-925,Demo EMP-925,Sales,Sales Representative,SQL,Intermediate,4,True
EMP-925,Demo EMP-925,Sales,Sales Representative,Excel,Beginner,5,True
EMP-925,Demo EMP-925,Sales,Sales Representative,Communication,Intermediate,2,True
EMP-925,Demo EMP-925,Sales,Sales Representative,Data Analysis,Advanced,1,True
EMP-926,Demo EMP-926,Research & Development,Manufacturing Director,AWS,Advanced,2,True
EMP-926,Demo EMP-926,Research & Development,Manufacturing Director,Machine Learning,Intermediate,2,True
EMP-926,Demo EMP-926,Research & Development,Manufacturing Director,RAG,Intermediate,2,True
EMP-926,Demo EMP-926,Research & Development,Manufacturing Director,LLMs,Intermediate,1,True
EMP-927,Demo EMP-927,Research & Development,Laboratory Technician,Research,Advanced,5,True
EMP-927,Demo EMP-927,Research & Development,Laboratory Technician,Laboratory Methods,Advanced,5,True
EMP-927,Demo EMP-927,Research & Development,Laboratory Technician,LLMs,Intermediate,2,True
EMP-927,Demo EMP-927,Research & Development,Laboratory Technician,PyTorch,Intermediate,1,True
EMP-930,Demo EMP-930,Research & Development,Research Scientist,MLOps,Intermediate,4,True
EMP-930,Demo EMP-930,Research & Development,Research Scientist,Research,Advanced,0,True
EMP-930,Demo EMP-930,Research & Development,Research Scientist,AWS,Intermediate,4,True
EMP-930,Demo EMP-930,Research & Development,Research Scientist,RAG,Beginner,5,True
EMP-932,Demo EMP-932,Research & Development,Laboratory Technician,Laboratory Methods,Intermediate,3,True
EMP-932,Demo EMP-932,Research & Development,Laboratory Technician,AWS,Intermediate,2,True
EMP-932,Demo EMP-932,Research & Development,Laboratory Technician,PyTorch,Intermediate,2,True
EMP-932,Demo EMP-932,Research & Development,Laboratory Technician,RAG,Advanced,0,True
EMP-933,Demo EMP-933,Research & Development,Research Scientist,PyTorch,Intermediate,3,True
EMP-933,Demo EMP-933,Research & Development,Research Scientist,Docker,Advanced,1,True
EMP-933,Demo EMP-933,Research & Development,Research Scientist,RAG,Advanced,0,True
EMP-933,Demo EMP-933,Research & Development,Research Scientist,MLOps,Intermediate,5,True
EMP-934,Demo EMP-934,Research & Development,Laboratory Technician,Machine Learning,Beginner,4,True
EMP-934,Demo EMP-934,Research & Development,Laboratory Technician,PyTorch,Intermediate,2,True
EMP-934,Demo EMP-934,Research & Development,Laboratory Technician,Laboratory Methods,Advanced,2,True
EMP-934,Demo EMP-934,Research & Development,Laboratory Technician,LLMs,Intermediate,3,True
EMP-936,Demo EMP-936,Sales,Sales Executive,Sales,Advanced,0,True
EMP-936,Demo EMP-936,Sales,Sales Executive,Communication,Beginner,2,True
EMP-936,Demo EMP-936,Sales,Sales Executive,CRM,Intermediate,0,True
EMP-936,Demo EMP-936,Sales,Sales Executive,Data Analysis,Intermediate,1,True
EMP-939,Demo EMP-939,Research & Development,Research Scientist,SQL,Beginner,0,True
EMP-939,Demo EMP-939,Research & Development,Research Scientist,Docker,Advanced,3,True
EMP-939,Demo EMP-939,Research & Development,Research Scientist,PyTorch,Beginner,1,True
EMP-939,Demo EMP-939,Research & Development,Research Scientist,Python,Beginner,1,True
EMP-940,Demo EMP-940,Research & Development,Healthcare Representative,Machine Learning,Beginner,5,True
EMP-940,Demo EMP-940,Research & Development,Healthcare Representative,RAG,Intermediate,0,True
EMP-940,Demo EMP-940,Research & Development,Healthcare Representative,SQL,Beginner,1,True
EMP-940,Demo EMP-940,Research & Development,Healthcare Representative,Python,Intermediate,3,True
EMP-941,Demo EMP-941,Sales,Sales Representative,SQL,Intermediate,1,True
EMP-941,Demo EMP-941,Sales,Sales Representative,CRM,Advanced,1,True
EMP-941,Demo EMP-941,Sales,Sales Representative,Communication,Intermediate,0,True
EMP-941,Demo EMP-941,Sales,Sales Representative,Data Analysis,Intermediate,2,True
EMP-942,Demo EMP-942,Research & Development,Healthcare Representative,RAG,Beginner,0,True
EMP-942,Demo EMP-942,Research & Development,Healthcare Representative,AWS,Intermediate,0,True
EMP-942,Demo EMP-942,Research & Development,Healthcare Representative,LLMs,Beginner,2,True
EMP-942,Demo EMP-942,Research & Development,Healthcare Representative,Docker,Intermediate,3,True
EMP-944,Demo EMP-944,Research & Development,Laboratory Technician,PyTorch,Intermediate,0,True
EMP-944,Demo EMP-944,Research & Development,Laboratory Technician,SQL,Intermediate,3,True
EMP-944,Demo EMP-944,Research & Development,Laboratory Technician,Machine Learning,Advanced,1,True
EMP-944,Demo EMP-944,Research & Development,Laboratory Technician,Docker,Intermediate,3,True
EMP-945,Demo EMP-945,Research & Development,Research Scientist,LLMs,Beginner,1,True
EMP-945,Demo EMP-945,Research & Development,Research Scientist,AWS,Intermediate,3,True
EMP-945,Demo EMP-945,Research & Development,Research Scientist,Docker,Intermediate,2,True
EMP-945,Demo EMP-945,Research & Development,Research Scientist,Laboratory Methods,Intermediate,0,True
EMP-947,Demo EMP-947,Sales,Sales Executive,CRM,Intermediate,5,True
EMP-947,Demo EMP-947,Sales,Sales Executive,Sales,Intermediate,4,True
EMP-947,Demo EMP-947,Sales,Sales Executive,Communication,Intermediate,4,True
EMP-947,Demo EMP-947,Sales,Sales Executive,SQL,Intermediate,3,True
EMP-949,Demo EMP-949,Research & Development,Research Scientist,MLOps,Intermediate,1,True
EMP-949,Demo EMP-949,Research & Development,Research Scientist,AWS,Advanced,2,True
EMP-949,Demo EMP-949,Research & Development,Research Scientist,SQL,Intermediate,1,True
EMP-949,Demo EMP-949,Research & Development,Research Scientist,Machine Learning,Advanced,4,True
EMP-950,Demo EMP-950,Research & Development,Research Director,Docker,Intermediate,3,True
EMP-950,Demo EMP-950,Research & Development,Research Director,MLOps,Beginner,0,True
EMP-950,Demo EMP-950,Research & Development,Research Director,Python,Intermediate,1,True
EMP-950,Demo EMP-950,Research & Development,Research Director,RAG,Beginner,2,True
EMP-951,Demo EMP-951,Research & Development,Laboratory Technician,Research,Intermediate,5,True
EMP-951,Demo EMP-951,Research & Development,Laboratory Technician,Docker,Advanced,4,True
EMP-951,Demo EMP-951,Research & Development,Laboratory Technician,AWS,Beginner,5,True
EMP-951,Demo EMP-951,Research & Development,Laboratory Technician,PyTorch,Intermediate,2,True
EMP-952,Demo EMP-952,Sales,Sales Representative,Sales,Advanced,3,True
EMP-952,Demo EMP-952,Sales,Sales Representative,Data Analysis,Advanced,0,True
EMP-952,Demo EMP-952,Sales,Sales Representative,Excel,Beginner,3,True
EMP-952,Demo EMP-952,Sales,Sales Representative,CRM,Intermediate,2,True
EMP-954,Demo EMP-954,Sales,Sales Executive,CRM,Intermediate,1,True
EMP-954,Demo EMP-954,Sales,Sales Executive,Sales,Advanced,5,True
EMP-954,Demo EMP-954,Sales,Sales Executive,SQL,Beginner,4,True
EMP-954,Demo EMP-954,Sales,Sales Executive,Data Analysis,Advanced,1,True
EMP-956,Demo EMP-956,Sales,Sales Executive,Sales,Beginner,4,True
EMP-956,Demo EMP-956,Sales,Sales Executive,Excel,Intermediate,1,True
EMP-956,Demo EMP-956,Sales,Sales Executive,Communication,Beginner,0,True
EMP-956,Demo EMP-956,Sales,Sales Executive,Data Analysis,Intermediate,2,True
EMP-957,Demo EMP-957,Research & Development,Laboratory Technician,Machine Learning,Intermediate,5,True
EMP-957,Demo EMP-957,Research & Development,Laboratory Technician,Laboratory Methods,Beginner,5,True
EMP-957,Demo EMP-957,Research & Development,Laboratory Technician,MLOps,Intermediate,1,True
EMP-957,Demo EMP-957,Research & Development,Laboratory Technician,LLMs,Advanced,1,True
EMP-958,Demo EMP-958,Research & Development,Laboratory Technician,AWS,Beginner,2,True
EMP-958,Demo EMP-958,Research & Development,Laboratory Technician,Research,Intermediate,5,True
EMP-958,Demo EMP-958,Research & Development,Laboratory Technician,Machine Learning,Beginner,3,True
EMP-958,Demo EMP-958,Research & Development,Laboratory Technician,Python,Beginner,2,True
EMP-959,Demo EMP-959,Sales,Sales Representative,SQL,Advanced,4,True
EMP-959,Demo EMP-959,Sales,Sales Representative,Data Analysis,Beginner,0,True
EMP-959,Demo EMP-959,Sales,Sales Representative,Sales,Intermediate,5,True
EMP-959,Demo EMP-959,Sales,Sales Representative,CRM,Beginner,0,True
EMP-960,Demo EMP-960,Research & Development,Laboratory Technician,Research,Beginner,1,True
EMP-960,Demo EMP-960,Research & Development,Laboratory Technician,AWS,Beginner,5,True
EMP-960,Demo EMP-960,Research & Development,Laboratory Technician,Docker,Advanced,5,True
EMP-960,Demo EMP-960,Research & Development,Laboratory Technician,Python,Beginner,0,True
EMP-961,Demo EMP-961,Research & Development,Healthcare Representative,Laboratory Methods,Beginner,5,True
EMP-961,Demo EMP-961,Research & Development,Healthcare Representative,PyTorch,Intermediate,2,True
EMP-961,Demo EMP-961,Research & Development,Healthcare Representative,SQL,Beginner,2,True
EMP-961,Demo EMP-961,Research & Development,Healthcare Representative,RAG,Advanced,3,True
EMP-964,Demo EMP-964,Research & Development,Research Scientist,PyTorch,Intermediate,4,True
EMP-964,Demo EMP-964,Research & Development,Research Scientist,AWS,Intermediate,5,True
EMP-964,Demo EMP-964,Research & Development,Research Scientist,MLOps,Intermediate,5,True
EMP-964,Demo EMP-964,Research & Development,Research Scientist,Docker,Intermediate,3,True
EMP-966,Demo EMP-966,Research & Development,Manufacturing Director,Docker,Advanced,4,True
EMP-966,Demo EMP-966,Research & Development,Manufacturing Director,Laboratory Methods,Advanced,2,True
EMP-966,Demo EMP-966,Research & Development,Manufacturing Director,PyTorch,Intermediate,4,True
EMP-966,Demo EMP-966,Research & Development,Manufacturing Director,Machine Learning,Intermediate,1,True
EMP-967,Demo EMP-967,Sales,Sales Executive,Excel,Advanced,5,True
EMP-967,Demo EMP-967,Sales,Sales Executive,Sales,Intermediate,5,True
EMP-967,Demo EMP-967,Sales,Sales Executive,Data Analysis,Beginner,4,True
EMP-967,Demo EMP-967,Sales,Sales Executive,CRM,Intermediate,4,True
EMP-969,Demo EMP-969,Research & Development,Healthcare Representative,Machine Learning,Beginner,1,True
EMP-969,Demo EMP-969,Research & Development,Healthcare Representative,Laboratory Methods,Beginner,0,True
EMP-969,Demo EMP-969,Research & Development,Healthcare Representative,MLOps,Beginner,2,True
EMP-969,Demo EMP-969,Research & Development,Healthcare Representative,Research,Beginner,5,True
EMP-970,Demo EMP-970,Sales,Sales Executive,CRM,Advanced,0,True
EMP-970,Demo EMP-970,Sales,Sales Executive,Communication,Beginner,1,True
EMP-970,Demo EMP-970,Sales,Sales Executive,Sales,Beginner,2,True
EMP-970,Demo EMP-970,Sales,Sales Executive,Data Analysis,Beginner,4,True
EMP-972,Demo EMP-972,Research & Development,Laboratory Technician,Research,Intermediate,0,True
EMP-972,Demo EMP-972,Research & Development,Laboratory Technician,RAG,Advanced,5,True
EMP-972,Demo EMP-972,Research & Development,Laboratory Technician,SQL,Beginner,1,True
EMP-972,Demo EMP-972,Research & Development,Laboratory Technician,PyTorch,Advanced,2,True
EMP-974,Demo EMP-974,Sales,Sales Representative,Data Analysis,Advanced,5,True
EMP-974,Demo EMP-974,Sales,Sales Representative,Sales,Intermediate,3,True
EMP-974,Demo EMP-974,Sales,Sales Representative,Communication,Beginner,2,True
EMP-974,Demo EMP-974,Sales,Sales Representative,SQL,Intermediate,4,True
EMP-975,Demo EMP-975,Sales,Sales Executive,Communication,Beginner,4,True
EMP-975,Demo EMP-975,Sales,Sales Executive,CRM,Beginner,5,True
EMP-975,Demo EMP-975,Sales,Sales Executive,Sales,Intermediate,4,True
EMP-975,Demo EMP-975,Sales,Sales Executive,SQL,Intermediate,3,True
EMP-976,Demo EMP-976,Research & Development,Manager,Docker,Intermediate,0,True
EMP-976,Demo EMP-976,Research & Development,Manager,Research,Beginner,0,True
EMP-976,Demo EMP-976,Research & Development,Manager,AWS,Beginner,5,True
EMP-976,Demo EMP-976,Research & Development,Manager,Python,Intermediate,5,True
EMP-977,Demo EMP-977,Research & Development,Research Scientist,LLMs,Intermediate,3,True
EMP-977,Demo EMP-977,Research & Development,Research Scientist,AWS,Intermediate,0,True
EMP-977,Demo EMP-977,Research & Development,Research Scientist,Research,Advanced,3,True
EMP-977,Demo EMP-977,Research & Development,Research Scientist,Laboratory Methods,Intermediate,1,True
EMP-981,Demo EMP-981,Sales,Manager,SQL,Advanced,5,True
EMP-981,Demo EMP-981,Sales,Manager,Data Analysis,Intermediate,1,True
EMP-981,Demo EMP-981,Sales,Manager,CRM,Advanced,5,True
EMP-981,Demo EMP-981,Sales,Manager,Communication,Beginner,2,True
EMP-982,Demo EMP-982,Sales,Sales Executive,Sales,Intermediate,3,True
EMP-982,Demo EMP-982,Sales,Sales Executive,SQL,Intermediate,0,True
EMP-982,Demo EMP-982,Sales,Sales Executive,Communication,Intermediate,0,True
EMP-982,Demo EMP-982,Sales,Sales Executive,Excel,Advanced,3,True
EMP-983,Demo EMP-983,Sales,Sales Executive,Communication,Intermediate,0,True
EMP-983,Demo EMP-983,Sales,Sales Executive,SQL,Beginner,4,True
EMP-983,Demo EMP-983,Sales,Sales Executive,Sales,Intermediate,0,True
EMP-983,Demo EMP-983,Sales,Sales Executive,Excel,Advanced,5,True
EMP-984,Demo EMP-984,Sales,Sales Executive,CRM,Advanced,0,True
EMP-984,Demo EMP-984,Sales,Sales Executive,Communication,Advanced,2,True
EMP-984,Demo EMP-984,Sales,Sales Executive,Excel,Beginner,2,True
EMP-984,Demo EMP-984,Sales,Sales Executive,Data Analysis,Intermediate,2,True
EMP-985,Demo EMP-985,Sales,Sales Executive,CRM,Intermediate,2,True
EMP-985,Demo EMP-985,Sales,Sales Executive,Sales,Beginner,5,True
EMP-985,Demo EMP-985,Sales,Sales Executive,Communication,Intermediate,5,True
EMP-985,Demo EMP-985,Sales,Sales Executive,SQL,Beginner,2,True
EMP-986,Demo EMP-986,Sales,Sales Executive,SQL,Advanced,0,True
EMP-986,Demo EMP-986,Sales,Sales Executive,Data Analysis,Intermediate,0,True
EMP-986,Demo EMP-986,Sales,Sales Executive,CRM,Intermediate,3,True
EMP-986,Demo EMP-986,Sales,Sales Executive,Excel,Advanced,3,True
EMP-987,Demo EMP-987,Research & Development,Manufacturing Director,Research,Intermediate,0,True
EMP-987,Demo EMP-987,Research & Development,Manufacturing Director,LLMs,Intermediate,2,True
EMP-987,Demo EMP-987,Research & Development,Manufacturing Director,PyTorch,Beginner,1,True
EMP-987,Demo EMP-987,Research & Development,Manufacturing Director,AWS,Intermediate,2,True
EMP-990,Demo EMP-990,Sales,Sales Executive,SQL,Advanced,3,True
EMP-990,Demo EMP-990,Sales,Sales Executive,Communication,Intermediate,4,True
EMP-990,Demo EMP-990,Sales,Sales Executive,CRM,Intermediate,5,True
EMP-990,Demo EMP-990,Sales,Sales Executive,Sales,Beginner,3,True
EMP-991,Demo EMP-991,Research & Development,Research Scientist,Research,Intermediate,1,True
EMP-991,Demo EMP-991,Research & Development,Research Scientist,SQL,Intermediate,3,True
EMP-991,Demo EMP-991,Research & Development,Research Scientist,MLOps,Beginner,4,True
EMP-991,Demo EMP-991,Research & Development,Research Scientist,Python,Beginner,0,True
EMP-992,Demo EMP-992,Sales,Manager,SQL,Intermediate,2,True
EMP-992,Demo EMP-992,Sales,Manager,Data Analysis,Beginner,2,True
EMP-992,Demo EMP-992,Sales,Manager,Sales,Intermediate,1,True
EMP-992,Demo EMP-992,Sales,Manager,CRM,Advanced,2,True
EMP-994,Demo EMP-994,Research & Development,Research Scientist,Python,Intermediate,5,True
EMP-994,Demo EMP-994,Research & Development,Research Scientist,MLOps,Beginner,1,True
EMP-994,Demo EMP-994,Research & Development,Research Scientist,PyTorch,Intermediate,3,True
EMP-994,Demo EMP-994,Research & Development,Research Scientist,Research,Intermediate,5,True
EMP-995,Demo EMP-995,Research & Development,Research Scientist,Machine Learning,Advanced,2,True
EMP-995,Demo EMP-995,Research & Development,Research Scientist,MLOps,Intermediate,0,True
EMP-995,Demo EMP-995,Research & Development,Research Scientist,AWS,Intermediate,2,True
EMP-995,Demo EMP-995,Research & Development,Research Scientist,LLMs,Intermediate,5,True
EMP-996,Demo EMP-996,Research & Development,Laboratory Technician,Research,Intermediate,1,True
EMP-996,Demo EMP-996,Research & Development,Laboratory Technician,MLOps,Intermediate,2,True
EMP-996,Demo EMP-996,Research & Development,Laboratory Technician,LLMs,Intermediate,0,True
EMP-996,Demo EMP-996,Research & Development,Laboratory Technician,Python,Intermediate,2,True
EMP-997,Demo EMP-997,Research & Development,Research Director,LLMs,Intermediate,2,True
EMP-997,Demo EMP-997,Research & Development,Research Director,MLOps,Intermediate,1,True
EMP-997,Demo EMP-997,Research & Development,Research Director,Python,Intermediate,5,True
EMP-997,Demo EMP-997,Research & Development,Research Director,Machine Learning,Intermediate,0,True
EMP-998,Demo EMP-998,Research & Development,Healthcare Representative,SQL,Intermediate,5,True
EMP-998,Demo EMP-998,Research & Development,Healthcare Representative,AWS,Intermediate,1,True
EMP-998,Demo EMP-998,Research & Development,Healthcare Representative,LLMs,Beginner,2,True
EMP-998,Demo EMP-998,Research & Development,Healthcare Representative,Laboratory Methods,Intermediate,2,True
EMP-999,Demo EMP-999,Research & Development,Research Director,RAG,Intermediate,4,True
EMP-999,Demo EMP-999,Research & Development,Research Director,Research,Advanced,4,True
EMP-999,Demo EMP-999,Research & Development,Research Director,AWS,Intermediate,2,True
EMP-999,Demo EMP-999,Research & Development,Research Director,Machine Learning,Beginner,3,True
EMP-1001,Demo EMP-1001,Research & Development,Laboratory Technician,SQL,Beginner,4,True
EMP-1001,Demo EMP-1001,Research & Development,Laboratory Technician,Python,Beginner,3,True
EMP-1001,Demo EMP-1001,Research & Development,Laboratory Technician,PyTorch,Beginner,0,True
EMP-1001,Demo EMP-1001,Research & Development,Laboratory Technician,Machine Learning,Intermediate,5,True
EMP-1002,Demo EMP-1002,Research & Development,Laboratory Technician,PyTorch,Intermediate,3,True
EMP-1002,Demo EMP-1002,Research & Development,Laboratory Technician,LLMs,Beginner,3,True
EMP-1002,Demo EMP-1002,Research & Development,Laboratory Technician,MLOps,Intermediate,5,True
EMP-1002,Demo EMP-1002,Research & Development,Laboratory Technician,AWS,Intermediate,4,True
EMP-1003,Demo EMP-1003,Sales,Sales Executive,CRM,Intermediate,5,True
EMP-1003,Demo EMP-1003,Sales,Sales Executive,Sales,Beginner,0,True
EMP-1003,Demo EMP-1003,Sales,Sales Executive,SQL,Intermediate,2,True
EMP-1003,Demo EMP-1003,Sales,Sales Executive,Excel,Advanced,5,True
EMP-1004,Demo EMP-1004,Research & Development,Research Scientist,Docker,Intermediate,2,True
EMP-1004,Demo EMP-1004,Research & Development,Research Scientist,Research,Beginner,3,True
EMP-1004,Demo EMP-1004,Research & Development,Research Scientist,Laboratory Methods,Intermediate,1,True
EMP-1004,Demo EMP-1004,Research & Development,Research Scientist,LLMs,Beginner,2,True
EMP-1005,Demo EMP-1005,Research & Development,Manufacturing Director,MLOps,Intermediate,1,True
EMP-1005,Demo EMP-1005,Research & Development,Manufacturing Director,Laboratory Methods,Intermediate,0,True
EMP-1005,Demo EMP-1005,Research & Development,Manufacturing Director,Research,Beginner,1,True
EMP-1005,Demo EMP-1005,Research & Development,Manufacturing Director,PyTorch,Beginner,1,True
EMP-1006,Demo EMP-1006,Research & Development,Research Scientist,AWS,Intermediate,0,True
EMP-1006,Demo EMP-1006,Research & Development,Research Scientist,SQL,Intermediate,1,True
EMP-1006,Demo EMP-1006,Research & Development,Research Scientist,PyTorch,Intermediate,2,True
EMP-1006,Demo EMP-1006,Research & Development,Research Scientist,Machine Learning,Beginner,2,True
EMP-1007,Demo EMP-1007,Research & Development,Manufacturing Director,LLMs,Intermediate,0,True
EMP-1007,Demo EMP-1007,Research & Development,Manufacturing Director,Research,Beginner,2,True
EMP-1007,Demo EMP-1007,Research & Development,Manufacturing Director,Docker,Intermediate,5,True
EMP-1007,Demo EMP-1007,Research & Development,Manufacturing Director,Laboratory Methods,Intermediate,0,True
EMP-1009,Demo EMP-1009,Research & Development,Manufacturing Director,Laboratory Methods,Intermediate,3,True
EMP-1009,Demo EMP-1009,Research & Development,Manufacturing Director,Docker,Advanced,4,True
EMP-1009,Demo EMP-1009,Research & Development,Manufacturing Director,LLMs,Advanced,5,True
EMP-1009,Demo EMP-1009,Research & Development,Manufacturing Director,SQL,Intermediate,4,True
EMP-1010,Demo EMP-1010,Research & Development,Laboratory Technician,RAG,Intermediate,5,True
EMP-1010,Demo EMP-1010,Research & Development,Laboratory Technician,MLOps,Beginner,0,True
EMP-1010,Demo EMP-1010,Research & Development,Laboratory Technician,Machine Learning,Beginner,0,True
EMP-1010,Demo EMP-1010,Research & Development,Laboratory Technician,Docker,Advanced,0,True
EMP-1011,Demo EMP-1011,Research & Development,Manufacturing Director,Python,Intermediate,2,True
EMP-1011,Demo EMP-1011,Research & Development,Manufacturing Director,RAG,Intermediate,5,True
EMP-1011,Demo EMP-1011,Research & Development,Manufacturing Director,Docker,Intermediate,1,True
EMP-1011,Demo EMP-1011,Research & Development,Manufacturing Director,AWS,Advanced,1,True
EMP-1012,Demo EMP-1012,Research & Development,Research Scientist,AWS,Intermediate,1,True
EMP-1012,Demo EMP-1012,Research & Development,Research Scientist,LLMs,Intermediate,3,True
EMP-1012,Demo EMP-1012,Research & Development,Research Scientist,MLOps,Intermediate,0,True
EMP-1012,Demo EMP-1012,Research & Development,Research Scientist,Research,Advanced,4,True
EMP-1013,Demo EMP-1013,Research & Development,Manufacturing Director,Python,Intermediate,3,True
EMP-1013,Demo EMP-1013,Research & Development,Manufacturing Director,PyTorch,Intermediate,3,True
EMP-1013,Demo EMP-1013,Research & Development,Manufacturing Director,Research,Intermediate,2,True
EMP-1013,Demo EMP-1013,Research & Development,Manufacturing Director,MLOps,Intermediate,1,True
EMP-1014,Demo EMP-1014,Research & Development,Healthcare Representative,PyTorch,Advanced,4,True
EMP-1014,Demo EMP-1014,Research & Development,Healthcare Representative,Machine Learning,Intermediate,1,True
EMP-1014,Demo EMP-1014,Research & Development,Healthcare Representative,SQL,Intermediate,1,True
EMP-1014,Demo EMP-1014,Research & Development,Healthcare Representative,LLMs,Intermediate,4,True
EMP-1015,Demo EMP-1015,Research & Development,Research Director,Python,Beginner,0,True
EMP-1015,Demo EMP-1015,Research & Development,Research Director,Laboratory Methods,Intermediate,5,True
EMP-1015,Demo EMP-1015,Research & Development,Research Director,Docker,Intermediate,2,True
EMP-1015,Demo EMP-1015,Research & Development,Research Director,Research,Intermediate,5,True
EMP-1016,Demo EMP-1016,Research & Development,Research Scientist,PyTorch,Intermediate,5,True
EMP-1016,Demo EMP-1016,Research & Development,Research Scientist,Docker,Intermediate,5,True
EMP-1016,Demo EMP-1016,Research & Development,Research Scientist,Laboratory Methods,Advanced,2,True
EMP-1016,Demo EMP-1016,Research & Development,Research Scientist,MLOps,Intermediate,0,True
EMP-1017,Demo EMP-1017,Research & Development,Laboratory Technician,Python,Intermediate,3,True
EMP-1017,Demo EMP-1017,Research & Development,Laboratory Technician,LLMs,Advanced,1,True
EMP-1017,Demo EMP-1017,Research & Development,Laboratory Technician,PyTorch,Beginner,2,True
EMP-1017,Demo EMP-1017,Research & Development,Laboratory Technician,Docker,Intermediate,2,True
EMP-1018,Demo EMP-1018,Research & Development,Manufacturing Director,Research,Beginner,3,True
EMP-1018,Demo EMP-1018,Research & Development,Manufacturing Director,Docker,Intermediate,3,True
EMP-1018,Demo EMP-1018,Research & Development,Manufacturing Director,PyTorch,Intermediate,5,True
EMP-1018,Demo EMP-1018,Research & Development,Manufacturing Director,Python,Beginner,2,True
EMP-1019,Demo EMP-1019,Research & Development,Laboratory Technician,Machine Learning,Beginner,4,True
EMP-1019,Demo EMP-1019,Research & Development,Laboratory Technician,AWS,Intermediate,0,True
EMP-1019,Demo EMP-1019,Research & Development,Laboratory Technician,Docker,Advanced,4,True
EMP-1019,Demo EMP-1019,Research & Development,Laboratory Technician,Research,Advanced,3,True
EMP-1022,Demo EMP-1022,Research & Development,Healthcare Representative,Machine Learning,Intermediate,4,True
EMP-1022,Demo EMP-1022,Research & Development,Healthcare Representative,Research,Beginner,0,True
EMP-1022,Demo EMP-1022,Research & Development,Healthcare Representative,MLOps,Beginner,5,True
EMP-1022,Demo EMP-1022,Research & Development,Healthcare Representative,PyTorch,Beginner,0,True
EMP-1024,Demo EMP-1024,Research & Development,Healthcare Representative,AWS,Intermediate,5,True
EMP-1024,Demo EMP-1024,Research & Development,Healthcare Representative,Docker,Intermediate,5,True
EMP-1024,Demo EMP-1024,Research & Development,Healthcare Representative,Machine Learning,Intermediate,5,True
EMP-1024,Demo EMP-1024,Research & Development,Healthcare Representative,LLMs,Intermediate,0,True
EMP-1025,Demo EMP-1025,Research & Development,Manufacturing Director,Machine Learning,Intermediate,5,True
EMP-1025,Demo EMP-1025,Research & Development,Manufacturing Director,RAG,Beginner,4,True
EMP-1025,Demo EMP-1025,Research & Development,Manufacturing Director,MLOps,Beginner,3,True
EMP-1025,Demo EMP-1025,Research & Development,Manufacturing Director,LLMs,Beginner,3,True
EMP-1026,Demo EMP-1026,Research & Development,Manufacturing Director,MLOps,Advanced,1,True
EMP-1026,Demo EMP-1026,Research & Development,Manufacturing Director,Python,Intermediate,3,True
EMP-1026,Demo EMP-1026,Research & Development,Manufacturing Director,LLMs,Beginner,0,True
EMP-1026,Demo EMP-1026,Research & Development,Manufacturing Director,AWS,Intermediate,3,True
EMP-1027,Demo EMP-1027,Research & Development,Manufacturing Director,AWS,Beginner,1,True
EMP-1027,Demo EMP-1027,Research & Development,Manufacturing Director,MLOps,Intermediate,3,True
EMP-1027,Demo EMP-1027,Research & Development,Manufacturing Director,Laboratory Methods,Beginner,3,True
EMP-1027,Demo EMP-1027,Research & Development,Manufacturing Director,RAG,Advanced,3,True
EMP-1028,Demo EMP-1028,Research & Development,Laboratory Technician,Machine Learning,Beginner,0,True
EMP-1028,Demo EMP-1028,Research & Development,Laboratory Technician,Laboratory Methods,Intermediate,1,True
EMP-1028,Demo EMP-1028,Research & Development,Laboratory Technician,Docker,Intermediate,0,True
EMP-1028,Demo EMP-1028,Research & Development,Laboratory Technician,Python,Advanced,1,True
EMP-1029,Demo EMP-1029,Sales,Manager,SQL,Beginner,0,True
EMP-1029,Demo EMP-1029,Sales,Manager,Communication,Advanced,5,True
EMP-1029,Demo EMP-1029,Sales,Manager,Sales,Intermediate,1,True
EMP-1029,Demo EMP-1029,Sales,Manager,Excel,Intermediate,1,True
EMP-1030,Demo EMP-1030,Research & Development,Laboratory Technician,Laboratory Methods,Intermediate,2,True
EMP-1030,Demo EMP-1030,Research & Development,Laboratory Technician,Research,Beginner,0,True
EMP-1030,Demo EMP-1030,Research & Development,Laboratory Technician,PyTorch,Advanced,2,True
EMP-1030,Demo EMP-1030,Research & Development,Laboratory Technician,Machine Learning,Beginner,5,True
EMP-1032,Demo EMP-1032,Research & Development,Manufacturing Director,Machine Learning,Beginner,0,True
EMP-1032,Demo EMP-1032,Research & Development,Manufacturing Director,Research,Intermediate,0,True
EMP-1032,Demo EMP-1032,Research & Development,Manufacturing Director,Laboratory Methods,Advanced,5,True
EMP-1032,Demo EMP-1032,Research & Development,Manufacturing Director,RAG,Advanced,4,True
EMP-1033,Demo EMP-1033,Research & Development,Healthcare Representative,MLOps,Intermediate,1,True
EMP-1033,Demo EMP-1033,Research & Development,Healthcare Representative,Python,Intermediate,1,True
EMP-1033,Demo EMP-1033,Research & Development,Healthcare Representative,PyTorch,Intermediate,4,True
EMP-1033,Demo EMP-1033,Research & Development,Healthcare Representative,Machine Learning,Beginner,2,True
EMP-1034,Demo EMP-1034,Research & Development,Healthcare Representative,MLOps,Advanced,2,True
EMP-1034,Demo EMP-1034,Research & Development,Healthcare Representative,PyTorch,Beginner,4,True
EMP-1034,Demo EMP-1034,Research & Development,Healthcare Representative,SQL,Intermediate,4,True
EMP-1034,Demo EMP-1034,Research & Development,Healthcare Representative,Research,Intermediate,4,True
EMP-1035,Demo EMP-1035,Research & Development,Research Director,Machine Learning,Intermediate,2,True
EMP-1035,Demo EMP-1035,Research & Development,Research Director,Laboratory Methods,Advanced,2,True
EMP-1035,Demo EMP-1035,Research & Development,Research Director,SQL,Intermediate,4,True
EMP-1035,Demo EMP-1035,Research & Development,Research Director,Research,Beginner,3,True
EMP-1036,Demo EMP-1036,Sales,Sales Executive,SQL,Intermediate,4,True
EMP-1036,Demo EMP-1036,Sales,Sales Executive,Sales,Intermediate,1,True
EMP-1036,Demo EMP-1036,Sales,Sales Executive,Data Analysis,Beginner,4,True
EMP-1036,Demo EMP-1036,Sales,Sales Executive,CRM,Beginner,1,True
EMP-1037,Demo EMP-1037,Sales,Sales Executive,Data Analysis,Advanced,0,True
EMP-1037,Demo EMP-1037,Sales,Sales Executive,Communication,Intermediate,4,True
EMP-1037,Demo EMP-1037,Sales,Sales Executive,SQL,Intermediate,4,True
EMP-1037,Demo EMP-1037,Sales,Sales Executive,Excel,Advanced,3,True
EMP-1038,Demo EMP-1038,Sales,Manager,SQL,Intermediate,4,True
EMP-1038,Demo EMP-1038,Sales,Manager,Excel,Beginner,2,True
EMP-1038,Demo EMP-1038,Sales,Manager,Communication,Advanced,3,True
EMP-1038,Demo EMP-1038,Sales,Manager,CRM,Beginner,5,True
EMP-1039,Demo EMP-1039,Sales,Sales Executive,Excel,Intermediate,5,True
EMP-1039,Demo EMP-1039,Sales,Sales Executive,Data Analysis,Intermediate,2,True
EMP-1039,Demo EMP-1039,Sales,Sales Executive,SQL,Beginner,3,True
EMP-1039,Demo EMP-1039,Sales,Sales Executive,CRM,Intermediate,0,True
EMP-1040,Demo EMP-1040,Sales,Sales Executive,SQL,Intermediate,4,True
EMP-1040,Demo EMP-1040,Sales,Sales Executive,Communication,Intermediate,0,True
EMP-1040,Demo EMP-1040,Sales,Sales Executive,CRM,Intermediate,1,True
EMP-1040,Demo EMP-1040,Sales,Sales Executive,Sales,Beginner,4,True
EMP-1042,Demo EMP-1042,Research & Development,Laboratory Technician,LLMs,Intermediate,4,True
EMP-1042,Demo EMP-1042,Research & Development,Laboratory Technician,Research,Intermediate,1,True
EMP-1042,Demo EMP-1042,Research & Development,Laboratory Technician,MLOps,Intermediate,3,True
EMP-1042,Demo EMP-1042,Research & Development,Laboratory Technician,Docker,Advanced,5,True
EMP-1043,Demo EMP-1043,Research & Development,Manufacturing Director,RAG,Advanced,2,True
EMP-1043,Demo EMP-1043,Research & Development,Manufacturing Director,SQL,Beginner,1,True
EMP-1043,Demo EMP-1043,Research & Development,Manufacturing Director,AWS,Intermediate,2,True
EMP-1043,Demo EMP-1043,Research & Development,Manufacturing Director,Laboratory Methods,Intermediate,2,True
EMP-1044,Demo EMP-1044,Sales,Sales Representative,Sales,Beginner,4,True
EMP-1044,Demo EMP-1044,Sales,Sales Representative,Communication,Intermediate,2,True
EMP-1044,Demo EMP-1044,Sales,Sales Representative,SQL,Intermediate,0,True
EMP-1044,Demo EMP-1044,Sales,Sales Representative,CRM,Intermediate,0,True
EMP-1045,Demo EMP-1045,Sales,Manager,Communication,Beginner,5,True
EMP-1045,Demo EMP-1045,Sales,Manager,SQL,Advanced,5,True
EMP-1045,Demo EMP-1045,Sales,Manager,Excel,Intermediate,2,True
EMP-1045,Demo EMP-1045,Sales,Manager,Sales,Intermediate,1,True
EMP-1046,Demo EMP-1046,Research & Development,Laboratory Technician,Docker,Beginner,2,True
EMP-1046,Demo EMP-1046,Research & Development,Laboratory Technician,Laboratory Methods,Intermediate,1,True
EMP-1046,Demo EMP-1046,Research & Development,Laboratory Technician,Research,Intermediate,0,True
EMP-1046,Demo EMP-1046,Research & Development,Laboratory Technician,PyTorch,Intermediate,2,True
EMP-1047,Demo EMP-1047,Sales,Sales Executive,Sales,Advanced,3,True
EMP-1047,Demo EMP-1047,Sales,Sales Executive,Data Analysis,Advanced,0,True
EMP-1047,Demo EMP-1047,Sales,Sales Executive,Communication,Intermediate,4,True
EMP-1047,Demo EMP-1047,Sales,Sales Executive,Excel,Intermediate,4,True
EMP-1048,Demo EMP-1048,Sales,Manager,CRM,Intermediate,3,True
EMP-1048,Demo EMP-1048,Sales,Manager,SQL,Intermediate,0,True
EMP-1048,Demo EMP-1048,Sales,Manager,Sales,Beginner,0,True
EMP-1048,Demo EMP-1048,Sales,Manager,Data Analysis,Intermediate,3,True
EMP-1049,Demo EMP-1049,Human Resources,Human Resources,Communication,Advanced,5,True
EMP-1049,Demo EMP-1049,Human Resources,Human Resources,Project Management,Intermediate,0,True
EMP-1049,Demo EMP-1049,Human Resources,Human Resources,SQL,Intermediate,5,True
EMP-1049,Demo EMP-1049,Human Resources,Human Resources,Data Analysis,Beginner,1,True
EMP-1050,Demo EMP-1050,Sales,Sales Executive,CRM,Intermediate,0,True
EMP-1050,Demo EMP-1050,Sales,Sales Executive,Excel,Beginner,4,True
EMP-1050,Demo EMP-1050,Sales,Sales Executive,SQL,Intermediate,0,True
EMP-1050,Demo EMP-1050,Sales,Sales Executive,Sales,Beginner,4,True
EMP-1052,Demo EMP-1052,Research & Development,Laboratory Technician,AWS,Intermediate,4,True
EMP-1052,Demo EMP-1052,Research & Development,Laboratory Technician,SQL,Intermediate,3,True
EMP-1052,Demo EMP-1052,Research & Development,Laboratory Technician,PyTorch,Intermediate,3,True
EMP-1052,Demo EMP-1052,Research & Development,Laboratory Technician,MLOps,Intermediate,3,True
EMP-1053,Demo EMP-1053,Research & Development,Research Scientist,MLOps,Advanced,4,True
EMP-1053,Demo EMP-1053,Research & Development,Research Scientist,Laboratory Methods,Intermediate,4,True
EMP-1053,Demo EMP-1053,Research & Development,Research Scientist,Docker,Advanced,5,True
EMP-1053,Demo EMP-1053,Research & Development,Research Scientist,Machine Learning,Beginner,5,True
EMP-1055,Demo EMP-1055,Sales,Sales Representative,Excel,Advanced,2,True
EMP-1055,Demo EMP-1055,Sales,Sales Representative,Communication,Intermediate,3,True
EMP-1055,Demo EMP-1055,Sales,Sales Representative,SQL,Beginner,1,True
EMP-1055,Demo EMP-1055,Sales,Sales Representative,Data Analysis,Advanced,2,True
EMP-1056,Demo EMP-1056,Sales,Sales Representative,SQL,Intermediate,4,True
EMP-1056,Demo EMP-1056,Sales,Sales Representative,Excel,Beginner,4,True
EMP-1056,Demo EMP-1056,Sales,Sales Representative,CRM,Beginner,3,True
EMP-1056,Demo EMP-1056,Sales,Sales Representative,Sales,Intermediate,1,True
EMP-1060,Demo EMP-1060,Research & Development,Research Scientist,Laboratory Methods,Advanced,2,True
EMP-1060,Demo EMP-1060,Research & Development,Research Scientist,MLOps,Beginner,0,True
EMP-1060,Demo EMP-1060,Research & Development,Research Scientist,LLMs,Intermediate,1,True
EMP-1060,Demo EMP-1060,Research & Development,Research Scientist,PyTorch,Intermediate,4,True
EMP-1061,Demo EMP-1061,Research & Development,Research Director,Docker,Beginner,4,True
EMP-1061,Demo EMP-1061,Research & Development,Research Director,Machine Learning,Beginner,4,True
EMP-1061,Demo EMP-1061,Research & Development,Research Director,Laboratory Methods,Advanced,0,True
EMP-1061,Demo EMP-1061,Research & Development,Research Director,LLMs,Advanced,2,True
EMP-1062,Demo EMP-1062,Research & Development,Healthcare Representative,AWS,Intermediate,1,True
EMP-1062,Demo EMP-1062,Research & Development,Healthcare Representative,Docker,Advanced,1,True
EMP-1062,Demo EMP-1062,Research & Development,Healthcare Representative,PyTorch,Beginner,3,True
EMP-1062,Demo EMP-1062,Research & Development,Healthcare Representative,SQL,Advanced,3,True
EMP-1066,Demo EMP-1066,Sales,Sales Executive,Excel,Intermediate,3,True
EMP-1066,Demo EMP-1066,Sales,Sales Executive,CRM,Intermediate,0,True
EMP-1066,Demo EMP-1066,Sales,Sales Executive,Communication,Intermediate,5,True
EMP-1066,Demo EMP-1066,Sales,Sales Executive,Sales,Intermediate,4,True
EMP-1068,Demo EMP-1068,Research & Development,Research Scientist,Python,Intermediate,1,True
EMP-1068,Demo EMP-1068,Research & Development,Research Scientist,PyTorch,Beginner,2,True
EMP-1068,Demo EMP-1068,Research & Development,Research Scientist,Laboratory Methods,Intermediate,4,True
EMP-1068,Demo EMP-1068,Research & Development,Research Scientist,AWS,Intermediate,3,True
EMP-1069,Demo EMP-1069,Research & Development,Research Director,SQL,Intermediate,2,True
EMP-1069,Demo EMP-1069,Research & Development,Research Director,Laboratory Methods,Beginner,4,True
EMP-1069,Demo EMP-1069,Research & Development,Research Director,AWS,Intermediate,0,True
EMP-1069,Demo EMP-1069,Research & Development,Research Director,RAG,Advanced,4,True
EMP-1070,Demo EMP-1070,Sales,Sales Executive,CRM,Beginner,3,True
EMP-1070,Demo EMP-1070,Sales,Sales Executive,Excel,Beginner,2,True
EMP-1070,Demo EMP-1070,Sales,Sales Executive,SQL,Advanced,2,True
EMP-1070,Demo EMP-1070,Sales,Sales Executive,Sales,Intermediate,2,True
EMP-1071,Demo EMP-1071,Research & Development,Research Scientist,Research,Beginner,2,True
EMP-1071,Demo EMP-1071,Research & Development,Research Scientist,Laboratory Methods,Advanced,0,True
EMP-1071,Demo EMP-1071,Research & Development,Research Scientist,PyTorch,Beginner,3,True
EMP-1071,Demo EMP-1071,Research & Development,Research Scientist,RAG,Advanced,1,True
EMP-1073,Demo EMP-1073,Research & Development,Manufacturing Director,PyTorch,Intermediate,3,True
EMP-1073,Demo EMP-1073,Research & Development,Manufacturing Director,MLOps,Beginner,1,True
EMP-1073,Demo EMP-1073,Research & Development,Manufacturing Director,Python,Beginner,3,True
EMP-1073,Demo EMP-1073,Research & Development,Manufacturing Director,Laboratory Methods,Advanced,0,True
EMP-1074,Demo EMP-1074,Research & Development,Manager,LLMs,Beginner,4,True
EMP-1074,Demo EMP-1074,Research & Development,Manager,SQL,Beginner,1,True
EMP-1074,Demo EMP-1074,Research & Development,Manager,AWS,Intermediate,3,True
EMP-1074,Demo EMP-1074,Research & Development,Manager,Research,Intermediate,4,True
EMP-1076,Demo EMP-1076,Sales,Sales Executive,CRM,Beginner,5,True
EMP-1076,Demo EMP-1076,Sales,Sales Executive,Data Analysis,Advanced,4,True
EMP-1076,Demo EMP-1076,Sales,Sales Executive,Communication,Advanced,2,True
EMP-1076,Demo EMP-1076,Sales,Sales Executive,Excel,Advanced,1,True
EMP-1077,Demo EMP-1077,Sales,Sales Representative,Excel,Beginner,0,True
EMP-1077,Demo EMP-1077,Sales,Sales Representative,Sales,Advanced,2,True
EMP-1077,Demo EMP-1077,Sales,Sales Representative,Data Analysis,Intermediate,2,True
EMP-1077,Demo EMP-1077,Sales,Sales Representative,SQL,Intermediate,3,True
EMP-1079,Demo EMP-1079,Research & Development,Laboratory Technician,Laboratory Methods,Intermediate,2,True
EMP-1079,Demo EMP-1079,Research & Development,Laboratory Technician,Machine Learning,Beginner,3,True
EMP-1079,Demo EMP-1079,Research & Development,Laboratory Technician,LLMs,Beginner,2,True
EMP-1079,Demo EMP-1079,Research & Development,Laboratory Technician,PyTorch,Beginner,1,True
EMP-1080,Demo EMP-1080,Research & Development,Research Scientist,Machine Learning,Advanced,5,True
EMP-1080,Demo EMP-1080,Research & Development,Research Scientist,Python,Intermediate,3,True
EMP-1080,Demo EMP-1080,Research & Development,Research Scientist,Laboratory Methods,Advanced,1,True
EMP-1080,Demo EMP-1080,Research & Development,Research Scientist,SQL,Intermediate,5,True
EMP-1081,Demo EMP-1081,Research & Development,Research Scientist,RAG,Intermediate,4,True
EMP-1081,Demo EMP-1081,Research & Development,Research Scientist,SQL,Advanced,0,True
EMP-1081,Demo EMP-1081,Research & Development,Research Scientist,Machine Learning,Intermediate,5,True
EMP-1081,Demo EMP-1081,Research & Development,Research Scientist,PyTorch,Beginner,3,True
EMP-1082,Demo EMP-1082,Research & Development,Healthcare Representative,AWS,Intermediate,3,True
EMP-1082,Demo EMP-1082,Research & Development,Healthcare Representative,Research,Advanced,2,True
EMP-1082,Demo EMP-1082,Research & Development,Healthcare Representative,Docker,Advanced,1,True
EMP-1082,Demo EMP-1082,Research & Development,Healthcare Representative,Machine Learning,Intermediate,1,True
EMP-1083,Demo EMP-1083,Research & Development,Laboratory Technician,SQL,Intermediate,0,True
EMP-1083,Demo EMP-1083,Research & Development,Laboratory Technician,Laboratory Methods,Beginner,4,True
EMP-1083,Demo EMP-1083,Research & Development,Laboratory Technician,LLMs,Advanced,3,True
EMP-1083,Demo EMP-1083,Research & Development,Laboratory Technician,Python,Intermediate,0,True
EMP-1084,Demo EMP-1084,Research & Development,Manufacturing Director,MLOps,Beginner,4,True
EMP-1084,Demo EMP-1084,Research & Development,Manufacturing Director,Research,Beginner,2,True
EMP-1084,Demo EMP-1084,Research & Development,Manufacturing Director,AWS,Beginner,2,True
EMP-1084,Demo EMP-1084,Research & Development,Manufacturing Director,Laboratory Methods,Intermediate,0,True
EMP-1085,Demo EMP-1085,Research & Development,Research Scientist,SQL,Intermediate,4,True
EMP-1085,Demo EMP-1085,Research & Development,Research Scientist,PyTorch,Beginner,0,True
EMP-1085,Demo EMP-1085,Research & Development,Research Scientist,Laboratory Methods,Intermediate,4,True
EMP-1085,Demo EMP-1085,Research & Development,Research Scientist,RAG,Intermediate,3,True
EMP-1088,Demo EMP-1088,Research & Development,Healthcare Representative,LLMs,Intermediate,1,True
EMP-1088,Demo EMP-1088,Research & Development,Healthcare Representative,AWS,Intermediate,4,True
EMP-1088,Demo EMP-1088,Research & Development,Healthcare Representative,RAG,Intermediate,5,True
EMP-1088,Demo EMP-1088,Research & Development,Healthcare Representative,PyTorch,Intermediate,3,True
EMP-1092,Demo EMP-1092,Research & Development,Healthcare Representative,PyTorch,Intermediate,4,True
EMP-1092,Demo EMP-1092,Research & Development,Healthcare Representative,Docker,Advanced,0,True
EMP-1092,Demo EMP-1092,Research & Development,Healthcare Representative,MLOps,Advanced,2,True
EMP-1092,Demo EMP-1092,Research & Development,Healthcare Representative,SQL,Beginner,0,True
EMP-1094,Demo EMP-1094,Research & Development,Laboratory Technician,Laboratory Methods,Advanced,1,True
EMP-1094,Demo EMP-1094,Research & Development,Laboratory Technician,Python,Intermediate,4,True
EMP-1094,Demo EMP-1094,Research & Development,Laboratory Technician,AWS,Intermediate,2,True
EMP-1094,Demo EMP-1094,Research & Development,Laboratory Technician,SQL,Intermediate,0,True
EMP-1096,Demo EMP-1096,Research & Development,Manufacturing Director,PyTorch,Intermediate,1,True
EMP-1096,Demo EMP-1096,Research & Development,Manufacturing Director,Machine Learning,Intermediate,5,True
EMP-1096,Demo EMP-1096,Research & Development,Manufacturing Director,Research,Intermediate,2,True
EMP-1096,Demo EMP-1096,Research & Development,Manufacturing Director,AWS,Intermediate,1,True
EMP-1097,Demo EMP-1097,Research & Development,Research Scientist,Python,Advanced,0,True
EMP-1097,Demo EMP-1097,Research & Development,Research Scientist,AWS,Advanced,1,True
EMP-1097,Demo EMP-1097,Research & Development,Research Scientist,PyTorch,Beginner,4,True
EMP-1097,Demo EMP-1097,Research & Development,Research Scientist,Machine Learning,Advanced,4,True
EMP-1098,Demo EMP-1098,Human Resources,Human Resources,Communication,Beginner,0,True
EMP-1098,Demo EMP-1098,Human Resources,Human Resources,SQL,Intermediate,3,True
EMP-1098,Demo EMP-1098,Human Resources,Human Resources,Project Management,Beginner,2,True
EMP-1098,Demo EMP-1098,Human Resources,Human Resources,Data Analysis,Intermediate,2,True
EMP-1099,Demo EMP-1099,Research & Development,Healthcare Representative,LLMs,Intermediate,3,True
EMP-1099,Demo EMP-1099,Research & Development,Healthcare Representative,Docker,Intermediate,4,True
EMP-1099,Demo EMP-1099,Research & Development,Healthcare Representative,Research,Beginner,3,True
EMP-1099,Demo EMP-1099,Research & Development,Healthcare Representative,PyTorch,Intermediate,2,True
EMP-1100,Demo EMP-1100,Sales,Sales Executive,Excel,Intermediate,3,True
EMP-1100,Demo EMP-1100,Sales,Sales Executive,Data Analysis,Beginner,0,True
EMP-1100,Demo EMP-1100,Sales,Sales Executive,SQL,Intermediate,0,True
EMP-1100,Demo EMP-1100,Sales,Sales Executive,Sales,Beginner,2,True
EMP-1101,Demo EMP-1101,Research & Development,Research Scientist,Machine Learning,Intermediate,4,True
EMP-1101,Demo EMP-1101,Research & Development,Research Scientist,SQL,Beginner,4,True
EMP-1101,Demo EMP-1101,Research & Development,Research Scientist,Research,Beginner,0,True
EMP-1101,Demo EMP-1101,Research & Development,Research Scientist,Laboratory Methods,Intermediate,4,True
EMP-1102,Demo EMP-1102,Research & Development,Laboratory Technician,Python,Advanced,0,True
EMP-1102,Demo EMP-1102,Research & Development,Laboratory Technician,PyTorch,Beginner,0,True
EMP-1102,Demo EMP-1102,Research & Development,Laboratory Technician,Machine Learning,Advanced,3,True
EMP-1102,Demo EMP-1102,Research & Development,Laboratory Technician,AWS,Intermediate,2,True
EMP-1103,Demo EMP-1103,Research & Development,Healthcare Representative,AWS,Beginner,3,True
EMP-1103,Demo EMP-1103,Research & Development,Healthcare Representative,RAG,Beginner,4,True
EMP-1103,Demo EMP-1103,Research & Development,Healthcare Representative,Machine Learning,Advanced,0,True
EMP-1103,Demo EMP-1103,Research & Development,Healthcare Representative,Docker,Intermediate,4,True
EMP-1105,Demo EMP-1105,Sales,Sales Executive,Sales,Beginner,3,True
EMP-1105,Demo EMP-1105,Sales,Sales Executive,Excel,Advanced,1,True
EMP-1105,Demo EMP-1105,Sales,Sales Executive,SQL,Advanced,5,True
EMP-1105,Demo EMP-1105,Sales,Sales Executive,CRM,Beginner,5,True
EMP-1106,Demo EMP-1106,Research & Development,Laboratory Technician,Laboratory Methods,Beginner,5,True
EMP-1106,Demo EMP-1106,Research & Development,Laboratory Technician,SQL,Intermediate,0,True
EMP-1106,Demo EMP-1106,Research & Development,Laboratory Technician,RAG,Advanced,5,True
EMP-1106,Demo EMP-1106,Research & Development,Laboratory Technician,Python,Intermediate,0,True
EMP-1107,Demo EMP-1107,Research & Development,Laboratory Technician,Machine Learning,Advanced,3,True
EMP-1107,Demo EMP-1107,Research & Development,Laboratory Technician,Python,Beginner,5,True
EMP-1107,Demo EMP-1107,Research & Development,Laboratory Technician,MLOps,Beginner,4,True
EMP-1107,Demo EMP-1107,Research & Development,Laboratory Technician,LLMs,Beginner,2,True
EMP-1108,Demo EMP-1108,Research & Development,Research Scientist,MLOps,Intermediate,3,True
EMP-1108,Demo EMP-1108,Research & Development,Research Scientist,LLMs,Beginner,3,True
EMP-1108,Demo EMP-1108,Research & Development,Research Scientist,Laboratory Methods,Intermediate,5,True
EMP-1108,Demo EMP-1108,Research & Development,Research Scientist,SQL,Intermediate,0,True
EMP-1109,Demo EMP-1109,Research & Development,Manager,Laboratory Methods,Intermediate,5,True
EMP-1109,Demo EMP-1109,Research & Development,Manager,LLMs,Beginner,5,True
EMP-1109,Demo EMP-1109,Research & Development,Manager,Machine Learning,Intermediate,3,True
EMP-1109,Demo EMP-1109,Research & Development,Manager,Research,Intermediate,2,True
EMP-1111,Demo EMP-1111,Research & Development,Laboratory Technician,SQL,Advanced,3,True
EMP-1111,Demo EMP-1111,Research & Development,Laboratory Technician,Research,Advanced,4,True
EMP-1111,Demo EMP-1111,Research & Development,Laboratory Technician,AWS,Beginner,4,True
EMP-1111,Demo EMP-1111,Research & Development,Laboratory Technician,Python,Intermediate,4,True
EMP-1113,Demo EMP-1113,Sales,Sales Executive,Sales,Intermediate,1,True
EMP-1113,Demo EMP-1113,Sales,Sales Executive,CRM,Advanced,2,True
EMP-1113,Demo EMP-1113,Sales,Sales Executive,Excel,Beginner,3,True
EMP-1113,Demo EMP-1113,Sales,Sales Executive,SQL,Intermediate,4,True
EMP-1114,Demo EMP-1114,Sales,Sales Executive,CRM,Beginner,0,True
EMP-1114,Demo EMP-1114,Sales,Sales Executive,Excel,Intermediate,2,True
EMP-1114,Demo EMP-1114,Sales,Sales Executive,Data Analysis,Advanced,0,True
EMP-1114,Demo EMP-1114,Sales,Sales Executive,SQL,Advanced,5,True
EMP-1115,Demo EMP-1115,Research & Development,Research Scientist,Python,Advanced,3,True
EMP-1115,Demo EMP-1115,Research & Development,Research Scientist,LLMs,Beginner,3,True
EMP-1115,Demo EMP-1115,Research & Development,Research Scientist,PyTorch,Beginner,4,True
EMP-1115,Demo EMP-1115,Research & Development,Research Scientist,AWS,Advanced,2,True
EMP-1116,Demo EMP-1116,Research & Development,Manager,Laboratory Methods,Intermediate,5,True
EMP-1116,Demo EMP-1116,Research & Development,Manager,LLMs,Intermediate,4,True
EMP-1116,Demo EMP-1116,Research & Development,Manager,Research,Beginner,4,True
EMP-1116,Demo EMP-1116,Research & Development,Manager,RAG,Beginner,2,True
EMP-1117,Demo EMP-1117,Sales,Sales Executive,CRM,Beginner,2,True
EMP-1117,Demo EMP-1117,Sales,Sales Executive,SQL,Beginner,3,True
EMP-1117,Demo EMP-1117,Sales,Sales Executive,Communication,Beginner,1,True
EMP-1117,Demo EMP-1117,Sales,Sales Executive,Data Analysis,Intermediate,4,True
EMP-1118,Demo EMP-1118,Research & Development,Healthcare Representative,MLOps,Advanced,2,True
EMP-1118,Demo EMP-1118,Research & Development,Healthcare Representative,SQL,Intermediate,4,True
EMP-1118,Demo EMP-1118,Research & Development,Healthcare Representative,Research,Beginner,5,True
EMP-1118,Demo EMP-1118,Research & Development,Healthcare Representative,Docker,Intermediate,4,True
EMP-1119,Demo EMP-1119,Sales,Sales Executive,Excel,Advanced,1,True
EMP-1119,Demo EMP-1119,Sales,Sales Executive,Communication,Advanced,1,True
EMP-1119,Demo EMP-1119,Sales,Sales Executive,CRM,Intermediate,2,True
EMP-1119,Demo EMP-1119,Sales,Sales Executive,Data Analysis,Intermediate,2,True
EMP-1120,Demo EMP-1120,Research & Development,Research Scientist,Research,Advanced,5,True
EMP-1120,Demo EMP-1120,Research & Development,Research Scientist,AWS,Intermediate,3,True
EMP-1120,Demo EMP-1120,Research & Development,Research Scientist,LLMs,Advanced,2,True
EMP-1120,Demo EMP-1120,Research & Development,Research Scientist,Machine Learning,Beginner,4,True
EMP-1121,Demo EMP-1121,Research & Development,Manufacturing Director,PyTorch,Intermediate,0,True
EMP-1121,Demo EMP-1121,Research & Development,Manufacturing Director,Docker,Intermediate,0,True
EMP-1121,Demo EMP-1121,Research & Development,Manufacturing Director,AWS,Intermediate,5,True
EMP-1121,Demo EMP-1121,Research & Development,Manufacturing Director,RAG,Beginner,1,True
EMP-1124,Demo EMP-1124,Sales,Manager,Excel,Intermediate,0,True
EMP-1124,Demo EMP-1124,Sales,Manager,Sales,Beginner,0,True
EMP-1124,Demo EMP-1124,Sales,Manager,Communication,Intermediate,3,True
EMP-1124,Demo EMP-1124,Sales,Manager,CRM,Intermediate,0,True
EMP-1125,Demo EMP-1125,Sales,Sales Executive,Excel,Intermediate,2,True
EMP-1125,Demo EMP-1125,Sales,Sales Executive,Communication,Intermediate,3,True
EMP-1125,Demo EMP-1125,Sales,Sales Executive,SQL,Intermediate,4,True
EMP-1125,Demo EMP-1125,Sales,Sales Executive,CRM,Beginner,2,True
EMP-1126,Demo EMP-1126,Research & Development,Manufacturing Director,MLOps,Intermediate,4,True
EMP-1126,Demo EMP-1126,Research & Development,Manufacturing Director,Python,Intermediate,2,True
EMP-1126,Demo EMP-1126,Research & Development,Manufacturing Director,Machine Learning,Advanced,1,True
EMP-1126,Demo EMP-1126,Research & Development,Manufacturing Director,SQL,Beginner,3,True
EMP-1127,Demo EMP-1127,Research & Development,Healthcare Representative,Research,Beginner,5,True
EMP-1127,Demo EMP-1127,Research & Development,Healthcare Representative,PyTorch,Beginner,3,True
EMP-1127,Demo EMP-1127,Research & Development,Healthcare Representative,AWS,Intermediate,5,True
EMP-1127,Demo EMP-1127,Research & Development,Healthcare Representative,MLOps,Intermediate,2,True
EMP-1128,Demo EMP-1128,Research & Development,Research Director,RAG,Intermediate,4,True
EMP-1128,Demo EMP-1128,Research & Development,Research Director,Laboratory Methods,Beginner,0,True
EMP-1128,Demo EMP-1128,Research & Development,Research Director,Machine Learning,Intermediate,2,True
EMP-1128,Demo EMP-1128,Research & Development,Research Director,Python,Intermediate,3,True
EMP-1131,Demo EMP-1131,Research & Development,Research Scientist,Docker,Intermediate,5,True
EMP-1131,Demo EMP-1131,Research & Development,Research Scientist,LLMs,Beginner,3,True
EMP-1131,Demo EMP-1131,Research & Development,Research Scientist,Laboratory Methods,Advanced,2,True
EMP-1131,Demo EMP-1131,Research & Development,Research Scientist,Machine Learning,Beginner,5,True
EMP-1132,Demo EMP-1132,Research & Development,Laboratory Technician,LLMs,Beginner,5,True
EMP-1132,Demo EMP-1132,Research & Development,Laboratory Technician,SQL,Beginner,1,True
EMP-1132,Demo EMP-1132,Research & Development,Laboratory Technician,AWS,Intermediate,2,True
EMP-1132,Demo EMP-1132,Research & Development,Laboratory Technician,Laboratory Methods,Intermediate,4,True
EMP-1133,Demo EMP-1133,Research & Development,Manufacturing Director,MLOps,Beginner,5,True
EMP-1133,Demo EMP-1133,Research & Development,Manufacturing Director,Machine Learning,Intermediate,4,True
EMP-1133,Demo EMP-1133,Research & Development,Manufacturing Director,Research,Advanced,5,True
EMP-1133,Demo EMP-1133,Research & Development,Manufacturing Director,Docker,Beginner,4,True
EMP-1135,Demo EMP-1135,Sales,Sales Representative,SQL,Intermediate,4,True
EMP-1135,Demo EMP-1135,Sales,Sales Representative,Sales,Beginner,2,True
EMP-1135,Demo EMP-1135,Sales,Sales Representative,Communication,Beginner,5,True
EMP-1135,Demo EMP-1135,Sales,Sales Representative,Data Analysis,Intermediate,0,True
EMP-1136,Demo EMP-1136,Research & Development,Research Scientist,SQL,Intermediate,5,True
EMP-1136,Demo EMP-1136,Research & Development,Research Scientist,Docker,Intermediate,5,True
EMP-1136,Demo EMP-1136,Research & Development,Research Scientist,RAG,Advanced,4,True
EMP-1136,Demo EMP-1136,Research & Development,Research Scientist,Machine Learning,Beginner,3,True
EMP-1137,Demo EMP-1137,Sales,Sales Executive,Sales,Intermediate,2,True
EMP-1137,Demo EMP-1137,Sales,Sales Executive,Excel,Intermediate,0,True
EMP-1137,Demo EMP-1137,Sales,Sales Executive,CRM,Advanced,1,True
EMP-1137,Demo EMP-1137,Sales,Sales Executive,SQL,Intermediate,0,True
EMP-1138,Demo EMP-1138,Sales,Sales Executive,SQL,Intermediate,0,True
EMP-1138,Demo EMP-1138,Sales,Sales Executive,Sales,Intermediate,1,True
EMP-1138,Demo EMP-1138,Sales,Sales Executive,Data Analysis,Intermediate,4,True
EMP-1138,Demo EMP-1138,Sales,Sales Executive,Communication,Advanced,2,True
EMP-1140,Demo EMP-1140,Research & Development,Manufacturing Director,MLOps,Beginner,4,True
EMP-1140,Demo EMP-1140,Research & Development,Manufacturing Director,Laboratory Methods,Intermediate,3,True
EMP-1140,Demo EMP-1140,Research & Development,Manufacturing Director,Python,Intermediate,1,True
EMP-1140,Demo EMP-1140,Research & Development,Manufacturing Director,SQL,Intermediate,2,True
EMP-1143,Demo EMP-1143,Research & Development,Research Scientist,MLOps,Intermediate,2,True
EMP-1143,Demo EMP-1143,Research & Development,Research Scientist,Research,Advanced,1,True
EMP-1143,Demo EMP-1143,Research & Development,Research Scientist,Docker,Beginner,5,True
EMP-1143,Demo EMP-1143,Research & Development,Research Scientist,RAG,Beginner,4,True
EMP-1148,Demo EMP-1148,Research & Development,Laboratory Technician,MLOps,Beginner,4,True
EMP-1148,Demo EMP-1148,Research & Development,Laboratory Technician,Machine Learning,Intermediate,2,True
EMP-1148,Demo EMP-1148,Research & Development,Laboratory Technician,LLMs,Intermediate,3,True
EMP-1148,Demo EMP-1148,Research & Development,Laboratory Technician,PyTorch,Beginner,1,True
EMP-1150,Demo EMP-1150,Research & Development,Manufacturing Director,LLMs,Beginner,4,True
EMP-1150,Demo EMP-1150,Research & Development,Manufacturing Director,Research,Intermediate,0,True
EMP-1150,Demo EMP-1150,Research & Development,Manufacturing Director,MLOps,Beginner,0,True
EMP-1150,Demo EMP-1150,Research & Development,Manufacturing Director,PyTorch,Intermediate,1,True
EMP-1152,Demo EMP-1152,Human Resources,Human Resources,Excel,Advanced,3,True
EMP-1152,Demo EMP-1152,Human Resources,Human Resources,SQL,Intermediate,5,True
EMP-1152,Demo EMP-1152,Human Resources,Human Resources,Data Analysis,Beginner,2,True
EMP-1152,Demo EMP-1152,Human Resources,Human Resources,Communication,Intermediate,1,True
EMP-1154,Demo EMP-1154,Research & Development,Research Scientist,Laboratory Methods,Intermediate,5,True
EMP-1154,Demo EMP-1154,Research & Development,Research Scientist,Machine Learning,Beginner,0,True
EMP-1154,Demo EMP-1154,Research & Development,Research Scientist,SQL,Intermediate,0,True
EMP-1154,Demo EMP-1154,Research & Development,Research Scientist,AWS,Intermediate,4,True
EMP-1156,Demo EMP-1156,Research & Development,Laboratory Technician,Machine Learning,Beginner,4,True
EMP-1156,Demo EMP-1156,Research & Development,Laboratory Technician,Laboratory Methods,Beginner,5,True
EMP-1156,Demo EMP-1156,Research & Development,Laboratory Technician,Python,Beginner,1,True
EMP-1156,Demo EMP-1156,Research & Development,Laboratory Technician,Research,Intermediate,5,True
EMP-1157,Demo EMP-1157,Sales,Sales Executive,Data Analysis,Advanced,0,True
EMP-1157,Demo EMP-1157,Sales,Sales Executive,SQL,Beginner,1,True
EMP-1157,Demo EMP-1157,Sales,Sales Executive,Sales,Intermediate,4,True
EMP-1157,Demo EMP-1157,Sales,Sales Executive,Communication,Beginner,4,True
EMP-1158,Demo EMP-1158,Research & Development,Laboratory Technician,Research,Intermediate,4,True
EMP-1158,Demo EMP-1158,Research & Development,Laboratory Technician,MLOps,Intermediate,2,True
EMP-1158,Demo EMP-1158,Research & Development,Laboratory Technician,LLMs,Beginner,5,True
EMP-1158,Demo EMP-1158,Research & Development,Laboratory Technician,PyTorch,Beginner,5,True
EMP-1160,Demo EMP-1160,Research & Development,Laboratory Technician,MLOps,Advanced,5,True
EMP-1160,Demo EMP-1160,Research & Development,Laboratory Technician,LLMs,Intermediate,1,True
EMP-1160,Demo EMP-1160,Research & Development,Laboratory Technician,PyTorch,Intermediate,4,True
EMP-1160,Demo EMP-1160,Research & Development,Laboratory Technician,Docker,Intermediate,5,True
EMP-1161,Demo EMP-1161,Research & Development,Healthcare Representative,RAG,Intermediate,4,True
EMP-1161,Demo EMP-1161,Research & Development,Healthcare Representative,PyTorch,Intermediate,5,True
EMP-1161,Demo EMP-1161,Research & Development,Healthcare Representative,Machine Learning,Beginner,5,True
EMP-1161,Demo EMP-1161,Research & Development,Healthcare Representative,AWS,Intermediate,2,True
EMP-1162,Demo EMP-1162,Research & Development,Research Scientist,Docker,Beginner,4,True
EMP-1162,Demo EMP-1162,Research & Development,Research Scientist,AWS,Intermediate,5,True
EMP-1162,Demo EMP-1162,Research & Development,Research Scientist,Laboratory Methods,Intermediate,4,True
EMP-1162,Demo EMP-1162,Research & Development,Research Scientist,Research,Advanced,2,True
EMP-1163,Demo EMP-1163,Sales,Sales Executive,SQL,Intermediate,1,True
EMP-1163,Demo EMP-1163,Sales,Sales Executive,Sales,Beginner,1,True
EMP-1163,Demo EMP-1163,Sales,Sales Executive,Communication,Beginner,4,True
EMP-1163,Demo EMP-1163,Sales,Sales Executive,Excel,Intermediate,4,True
EMP-1164,Demo EMP-1164,Human Resources,Human Resources,Project Management,Beginner,4,True
EMP-1164,Demo EMP-1164,Human Resources,Human Resources,Communication,Beginner,1,True
EMP-1164,Demo EMP-1164,Human Resources,Human Resources,Excel,Intermediate,5,True
EMP-1164,Demo EMP-1164,Human Resources,Human Resources,Data Analysis,Intermediate,1,True
EMP-1165,Demo EMP-1165,Sales,Sales Executive,SQL,Advanced,1,True
EMP-1165,Demo EMP-1165,Sales,Sales Executive,Sales,Intermediate,5,True
EMP-1165,Demo EMP-1165,Sales,Sales Executive,Excel,Advanced,1,True
EMP-1165,Demo EMP-1165,Sales,Sales Executive,CRM,Intermediate,4,True
EMP-1166,Demo EMP-1166,Research & Development,Research Director,Python,Intermediate,2,True
EMP-1166,Demo EMP-1166,Research & Development,Research Director,AWS,Beginner,2,True
EMP-1166,Demo EMP-1166,Research & Development,Research Director,Machine Learning,Beginner,1,True
EMP-1166,Demo EMP-1166,Research & Development,Research Director,RAG,Beginner,5,True
EMP-1167,Demo EMP-1167,Sales,Sales Executive,CRM,Advanced,0,True
EMP-1167,Demo EMP-1167,Sales,Sales Executive,Sales,Intermediate,3,True
EMP-1167,Demo EMP-1167,Sales,Sales Executive,Data Analysis,Beginner,5,True
EMP-1167,Demo EMP-1167,Sales,Sales Executive,Communication,Beginner,2,True
EMP-1171,Demo EMP-1171,Sales,Sales Executive,Sales,Intermediate,4,True
EMP-1171,Demo EMP-1171,Sales,Sales Executive,CRM,Advanced,5,True
EMP-1171,Demo EMP-1171,Sales,Sales Executive,Excel,Advanced,2,True
EMP-1171,Demo EMP-1171,Sales,Sales Executive,Data Analysis,Intermediate,5,True
EMP-1172,Demo EMP-1172,Research & Development,Laboratory Technician,Laboratory Methods,Intermediate,5,True
EMP-1172,Demo EMP-1172,Research & Development,Laboratory Technician,LLMs,Beginner,4,True
EMP-1172,Demo EMP-1172,Research & Development,Laboratory Technician,SQL,Advanced,5,True
EMP-1172,Demo EMP-1172,Research & Development,Laboratory Technician,PyTorch,Intermediate,2,True
EMP-1173,Demo EMP-1173,Research & Development,Laboratory Technician,SQL,Advanced,3,True
EMP-1173,Demo EMP-1173,Research & Development,Laboratory Technician,LLMs,Intermediate,0,True
EMP-1173,Demo EMP-1173,Research & Development,Laboratory Technician,Docker,Beginner,2,True
EMP-1173,Demo EMP-1173,Research & Development,Laboratory Technician,AWS,Beginner,2,True
EMP-1175,Demo EMP-1175,Research & Development,Laboratory Technician,Docker,Beginner,1,True
EMP-1175,Demo EMP-1175,Research & Development,Laboratory Technician,AWS,Intermediate,0,True
EMP-1175,Demo EMP-1175,Research & Development,Laboratory Technician,Laboratory Methods,Intermediate,4,True
EMP-1175,Demo EMP-1175,Research & Development,Laboratory Technician,LLMs,Advanced,2,True
EMP-1177,Demo EMP-1177,Research & Development,Laboratory Technician,Docker,Intermediate,0,True
EMP-1177,Demo EMP-1177,Research & Development,Laboratory Technician,LLMs,Beginner,2,True
EMP-1177,Demo EMP-1177,Research & Development,Laboratory Technician,SQL,Beginner,3,True
EMP-1177,Demo EMP-1177,Research & Development,Laboratory Technician,PyTorch,Intermediate,4,True
EMP-1179,Demo EMP-1179,Sales,Sales Executive,SQL,Advanced,1,True
EMP-1179,Demo EMP-1179,Sales,Sales Executive,CRM,Intermediate,2,True
EMP-1179,Demo EMP-1179,Sales,Sales Executive,Sales,Intermediate,1,True
EMP-1179,Demo EMP-1179,Sales,Sales Executive,Excel,Intermediate,5,True
EMP-1180,Demo EMP-1180,Research & Development,Research Scientist,Research,Intermediate,0,True
EMP-1180,Demo EMP-1180,Research & Development,Research Scientist,Machine Learning,Intermediate,3,True
EMP-1180,Demo EMP-1180,Research & Development,Research Scientist,LLMs,Beginner,4,True
EMP-1180,Demo EMP-1180,Research & Development,Research Scientist,Laboratory Methods,Intermediate,5,True
EMP-1182,Demo EMP-1182,Research & Development,Manufacturing Director,Research,Intermediate,1,True
EMP-1182,Demo EMP-1182,Research & Development,Manufacturing Director,RAG,Advanced,5,True
EMP-1182,Demo EMP-1182,Research & Development,Manufacturing Director,Laboratory Methods,Advanced,2,True
EMP-1182,Demo EMP-1182,Research & Development,Manufacturing Director,Python,Beginner,4,True
EMP-1184,Demo EMP-1184,Research & Development,Healthcare Representative,LLMs,Intermediate,2,True
EMP-1184,Demo EMP-1184,Research & Development,Healthcare Representative,PyTorch,Advanced,4,True
EMP-1184,Demo EMP-1184,Research & Development,Healthcare Representative,Machine Learning,Intermediate,4,True
EMP-1184,Demo EMP-1184,Research & Development,Healthcare Representative,Laboratory Methods,Intermediate,5,True
EMP-1185,Demo EMP-1185,Research & Development,Laboratory Technician,Python,Intermediate,5,True
EMP-1185,Demo EMP-1185,Research & Development,Laboratory Technician,LLMs,Beginner,1,True
EMP-1185,Demo EMP-1185,Research & Development,Laboratory Technician,PyTorch,Intermediate,3,True
EMP-1185,Demo EMP-1185,Research & Development,Laboratory Technician,Research,Advanced,2,True
EMP-1188,Demo EMP-1188,Sales,Sales Executive,Excel,Advanced,0,True
EMP-1188,Demo EMP-1188,Sales,Sales Executive,Sales,Intermediate,2,True
EMP-1188,Demo EMP-1188,Sales,Sales Executive,Data Analysis,Beginner,2,True
EMP-1188,Demo EMP-1188,Sales,Sales Executive,SQL,Advanced,2,True
EMP-1190,Demo EMP-1190,Sales,Sales Representative,SQL,Advanced,5,True
EMP-1190,Demo EMP-1190,Sales,Sales Representative,CRM,Beginner,4,True
EMP-1190,Demo EMP-1190,Sales,Sales Representative,Sales,Beginner,3,True
EMP-1190,Demo EMP-1190,Sales,Sales Representative,Communication,Intermediate,4,True
EMP-1191,Demo EMP-1191,Research & Development,Manager,RAG,Intermediate,1,True
EMP-1191,Demo EMP-1191,Research & Development,Manager,AWS,Intermediate,0,True
EMP-1191,Demo EMP-1191,Research & Development,Manager,SQL,Beginner,0,True
EMP-1191,Demo EMP-1191,Research & Development,Manager,Laboratory Methods,Advanced,1,True
EMP-1192,Demo EMP-1192,Research & Development,Laboratory Technician,Laboratory Methods,Intermediate,3,True
EMP-1192,Demo EMP-1192,Research & Development,Laboratory Technician,Research,Advanced,4,True
EMP-1192,Demo EMP-1192,Research & Development,Laboratory Technician,PyTorch,Beginner,1,True
EMP-1192,Demo EMP-1192,Research & Development,Laboratory Technician,Python,Intermediate,0,True
EMP-1193,Demo EMP-1193,Research & Development,Research Scientist,Machine Learning,Advanced,1,True
EMP-1193,Demo EMP-1193,Research & Development,Research Scientist,Research,Intermediate,3,True
EMP-1193,Demo EMP-1193,Research & Development,Research Scientist,Docker,Beginner,3,True
EMP-1193,Demo EMP-1193,Research & Development,Research Scientist,LLMs,Advanced,1,True
EMP-1195,Demo EMP-1195,Research & Development,Research Scientist,Docker,Intermediate,3,True
EMP-1195,Demo EMP-1195,Research & Development,Research Scientist,SQL,Intermediate,2,True
EMP-1195,Demo EMP-1195,Research & Development,Research Scientist,Research,Intermediate,4,True
EMP-1195,Demo EMP-1195,Research & Development,Research Scientist,Laboratory Methods,Intermediate,5,True
EMP-1196,Demo EMP-1196,Research & Development,Manufacturing Director,MLOps,Intermediate,4,True
EMP-1196,Demo EMP-1196,Research & Development,Manufacturing Director,SQL,Intermediate,4,True
EMP-1196,Demo EMP-1196,Research & Development,Manufacturing Director,LLMs,Intermediate,5,True
EMP-1196,Demo EMP-1196,Research & Development,Manufacturing Director,Research,Advanced,3,True
EMP-1198,Demo EMP-1198,Research & Development,Laboratory Technician,MLOps,Intermediate,2,True
EMP-1198,Demo EMP-1198,Research & Development,Laboratory Technician,SQL,Beginner,2,True
EMP-1198,Demo EMP-1198,Research & Development,Laboratory Technician,Python,Intermediate,4,True
EMP-1198,Demo EMP-1198,Research & Development,Laboratory Technician,Laboratory Methods,Beginner,1,True
EMP-1200,Demo EMP-1200,Research & Development,Research Scientist,Machine Learning,Intermediate,5,True
EMP-1200,Demo EMP-1200,Research & Development,Research Scientist,MLOps,Beginner,1,True
EMP-1200,Demo EMP-1200,Research & Development,Research Scientist,Laboratory Methods,Advanced,5,True
EMP-1200,Demo EMP-1200,Research & Development,Research Scientist,PyTorch,Intermediate,0,True
EMP-1201,Demo EMP-1201,Research & Development,Manager,RAG,Advanced,3,True
EMP-1201,Demo EMP-1201,Research & Development,Manager,SQL,Advanced,3,True
EMP-1201,Demo EMP-1201,Research & Development,Manager,Research,Beginner,1,True
EMP-1201,Demo EMP-1201,Research & Development,Manager,Docker,Intermediate,4,True
EMP-1202,Demo EMP-1202,Research & Development,Research Scientist,LLMs,Intermediate,2,True
EMP-1202,Demo EMP-1202,Research & Development,Research Scientist,Laboratory Methods,Intermediate,4,True
EMP-1202,Demo EMP-1202,Research & Development,Research Scientist,Machine Learning,Advanced,5,True
EMP-1202,Demo EMP-1202,Research & Development,Research Scientist,PyTorch,Intermediate,1,True
EMP-1203,Demo EMP-1203,Research & Development,Research Scientist,MLOps,Beginner,3,True
EMP-1203,Demo EMP-1203,Research & Development,Research Scientist,Research,Advanced,4,True
EMP-1203,Demo EMP-1203,Research & Development,Research Scientist,AWS,Intermediate,3,True
EMP-1203,Demo EMP-1203,Research & Development,Research Scientist,Docker,Intermediate,1,True
EMP-1204,Demo EMP-1204,Sales,Manager,CRM,Beginner,3,True
EMP-1204,Demo EMP-1204,Sales,Manager,SQL,Advanced,2,True
EMP-1204,Demo EMP-1204,Sales,Manager,Data Analysis,Intermediate,4,True
EMP-1204,Demo EMP-1204,Sales,Manager,Communication,Intermediate,2,True
EMP-1206,Demo EMP-1206,Research & Development,Research Scientist,MLOps,Advanced,0,True
EMP-1206,Demo EMP-1206,Research & Development,Research Scientist,PyTorch,Advanced,0,True
EMP-1206,Demo EMP-1206,Research & Development,Research Scientist,SQL,Intermediate,3,True
EMP-1206,Demo EMP-1206,Research & Development,Research Scientist,Research,Beginner,2,True
EMP-1207,Demo EMP-1207,Human Resources,Human Resources,Data Analysis,Beginner,4,True
EMP-1207,Demo EMP-1207,Human Resources,Human Resources,Project Management,Intermediate,3,True
EMP-1207,Demo EMP-1207,Human Resources,Human Resources,Communication,Intermediate,4,True
EMP-1207,Demo EMP-1207,Human Resources,Human Resources,Excel,Intermediate,2,True
EMP-1210,Demo EMP-1210,Research & Development,Research Scientist,Research,Intermediate,5,True
EMP-1210,Demo EMP-1210,Research & Development,Research Scientist,Docker,Intermediate,1,True
EMP-1210,Demo EMP-1210,Research & Development,Research Scientist,LLMs,Beginner,1,True
EMP-1210,Demo EMP-1210,Research & Development,Research Scientist,Machine Learning,Advanced,0,True
EMP-1211,Demo EMP-1211,Sales,Sales Executive,Sales,Intermediate,2,True
EMP-1211,Demo EMP-1211,Sales,Sales Executive,CRM,Advanced,1,True
EMP-1211,Demo EMP-1211,Sales,Sales Executive,Excel,Beginner,2,True
EMP-1211,Demo EMP-1211,Sales,Sales Executive,Data Analysis,Intermediate,0,True
EMP-1212,Demo EMP-1212,Sales,Sales Executive,Data Analysis,Beginner,1,True
EMP-1212,Demo EMP-1212,Sales,Sales Executive,Sales,Advanced,1,True
EMP-1212,Demo EMP-1212,Sales,Sales Executive,Communication,Advanced,3,True
EMP-1212,Demo EMP-1212,Sales,Sales Executive,SQL,Beginner,5,True
EMP-1215,Demo EMP-1215,Research & Development,Manager,Machine Learning,Beginner,0,True
EMP-1215,Demo EMP-1215,Research & Development,Manager,MLOps,Advanced,5,True
EMP-1215,Demo EMP-1215,Research & Development,Manager,Docker,Intermediate,0,True
EMP-1215,Demo EMP-1215,Research & Development,Manager,LLMs,Beginner,5,True
EMP-1216,Demo EMP-1216,Research & Development,Laboratory Technician,MLOps,Intermediate,0,True
EMP-1216,Demo EMP-1216,Research & Development,Laboratory Technician,PyTorch,Beginner,4,True
EMP-1216,Demo EMP-1216,Research & Development,Laboratory Technician,Python,Advanced,4,True
EMP-1216,Demo EMP-1216,Research & Development,Laboratory Technician,SQL,Intermediate,4,True
EMP-1217,Demo EMP-1217,Research & Development,Research Director,Docker,Intermediate,3,True
EMP-1217,Demo EMP-1217,Research & Development,Research Director,MLOps,Beginner,2,True
EMP-1217,Demo EMP-1217,Research & Development,Research Director,RAG,Advanced,2,True
EMP-1217,Demo EMP-1217,Research & Development,Research Director,SQL,Intermediate,5,True
EMP-1218,Demo EMP-1218,Sales,Sales Executive,Data Analysis,Intermediate,4,True
EMP-1218,Demo EMP-1218,Sales,Sales Executive,SQL,Intermediate,2,True
EMP-1218,Demo EMP-1218,Sales,Sales Executive,CRM,Advanced,0,True
EMP-1218,Demo EMP-1218,Sales,Sales Executive,Communication,Intermediate,5,True
EMP-1219,Demo EMP-1219,Research & Development,Laboratory Technician,Machine Learning,Advanced,4,True
EMP-1219,Demo EMP-1219,Research & Development,Laboratory Technician,Laboratory Methods,Intermediate,1,True
EMP-1219,Demo EMP-1219,Research & Development,Laboratory Technician,PyTorch,Intermediate,2,True
EMP-1219,Demo EMP-1219,Research & Development,Laboratory Technician,LLMs,Intermediate,2,True
EMP-1220,Demo EMP-1220,Sales,Sales Executive,SQL,Intermediate,5,True
EMP-1220,Demo EMP-1220,Sales,Sales Executive,Communication,Beginner,5,True
EMP-1220,Demo EMP-1220,Sales,Sales Executive,Sales,Advanced,4,True
EMP-1220,Demo EMP-1220,Sales,Sales Executive,CRM,Intermediate,4,True
EMP-1221,Demo EMP-1221,Research & Development,Laboratory Technician,Python,Beginner,5,True
EMP-1221,Demo EMP-1221,Research & Development,Laboratory Technician,AWS,Intermediate,0,True
EMP-1221,Demo EMP-1221,Research & Development,Laboratory Technician,Docker,Intermediate,0,True
EMP-1221,Demo EMP-1221,Research & Development,Laboratory Technician,RAG,Beginner,2,True
EMP-1224,Demo EMP-1224,Research & Development,Laboratory Technician,AWS,Intermediate,4,True
EMP-1224,Demo EMP-1224,Research & Development,Laboratory Technician,MLOps,Intermediate,0,True
EMP-1224,Demo EMP-1224,Research & Development,Laboratory Technician,RAG,Advanced,5,True
EMP-1224,Demo EMP-1224,Research & Development,Laboratory Technician,Research,Intermediate,1,True
EMP-1225,Demo EMP-1225,Research & Development,Research Scientist,Research,Advanced,0,True
EMP-1225,Demo EMP-1225,Research & Development,Research Scientist,PyTorch,Intermediate,5,True
EMP-1225,Demo EMP-1225,Research & Development,Research Scientist,SQL,Intermediate,5,True
EMP-1225,Demo EMP-1225,Research & Development,Research Scientist,Python,Intermediate,0,True
EMP-1226,Demo EMP-1226,Sales,Sales Representative,Excel,Intermediate,1,True
EMP-1226,Demo EMP-1226,Sales,Sales Representative,Communication,Intermediate,3,True
EMP-1226,Demo EMP-1226,Sales,Sales Representative,SQL,Intermediate,4,True
EMP-1226,Demo EMP-1226,Sales,Sales Representative,Sales,Beginner,0,True
EMP-1228,Demo EMP-1228,Research & Development,Manufacturing Director,AWS,Intermediate,1,True
EMP-1228,Demo EMP-1228,Research & Development,Manufacturing Director,MLOps,Beginner,4,True
EMP-1228,Demo EMP-1228,Research & Development,Manufacturing Director,LLMs,Intermediate,2,True
EMP-1228,Demo EMP-1228,Research & Development,Manufacturing Director,Python,Beginner,4,True
EMP-1231,Demo EMP-1231,Human Resources,Human Resources,Excel,Intermediate,4,True
EMP-1231,Demo EMP-1231,Human Resources,Human Resources,Data Analysis,Intermediate,4,True
EMP-1231,Demo EMP-1231,Human Resources,Human Resources,Communication,Beginner,0,True
EMP-1231,Demo EMP-1231,Human Resources,Human Resources,SQL,Beginner,4,True
EMP-1233,Demo EMP-1233,Sales,Sales Executive,CRM,Intermediate,3,True
EMP-1233,Demo EMP-1233,Sales,Sales Executive,Excel,Intermediate,4,True
EMP-1233,Demo EMP-1233,Sales,Sales Executive,Data Analysis,Beginner,2,True
EMP-1233,Demo EMP-1233,Sales,Sales Executive,Communication,Beginner,5,True
EMP-1234,Demo EMP-1234,Research & Development,Laboratory Technician,MLOps,Intermediate,2,True
EMP-1234,Demo EMP-1234,Research & Development,Laboratory Technician,Docker,Advanced,5,True
EMP-1234,Demo EMP-1234,Research & Development,Laboratory Technician,Laboratory Methods,Intermediate,0,True
EMP-1234,Demo EMP-1234,Research & Development,Laboratory Technician,SQL,Intermediate,1,True
EMP-1235,Demo EMP-1235,Research & Development,Research Scientist,Machine Learning,Intermediate,1,True
EMP-1235,Demo EMP-1235,Research & Development,Research Scientist,Research,Intermediate,3,True
EMP-1235,Demo EMP-1235,Research & Development,Research Scientist,Python,Intermediate,1,True
EMP-1235,Demo EMP-1235,Research & Development,Research Scientist,RAG,Intermediate,5,True
EMP-1237,Demo EMP-1237,Research & Development,Manufacturing Director,Docker,Intermediate,0,True
EMP-1237,Demo EMP-1237,Research & Development,Manufacturing Director,LLMs,Beginner,2,True
EMP-1237,Demo EMP-1237,Research & Development,Manufacturing Director,AWS,Advanced,2,True
EMP-1237,Demo EMP-1237,Research & Development,Manufacturing Director,PyTorch,Intermediate,3,True
EMP-1238,Demo EMP-1238,Research & Development,Research Scientist,LLMs,Intermediate,0,True
EMP-1238,Demo EMP-1238,Research & Development,Research Scientist,Python,Beginner,4,True
EMP-1238,Demo EMP-1238,Research & Development,Research Scientist,PyTorch,Intermediate,3,True
EMP-1238,Demo EMP-1238,Research & Development,Research Scientist,Laboratory Methods,Intermediate,3,True
EMP-1239,Demo EMP-1239,Sales,Sales Executive,Excel,Intermediate,1,True
EMP-1239,Demo EMP-1239,Sales,Sales Executive,Data Analysis,Advanced,4,True
EMP-1239,Demo EMP-1239,Sales,Sales Executive,Communication,Advanced,5,True
EMP-1239,Demo EMP-1239,Sales,Sales Executive,SQL,Beginner,1,True
EMP-1240,Demo EMP-1240,Sales,Sales Executive,Excel,Intermediate,2,True
EMP-1240,Demo EMP-1240,Sales,Sales Executive,SQL,Beginner,3,True
EMP-1240,Demo EMP-1240,Sales,Sales Executive,Communication,Beginner,1,True
EMP-1240,Demo EMP-1240,Sales,Sales Executive,Data Analysis,Advanced,4,True
EMP-1241,Demo EMP-1241,Research & Development,Research Scientist,AWS,Advanced,1,True
EMP-1241,Demo EMP-1241,Research & Development,Research Scientist,SQL,Intermediate,3,True
EMP-1241,Demo EMP-1241,Research & Development,Research Scientist,PyTorch,Intermediate,5,True
EMP-1241,Demo EMP-1241,Research & Development,Research Scientist,MLOps,Intermediate,3,True
EMP-1242,Demo EMP-1242,Research & Development,Research Director,Docker,Beginner,1,True
EMP-1242,Demo EMP-1242,Research & Development,Research Director,Machine Learning,Advanced,0,True
EMP-1242,Demo EMP-1242,Research & Development,Research Director,LLMs,Intermediate,5,True
EMP-1242,Demo EMP-1242,Research & Development,Research Director,Research,Intermediate,4,True
EMP-1243,Demo EMP-1243,Sales,Sales Executive,Communication,Intermediate,1,True
EMP-1243,Demo EMP-1243,Sales,Sales Executive,Sales,Intermediate,0,True
EMP-1243,Demo EMP-1243,Sales,Sales Executive,Data Analysis,Intermediate,1,True
EMP-1243,Demo EMP-1243,Sales,Sales Executive,CRM,Advanced,4,True
EMP-1244,Demo EMP-1244,Research & Development,Research Scientist,SQL,Intermediate,5,True
EMP-1244,Demo EMP-1244,Research & Development,Research Scientist,Docker,Beginner,5,True
EMP-1244,Demo EMP-1244,Research & Development,Research Scientist,Python,Beginner,1,True
EMP-1244,Demo EMP-1244,Research & Development,Research Scientist,RAG,Beginner,5,True
EMP-1245,Demo EMP-1245,Research & Development,Manufacturing Director,RAG,Intermediate,3,True
EMP-1245,Demo EMP-1245,Research & Development,Manufacturing Director,Research,Advanced,2,True
EMP-1245,Demo EMP-1245,Research & Development,Manufacturing Director,PyTorch,Intermediate,3,True
EMP-1245,Demo EMP-1245,Research & Development,Manufacturing Director,Python,Advanced,1,True
EMP-1246,Demo EMP-1246,Research & Development,Research Scientist,Laboratory Methods,Intermediate,4,True
EMP-1246,Demo EMP-1246,Research & Development,Research Scientist,Python,Intermediate,2,True
EMP-1246,Demo EMP-1246,Research & Development,Research Scientist,LLMs,Advanced,4,True
EMP-1246,Demo EMP-1246,Research & Development,Research Scientist,AWS,Beginner,2,True
EMP-1248,Demo EMP-1248,Research & Development,Research Scientist,Machine Learning,Beginner,2,True
EMP-1248,Demo EMP-1248,Research & Development,Research Scientist,SQL,Advanced,0,True
EMP-1248,Demo EMP-1248,Research & Development,Research Scientist,Research,Beginner,0,True
EMP-1248,Demo EMP-1248,Research & Development,Research Scientist,PyTorch,Advanced,4,True
EMP-1249,Demo EMP-1249,Research & Development,Research Scientist,RAG,Beginner,1,True
EMP-1249,Demo EMP-1249,Research & Development,Research Scientist,MLOps,Intermediate,4,True
EMP-1249,Demo EMP-1249,Research & Development,Research Scientist,PyTorch,Beginner,3,True
EMP-1249,Demo EMP-1249,Research & Development,Research Scientist,Research,Intermediate,5,True
EMP-1250,Demo EMP-1250,Research & Development,Research Director,Docker,Advanced,0,True
EMP-1250,Demo EMP-1250,Research & Development,Research Director,Python,Intermediate,2,True
EMP-1250,Demo EMP-1250,Research & Development,Research Director,MLOps,Beginner,0,True
EMP-1250,Demo EMP-1250,Research & Development,Research Director,AWS,Intermediate,4,True
EMP-1251,Demo EMP-1251,Research & Development,Healthcare Representative,RAG,Intermediate,3,True
EMP-1251,Demo EMP-1251,Research & Development,Healthcare Representative,SQL,Advanced,1,True
EMP-1251,Demo EMP-1251,Research & Development,Healthcare Representative,MLOps,Advanced,1,True
EMP-1251,Demo EMP-1251,Research & Development,Healthcare Representative,LLMs,Intermediate,1,True
EMP-1252,Demo EMP-1252,Research & Development,Healthcare Representative,Research,Advanced,3,True
EMP-1252,Demo EMP-1252,Research & Development,Healthcare Representative,Docker,Beginner,5,True
EMP-1252,Demo EMP-1252,Research & Development,Healthcare Representative,RAG,Beginner,3,True
EMP-1252,Demo EMP-1252,Research & Development,Healthcare Representative,Machine Learning,Intermediate,1,True
EMP-1254,Demo EMP-1254,Sales,Sales Executive,Data Analysis,Advanced,0,True
EMP-1254,Demo EMP-1254,Sales,Sales Executive,CRM,Intermediate,4,True
EMP-1254,Demo EMP-1254,Sales,Sales Executive,Communication,Intermediate,4,True
EMP-1254,Demo EMP-1254,Sales,Sales Executive,Excel,Intermediate,1,True
EMP-1255,Demo EMP-1255,Research & Development,Research Director,Python,Beginner,4,True
EMP-1255,Demo EMP-1255,Research & Development,Research Director,PyTorch,Beginner,1,True
EMP-1255,Demo EMP-1255,Research & Development,Research Director,Laboratory Methods,Beginner,5,True
EMP-1255,Demo EMP-1255,Research & Development,Research Director,Machine Learning,Beginner,0,True
EMP-1256,Demo EMP-1256,Research & Development,Manager,SQL,Intermediate,3,True
EMP-1256,Demo EMP-1256,Research & Development,Manager,PyTorch,Intermediate,3,True
EMP-1256,Demo EMP-1256,Research & Development,Manager,Python,Intermediate,5,True
EMP-1256,Demo EMP-1256,Research & Development,Manager,LLMs,Intermediate,4,True
EMP-1257,Demo EMP-1257,Research & Development,Research Scientist,Machine Learning,Intermediate,4,True
EMP-1257,Demo EMP-1257,Research & Development,Research Scientist,MLOps,Beginner,2,True
EMP-1257,Demo EMP-1257,Research & Development,Research Scientist,PyTorch,Intermediate,4,True
EMP-1257,Demo EMP-1257,Research & Development,Research Scientist,LLMs,Beginner,5,True
EMP-1258,Demo EMP-1258,Research & Development,Laboratory Technician,RAG,Beginner,3,True
EMP-1258,Demo EMP-1258,Research & Development,Laboratory Technician,AWS,Intermediate,2,True
EMP-1258,Demo EMP-1258,Research & Development,Laboratory Technician,PyTorch,Advanced,5,True
EMP-1258,Demo EMP-1258,Research & Development,Laboratory Technician,Docker,Intermediate,2,True
EMP-1259,Demo EMP-1259,Research & Development,Research Scientist,SQL,Intermediate,4,True
EMP-1259,Demo EMP-1259,Research & Development,Research Scientist,MLOps,Advanced,1,True
EMP-1259,Demo EMP-1259,Research & Development,Research Scientist,Docker,Beginner,3,True
EMP-1259,Demo EMP-1259,Research & Development,Research Scientist,PyTorch,Beginner,1,True
EMP-1260,Demo EMP-1260,Research & Development,Healthcare Representative,Python,Intermediate,1,True
EMP-1260,Demo EMP-1260,Research & Development,Healthcare Representative,LLMs,Advanced,0,True
EMP-1260,Demo EMP-1260,Research & Development,Healthcare Representative,RAG,Intermediate,2,True
EMP-1260,Demo EMP-1260,Research & Development,Healthcare Representative,SQL,Intermediate,0,True
EMP-1263,Demo EMP-1263,Research & Development,Research Director,MLOps,Advanced,0,True
EMP-1263,Demo EMP-1263,Research & Development,Research Director,Laboratory Methods,Intermediate,1,True
EMP-1263,Demo EMP-1263,Research & Development,Research Director,AWS,Intermediate,0,True
EMP-1263,Demo EMP-1263,Research & Development,Research Director,RAG,Intermediate,4,True
EMP-1264,Demo EMP-1264,Research & Development,Research Director,LLMs,Beginner,1,True
EMP-1264,Demo EMP-1264,Research & Development,Research Director,Python,Advanced,1,True
EMP-1264,Demo EMP-1264,Research & Development,Research Director,RAG,Intermediate,3,True
EMP-1264,Demo EMP-1264,Research & Development,Research Director,AWS,Beginner,2,True
EMP-1265,Demo EMP-1265,Research & Development,Research Scientist,Docker,Intermediate,0,True
EMP-1265,Demo EMP-1265,Research & Development,Research Scientist,Laboratory Methods,Intermediate,5,True
EMP-1265,Demo EMP-1265,Research & Development,Research Scientist,Python,Beginner,0,True
EMP-1265,Demo EMP-1265,Research & Development,Research Scientist,Machine Learning,Intermediate,4,True
EMP-1267,Demo EMP-1267,Sales,Manager,Communication,Advanced,1,True
EMP-1267,Demo EMP-1267,Sales,Manager,SQL,Beginner,3,True
EMP-1267,Demo EMP-1267,Sales,Manager,Data Analysis,Intermediate,4,True
EMP-1267,Demo EMP-1267,Sales,Manager,CRM,Beginner,2,True
EMP-1268,Demo EMP-1268,Sales,Sales Executive,Excel,Intermediate,5,True
EMP-1268,Demo EMP-1268,Sales,Sales Executive,SQL,Intermediate,2,True
EMP-1268,Demo EMP-1268,Sales,Sales Executive,Communication,Intermediate,0,True
EMP-1268,Demo EMP-1268,Sales,Sales Executive,CRM,Beginner,0,True
EMP-1269,Demo EMP-1269,Research & Development,Research Scientist,Machine Learning,Beginner,0,True
EMP-1269,Demo EMP-1269,Research & Development,Research Scientist,AWS,Advanced,1,True
EMP-1269,Demo EMP-1269,Research & Development,Research Scientist,PyTorch,Beginner,1,True
EMP-1269,Demo EMP-1269,Research & Development,Research Scientist,LLMs,Intermediate,1,True
EMP-1270,Demo EMP-1270,Research & Development,Research Scientist,PyTorch,Intermediate,2,True
EMP-1270,Demo EMP-1270,Research & Development,Research Scientist,Docker,Intermediate,3,True
EMP-1270,Demo EMP-1270,Research & Development,Research Scientist,Research,Advanced,5,True
EMP-1270,Demo EMP-1270,Research & Development,Research Scientist,MLOps,Beginner,1,True
EMP-1273,Demo EMP-1273,Sales,Sales Representative,Data Analysis,Intermediate,5,True
EMP-1273,Demo EMP-1273,Sales,Sales Representative,Sales,Beginner,2,True
EMP-1273,Demo EMP-1273,Sales,Sales Representative,SQL,Beginner,5,True
EMP-1273,Demo EMP-1273,Sales,Sales Representative,CRM,Advanced,5,True
EMP-1275,Demo EMP-1275,Research & Development,Research Scientist,RAG,Intermediate,4,True
EMP-1275,Demo EMP-1275,Research & Development,Research Scientist,Docker,Advanced,0,True
EMP-1275,Demo EMP-1275,Research & Development,Research Scientist,MLOps,Intermediate,0,True
EMP-1275,Demo EMP-1275,Research & Development,Research Scientist,Python,Advanced,2,True
EMP-1277,Demo EMP-1277,Sales,Manager,Excel,Intermediate,4,True
EMP-1277,Demo EMP-1277,Sales,Manager,CRM,Intermediate,4,True
EMP-1277,Demo EMP-1277,Sales,Manager,Sales,Beginner,2,True
EMP-1277,Demo EMP-1277,Sales,Manager,Data Analysis,Intermediate,3,True
EMP-1278,Demo EMP-1278,Research & Development,Healthcare Representative,MLOps,Beginner,4,True
EMP-1278,Demo EMP-1278,Research & Development,Healthcare Representative,Research,Beginner,0,True
EMP-1278,Demo EMP-1278,Research & Development,Healthcare Representative,Machine Learning,Intermediate,4,True
EMP-1278,Demo EMP-1278,Research & Development,Healthcare Representative,RAG,Intermediate,1,True
EMP-1279,Demo EMP-1279,Research & Development,Laboratory Technician,Laboratory Methods,Beginner,2,True
EMP-1279,Demo EMP-1279,Research & Development,Laboratory Technician,Python,Beginner,2,True
EMP-1279,Demo EMP-1279,Research & Development,Laboratory Technician,Docker,Beginner,2,True
EMP-1279,Demo EMP-1279,Research & Development,Laboratory Technician,SQL,Intermediate,1,True
EMP-1280,Demo EMP-1280,Sales,Manager,SQL,Beginner,2,True
EMP-1280,Demo EMP-1280,Sales,Manager,CRM,Beginner,3,True
EMP-1280,Demo EMP-1280,Sales,Manager,Excel,Intermediate,0,True
EMP-1280,Demo EMP-1280,Sales,Manager,Sales,Intermediate,2,True
EMP-1281,Demo EMP-1281,Sales,Sales Executive,Communication,Beginner,2,True
EMP-1281,Demo EMP-1281,Sales,Sales Executive,Sales,Beginner,1,True
EMP-1281,Demo EMP-1281,Sales,Sales Executive,CRM,Intermediate,5,True
EMP-1281,Demo EMP-1281,Sales,Sales Executive,SQL,Advanced,0,True
EMP-1282,Demo EMP-1282,Sales,Manager,Sales,Advanced,3,True
EMP-1282,Demo EMP-1282,Sales,Manager,Communication,Advanced,4,True
EMP-1282,Demo EMP-1282,Sales,Manager,Data Analysis,Beginner,2,True
EMP-1282,Demo EMP-1282,Sales,Manager,CRM,Intermediate,0,True
EMP-1283,Demo EMP-1283,Research & Development,Manufacturing Director,Docker,Intermediate,0,True
EMP-1283,Demo EMP-1283,Research & Development,Manufacturing Director,SQL,Intermediate,1,True
EMP-1283,Demo EMP-1283,Research & Development,Manufacturing Director,LLMs,Intermediate,0,True
EMP-1283,Demo EMP-1283,Research & Development,Manufacturing Director,Python,Intermediate,4,True
EMP-1285,Demo EMP-1285,Research & Development,Laboratory Technician,Research,Intermediate,4,True
EMP-1285,Demo EMP-1285,Research & Development,Laboratory Technician,Python,Intermediate,4,True
EMP-1285,Demo EMP-1285,Research & Development,Laboratory Technician,PyTorch,Advanced,4,True
EMP-1285,Demo EMP-1285,Research & Development,Laboratory Technician,MLOps,Intermediate,4,True
EMP-1286,Demo EMP-1286,Research & Development,Laboratory Technician,RAG,Advanced,1,True
EMP-1286,Demo EMP-1286,Research & Development,Laboratory Technician,LLMs,Beginner,0,True
EMP-1286,Demo EMP-1286,Research & Development,Laboratory Technician,MLOps,Beginner,2,True
EMP-1286,Demo EMP-1286,Research & Development,Laboratory Technician,AWS,Intermediate,0,True
EMP-1288,Demo EMP-1288,Research & Development,Manager,Laboratory Methods,Intermediate,1,True
EMP-1288,Demo EMP-1288,Research & Development,Manager,AWS,Intermediate,4,True
EMP-1288,Demo EMP-1288,Research & Development,Manager,Docker,Intermediate,2,True
EMP-1288,Demo EMP-1288,Research & Development,Manager,SQL,Advanced,0,True
EMP-1289,Demo EMP-1289,Human Resources,Human Resources,Excel,Intermediate,2,True
EMP-1289,Demo EMP-1289,Human Resources,Human Resources,Project Management,Intermediate,4,True
EMP-1289,Demo EMP-1289,Human Resources,Human Resources,SQL,Beginner,3,True
EMP-1289,Demo EMP-1289,Human Resources,Human Resources,Communication,Intermediate,2,True
EMP-1291,Demo EMP-1291,Research & Development,Research Scientist,Python,Advanced,0,True
EMP-1291,Demo EMP-1291,Research & Development,Research Scientist,Machine Learning,Beginner,2,True
EMP-1291,Demo EMP-1291,Research & Development,Research Scientist,Research,Beginner,4,True
EMP-1291,Demo EMP-1291,Research & Development,Research Scientist,MLOps,Intermediate,0,True
EMP-1292,Demo EMP-1292,Research & Development,Research Scientist,LLMs,Advanced,1,True
EMP-1292,Demo EMP-1292,Research & Development,Research Scientist,PyTorch,Intermediate,1,True
EMP-1292,Demo EMP-1292,Research & Development,Research Scientist,Laboratory Methods,Intermediate,2,True
EMP-1292,Demo EMP-1292,Research & Development,Research Scientist,Research,Intermediate,3,True
EMP-1293,Demo EMP-1293,Sales,Sales Executive,Data Analysis,Beginner,1,True
EMP-1293,Demo EMP-1293,Sales,Sales Executive,CRM,Beginner,5,True
EMP-1293,Demo EMP-1293,Sales,Sales Executive,Sales,Intermediate,1,True
EMP-1293,Demo EMP-1293,Sales,Sales Executive,Excel,Intermediate,4,True
EMP-1294,Demo EMP-1294,Research & Development,Manufacturing Director,Python,Advanced,2,True
EMP-1294,Demo EMP-1294,Research & Development,Manufacturing Director,AWS,Intermediate,5,True
EMP-1294,Demo EMP-1294,Research & Development,Manufacturing Director,MLOps,Advanced,3,True
EMP-1294,Demo EMP-1294,Research & Development,Manufacturing Director,Machine Learning,Intermediate,5,True
EMP-1295,Demo EMP-1295,Research & Development,Healthcare Representative,AWS,Intermediate,5,True
EMP-1295,Demo EMP-1295,Research & Development,Healthcare Representative,MLOps,Intermediate,4,True
EMP-1295,Demo EMP-1295,Research & Development,Healthcare Representative,LLMs,Intermediate,3,True
EMP-1295,Demo EMP-1295,Research & Development,Healthcare Representative,RAG,Advanced,3,True
EMP-1296,Demo EMP-1296,Research & Development,Laboratory Technician,Laboratory Methods,Advanced,0,True
EMP-1296,Demo EMP-1296,Research & Development,Laboratory Technician,MLOps,Intermediate,0,True
EMP-1296,Demo EMP-1296,Research & Development,Laboratory Technician,Python,Beginner,3,True
EMP-1296,Demo EMP-1296,Research & Development,Laboratory Technician,LLMs,Intermediate,3,True
EMP-1297,Demo EMP-1297,Research & Development,Laboratory Technician,Machine Learning,Intermediate,1,True
EMP-1297,Demo EMP-1297,Research & Development,Laboratory Technician,MLOps,Beginner,2,True
EMP-1297,Demo EMP-1297,Research & Development,Laboratory Technician,LLMs,Beginner,0,True
EMP-1297,Demo EMP-1297,Research & Development,Laboratory Technician,Python,Intermediate,1,True
EMP-1298,Demo EMP-1298,Research & Development,Manufacturing Director,LLMs,Intermediate,1,True
EMP-1298,Demo EMP-1298,Research & Development,Manufacturing Director,Python,Intermediate,5,True
EMP-1298,Demo EMP-1298,Research & Development,Manufacturing Director,Docker,Beginner,1,True
EMP-1298,Demo EMP-1298,Research & Development,Manufacturing Director,MLOps,Intermediate,0,True
EMP-1299,Demo EMP-1299,Research & Development,Laboratory Technician,Machine Learning,Beginner,5,True
EMP-1299,Demo EMP-1299,Research & Development,Laboratory Technician,PyTorch,Beginner,3,True
EMP-1299,Demo EMP-1299,Research & Development,Laboratory Technician,Docker,Intermediate,1,True
EMP-1299,Demo EMP-1299,Research & Development,Laboratory Technician,RAG,Advanced,2,True
EMP-1301,Demo EMP-1301,Research & Development,Research Scientist,Laboratory Methods,Intermediate,2,True
EMP-1301,Demo EMP-1301,Research & Development,Research Scientist,RAG,Intermediate,2,True
EMP-1301,Demo EMP-1301,Research & Development,Research Scientist,LLMs,Intermediate,0,True
EMP-1301,Demo EMP-1301,Research & Development,Research Scientist,Python,Beginner,5,True
EMP-1303,Demo EMP-1303,Research & Development,Research Scientist,PyTorch,Intermediate,5,True
EMP-1303,Demo EMP-1303,Research & Development,Research Scientist,Docker,Beginner,2,True
EMP-1303,Demo EMP-1303,Research & Development,Research Scientist,Python,Intermediate,2,True
EMP-1303,Demo EMP-1303,Research & Development,Research Scientist,Research,Advanced,4,True
EMP-1304,Demo EMP-1304,Sales,Sales Executive,Communication,Beginner,1,True
EMP-1304,Demo EMP-1304,Sales,Sales Executive,CRM,Intermediate,3,True
EMP-1304,Demo EMP-1304,Sales,Sales Executive,Data Analysis,Beginner,1,True
EMP-1304,Demo EMP-1304,Sales,Sales Executive,Sales,Intermediate,4,True
EMP-1306,Demo EMP-1306,Research & Development,Manager,Research,Beginner,0,True
EMP-1306,Demo EMP-1306,Research & Development,Manager,Machine Learning,Intermediate,5,True
EMP-1306,Demo EMP-1306,Research & Development,Manager,Docker,Beginner,1,True
EMP-1306,Demo EMP-1306,Research & Development,Manager,LLMs,Beginner,2,True
EMP-1307,Demo EMP-1307,Research & Development,Manager,MLOps,Beginner,5,True
EMP-1307,Demo EMP-1307,Research & Development,Manager,Laboratory Methods,Advanced,2,True
EMP-1307,Demo EMP-1307,Research & Development,Manager,Research,Intermediate,4,True
EMP-1307,Demo EMP-1307,Research & Development,Manager,SQL,Intermediate,1,True
EMP-1308,Demo EMP-1308,Research & Development,Research Scientist,Machine Learning,Beginner,2,True
EMP-1308,Demo EMP-1308,Research & Development,Research Scientist,Docker,Intermediate,5,True
EMP-1308,Demo EMP-1308,Research & Development,Research Scientist,RAG,Advanced,1,True
EMP-1308,Demo EMP-1308,Research & Development,Research Scientist,Laboratory Methods,Intermediate,2,True
EMP-1309,Demo EMP-1309,Research & Development,Laboratory Technician,LLMs,Intermediate,3,True
EMP-1309,Demo EMP-1309,Research & Development,Laboratory Technician,MLOps,Intermediate,2,True
EMP-1309,Demo EMP-1309,Research & Development,Laboratory Technician,Research,Advanced,4,True
EMP-1309,Demo EMP-1309,Research & Development,Laboratory Technician,PyTorch,Intermediate,2,True
EMP-1310,Demo EMP-1310,Research & Development,Research Scientist,AWS,Advanced,5,True
EMP-1310,Demo EMP-1310,Research & Development,Research Scientist,LLMs,Advanced,5,True
EMP-1310,Demo EMP-1310,Research & Development,Research Scientist,PyTorch,Beginner,1,True
EMP-1310,Demo EMP-1310,Research & Development,Research Scientist,Docker,Intermediate,1,True
EMP-1311,Demo EMP-1311,Research & Development,Laboratory Technician,LLMs,Intermediate,5,True
EMP-1311,Demo EMP-1311,Research & Development,Laboratory Technician,SQL,Intermediate,4,True
EMP-1311,Demo EMP-1311,Research & Development,Laboratory Technician,Research,Beginner,5,True
EMP-1311,Demo EMP-1311,Research & Development,Laboratory Technician,MLOps,Intermediate,4,True
EMP-1312,Demo EMP-1312,Research & Development,Healthcare Representative,Machine Learning,Advanced,1,True
EMP-1312,Demo EMP-1312,Research & Development,Healthcare Representative,Research,Intermediate,4,True
EMP-1312,Demo EMP-1312,Research & Development,Healthcare Representative,SQL,Intermediate,2,True
EMP-1312,Demo EMP-1312,Research & Development,Healthcare Representative,PyTorch,Intermediate,3,True
EMP-1314,Demo EMP-1314,Human Resources,Human Resources,Communication,Intermediate,2,True
EMP-1314,Demo EMP-1314,Human Resources,Human Resources,SQL,Intermediate,3,True
EMP-1314,Demo EMP-1314,Human Resources,Human Resources,Project Management,Beginner,5,True
EMP-1314,Demo EMP-1314,Human Resources,Human Resources,Excel,Intermediate,3,True
EMP-1315,Demo EMP-1315,Research & Development,Laboratory Technician,LLMs,Advanced,2,True
EMP-1315,Demo EMP-1315,Research & Development,Laboratory Technician,Research,Beginner,0,True
EMP-1315,Demo EMP-1315,Research & Development,Laboratory Technician,MLOps,Beginner,1,True
EMP-1315,Demo EMP-1315,Research & Development,Laboratory Technician,AWS,Beginner,1,True
EMP-1317,Demo EMP-1317,Research & Development,Research Director,MLOps,Intermediate,1,True
EMP-1317,Demo EMP-1317,Research & Development,Research Director,Docker,Advanced,3,True
EMP-1317,Demo EMP-1317,Research & Development,Research Director,PyTorch,Intermediate,5,True
EMP-1317,Demo EMP-1317,Research & Development,Research Director,Laboratory Methods,Beginner,4,True
EMP-1318,Demo EMP-1318,Sales,Sales Executive,Sales,Beginner,5,True
EMP-1318,Demo EMP-1318,Sales,Sales Executive,Communication,Beginner,4,True
EMP-1318,Demo EMP-1318,Sales,Sales Executive,SQL,Intermediate,2,True
EMP-1318,Demo EMP-1318,Sales,Sales Executive,Excel,Advanced,0,True
EMP-1319,Demo EMP-1319,Sales,Sales Executive,Excel,Advanced,0,True
EMP-1319,Demo EMP-1319,Sales,Sales Executive,CRM,Intermediate,1,True
EMP-1319,Demo EMP-1319,Sales,Sales Executive,Data Analysis,Beginner,3,True
EMP-1319,Demo EMP-1319,Sales,Sales Executive,Sales,Intermediate,0,True
EMP-1321,Demo EMP-1321,Research & Development,Manager,Docker,Intermediate,0,True
EMP-1321,Demo EMP-1321,Research & Development,Manager,SQL,Intermediate,0,True
EMP-1321,Demo EMP-1321,Research & Development,Manager,AWS,Beginner,5,True
EMP-1321,Demo EMP-1321,Research & Development,Manager,Research,Advanced,0,True
EMP-1322,Demo EMP-1322,Research & Development,Manufacturing Director,Docker,Advanced,3,True
EMP-1322,Demo EMP-1322,Research & Development,Manufacturing Director,Laboratory Methods,Advanced,1,True
EMP-1322,Demo EMP-1322,Research & Development,Manufacturing Director,Python,Advanced,2,True
EMP-1322,Demo EMP-1322,Research & Development,Manufacturing Director,SQL,Intermediate,2,True
EMP-1324,Demo EMP-1324,Sales,Sales Executive,Data Analysis,Beginner,0,True
EMP-1324,Demo EMP-1324,Sales,Sales Executive,Excel,Intermediate,3,True
EMP-1324,Demo EMP-1324,Sales,Sales Executive,CRM,Intermediate,5,True
EMP-1324,Demo EMP-1324,Sales,Sales Executive,Sales,Advanced,1,True
EMP-1329,Demo EMP-1329,Sales,Sales Executive,Data Analysis,Intermediate,1,True
EMP-1329,Demo EMP-1329,Sales,Sales Executive,Sales,Beginner,0,True
EMP-1329,Demo EMP-1329,Sales,Sales Executive,CRM,Beginner,4,True
EMP-1329,Demo EMP-1329,Sales,Sales Executive,SQL,Intermediate,2,True
EMP-1331,Demo EMP-1331,Sales,Sales Representative,Communication,Advanced,2,True
EMP-1331,Demo EMP-1331,Sales,Sales Representative,Data Analysis,Intermediate,2,True
EMP-1331,Demo EMP-1331,Sales,Sales Representative,Sales,Intermediate,0,True
EMP-1331,Demo EMP-1331,Sales,Sales Representative,CRM,Advanced,3,True
EMP-1333,Demo EMP-1333,Research & Development,Laboratory Technician,Docker,Advanced,1,True
EMP-1333,Demo EMP-1333,Research & Development,Laboratory Technician,AWS,Advanced,0,True
EMP-1333,Demo EMP-1333,Research & Development,Laboratory Technician,Machine Learning,Advanced,3,True
EMP-1333,Demo EMP-1333,Research & Development,Laboratory Technician,RAG,Intermediate,5,True
EMP-1334,Demo EMP-1334,Research & Development,Manager,PyTorch,Intermediate,2,True
EMP-1334,Demo EMP-1334,Research & Development,Manager,SQL,Intermediate,0,True
EMP-1334,Demo EMP-1334,Research & Development,Manager,Machine Learning,Beginner,2,True
EMP-1334,Demo EMP-1334,Research & Development,Manager,MLOps,Intermediate,4,True
EMP-1336,Demo EMP-1336,Research & Development,Manager,Machine Learning,Advanced,2,True
EMP-1336,Demo EMP-1336,Research & Development,Manager,LLMs,Beginner,4,True
EMP-1336,Demo EMP-1336,Research & Development,Manager,SQL,Intermediate,4,True
EMP-1336,Demo EMP-1336,Research & Development,Manager,Docker,Intermediate,2,True
EMP-1338,Demo EMP-1338,Human Resources,Manager,Excel,Beginner,0,True
EMP-1338,Demo EMP-1338,Human Resources,Manager,Data Analysis,Advanced,0,True
EMP-1338,Demo EMP-1338,Human Resources,Manager,Communication,Intermediate,3,True
EMP-1338,Demo EMP-1338,Human Resources,Manager,SQL,Intermediate,0,True
EMP-1340,Demo EMP-1340,Research & Development,Research Scientist,PyTorch,Intermediate,4,True
EMP-1340,Demo EMP-1340,Research & Development,Research Scientist,SQL,Intermediate,2,True
EMP-1340,Demo EMP-1340,Research & Development,Research Scientist,Research,Intermediate,1,True
EMP-1340,Demo EMP-1340,Research & Development,Research Scientist,RAG,Intermediate,5,True
EMP-1344,Demo EMP-1344,Research & Development,Healthcare Representative,MLOps,Intermediate,4,True
EMP-1344,Demo EMP-1344,Research & Development,Healthcare Representative,LLMs,Beginner,3,True
EMP-1344,Demo EMP-1344,Research & Development,Healthcare Representative,SQL,Advanced,2,True
EMP-1344,Demo EMP-1344,Research & Development,Healthcare Representative,RAG,Intermediate,4,True
EMP-1346,Demo EMP-1346,Research & Development,Research Scientist,AWS,Intermediate,2,True
EMP-1346,Demo EMP-1346,Research & Development,Research Scientist,MLOps,Beginner,5,True
EMP-1346,Demo EMP-1346,Research & Development,Research Scientist,PyTorch,Intermediate,5,True
EMP-1346,Demo EMP-1346,Research & Development,Research Scientist,Python,Advanced,3,True
EMP-1349,Demo EMP-1349,Sales,Sales Executive,CRM,Advanced,2,True
EMP-1349,Demo EMP-1349,Sales,Sales Executive,Excel,Advanced,4,True
EMP-1349,Demo EMP-1349,Sales,Sales Executive,Data Analysis,Intermediate,1,True
EMP-1349,Demo EMP-1349,Sales,Sales Executive,Communication,Beginner,1,True
EMP-1350,Demo EMP-1350,Research & Development,Research Scientist,Python,Intermediate,0,True
EMP-1350,Demo EMP-1350,Research & Development,Research Scientist,Research,Intermediate,0,True
EMP-1350,Demo EMP-1350,Research & Development,Research Scientist,LLMs,Intermediate,4,True
EMP-1350,Demo EMP-1350,Research & Development,Research Scientist,Laboratory Methods,Intermediate,3,True
EMP-1352,Demo EMP-1352,Human Resources,Manager,SQL,Intermediate,1,True
EMP-1352,Demo EMP-1352,Human Resources,Manager,Excel,Beginner,5,True
EMP-1352,Demo EMP-1352,Human Resources,Manager,Project Management,Beginner,4,True
EMP-1352,Demo EMP-1352,Human Resources,Manager,Communication,Intermediate,0,True
EMP-1355,Demo EMP-1355,Sales,Sales Executive,Data Analysis,Intermediate,1,True
EMP-1355,Demo EMP-1355,Sales,Sales Executive,CRM,Intermediate,5,True
EMP-1355,Demo EMP-1355,Sales,Sales Executive,Communication,Advanced,4,True
EMP-1355,Demo EMP-1355,Sales,Sales Executive,Sales,Beginner,2,True
EMP-1356,Demo EMP-1356,Sales,Sales Executive,CRM,Intermediate,5,True
EMP-1356,Demo EMP-1356,Sales,Sales Executive,SQL,Intermediate,2,True
EMP-1356,Demo EMP-1356,Sales,Sales Executive,Excel,Intermediate,2,True
EMP-1356,Demo EMP-1356,Sales,Sales Executive,Sales,Intermediate,2,True
EMP-1358,Demo EMP-1358,Research & Development,Laboratory Technician,MLOps,Intermediate,2,True
EMP-1358,Demo EMP-1358,Research & Development,Laboratory Technician,SQL,Beginner,0,True
EMP-1358,Demo EMP-1358,Research & Development,Laboratory Technician,Python,Advanced,5,True
EMP-1358,Demo EMP-1358,Research & Development,Laboratory Technician,AWS,Intermediate,5,True
EMP-1360,Demo EMP-1360,Research & Development,Manufacturing Director,AWS,Beginner,2,True
EMP-1360,Demo EMP-1360,Research & Development,Manufacturing Director,LLMs,Intermediate,4,True
EMP-1360,Demo EMP-1360,Research & Development,Manufacturing Director,Python,Intermediate,5,True
EMP-1360,Demo EMP-1360,Research & Development,Manufacturing Director,RAG,Advanced,2,True
EMP-1361,Demo EMP-1361,Research & Development,Laboratory Technician,LLMs,Intermediate,0,True
EMP-1361,Demo EMP-1361,Research & Development,Laboratory Technician,Laboratory Methods,Intermediate,1,True
EMP-1361,Demo EMP-1361,Research & Development,Laboratory Technician,Docker,Beginner,4,True
EMP-1361,Demo EMP-1361,Research & Development,Laboratory Technician,RAG,Beginner,2,True
EMP-1362,Demo EMP-1362,Sales,Sales Executive,Data Analysis,Beginner,2,True
EMP-1362,Demo EMP-1362,Sales,Sales Executive,Communication,Advanced,4,True
EMP-1362,Demo EMP-1362,Sales,Sales Executive,CRM,Intermediate,2,True
EMP-1362,Demo EMP-1362,Sales,Sales Executive,Excel,Beginner,4,True
EMP-1363,Demo EMP-1363,Research & Development,Manufacturing Director,Research,Intermediate,0,True
EMP-1363,Demo EMP-1363,Research & Development,Manufacturing Director,Laboratory Methods,Intermediate,5,True
EMP-1363,Demo EMP-1363,Research & Development,Manufacturing Director,Docker,Beginner,2,True
EMP-1363,Demo EMP-1363,Research & Development,Manufacturing Director,AWS,Beginner,0,True
EMP-1364,Demo EMP-1364,Sales,Sales Representative,SQL,Beginner,4,True
EMP-1364,Demo EMP-1364,Sales,Sales Representative,Excel,Advanced,5,True
EMP-1364,Demo EMP-1364,Sales,Sales Representative,Data Analysis,Intermediate,1,True
EMP-1364,Demo EMP-1364,Sales,Sales Representative,Communication,Intermediate,2,True
EMP-1367,Demo EMP-1367,Research & Development,Manufacturing Director,Laboratory Methods,Intermediate,1,True
EMP-1367,Demo EMP-1367,Research & Development,Manufacturing Director,AWS,Beginner,2,True
EMP-1367,Demo EMP-1367,Research & Development,Manufacturing Director,Python,Intermediate,4,True
EMP-1367,Demo EMP-1367,Research & Development,Manufacturing Director,Research,Advanced,3,True
EMP-1368,Demo EMP-1368,Research & Development,Laboratory Technician,Machine Learning,Intermediate,4,True
EMP-1368,Demo EMP-1368,Research & Development,Laboratory Technician,Docker,Advanced,0,True
EMP-1368,Demo EMP-1368,Research & Development,Laboratory Technician,PyTorch,Intermediate,1,True
EMP-1368,Demo EMP-1368,Research & Development,Laboratory Technician,SQL,Beginner,4,True
EMP-1369,Demo EMP-1369,Research & Development,Laboratory Technician,Research,Intermediate,2,True
EMP-1369,Demo EMP-1369,Research & Development,Laboratory Technician,Machine Learning,Advanced,3,True
EMP-1369,Demo EMP-1369,Research & Development,Laboratory Technician,AWS,Beginner,0,True
EMP-1369,Demo EMP-1369,Research & Development,Laboratory Technician,PyTorch,Intermediate,2,True
EMP-1371,Demo EMP-1371,Sales,Sales Executive,SQL,Advanced,3,True
EMP-1371,Demo EMP-1371,Sales,Sales Executive,CRM,Intermediate,3,True
EMP-1371,Demo EMP-1371,Sales,Sales Executive,Data Analysis,Advanced,2,True
EMP-1371,Demo EMP-1371,Sales,Sales Executive,Excel,Beginner,4,True
EMP-1372,Demo EMP-1372,Sales,Sales Executive,Data Analysis,Intermediate,4,True
EMP-1372,Demo EMP-1372,Sales,Sales Executive,Sales,Advanced,5,True
EMP-1372,Demo EMP-1372,Sales,Sales Executive,Communication,Advanced,1,True
EMP-1372,Demo EMP-1372,Sales,Sales Executive,Excel,Intermediate,0,True
EMP-1373,Demo EMP-1373,Research & Development,Manufacturing Director,Docker,Advanced,0,True
EMP-1373,Demo EMP-1373,Research & Development,Manufacturing Director,MLOps,Beginner,2,True
EMP-1373,Demo EMP-1373,Research & Development,Manufacturing Director,AWS,Advanced,1,True
EMP-1373,Demo EMP-1373,Research & Development,Manufacturing Director,SQL,Advanced,1,True
EMP-1374,Demo EMP-1374,Research & Development,Research Scientist,RAG,Beginner,3,True
EMP-1374,Demo EMP-1374,Research & Development,Research Scientist,Laboratory Methods,Intermediate,5,True
EMP-1374,Demo EMP-1374,Research & Development,Research Scientist,Python,Intermediate,1,True
EMP-1374,Demo EMP-1374,Research & Development,Research Scientist,MLOps,Intermediate,0,True
EMP-1375,Demo EMP-1375,Research & Development,Healthcare Representative,MLOps,Intermediate,0,True
EMP-1375,Demo EMP-1375,Research & Development,Healthcare Representative,AWS,Beginner,4,True
EMP-1375,Demo EMP-1375,Research & Development,Healthcare Representative,Research,Intermediate,5,True
EMP-1375,Demo EMP-1375,Research & Development,Healthcare Representative,Python,Beginner,1,True
EMP-1377,Demo EMP-1377,Research & Development,Laboratory Technician,SQL,Beginner,4,True
EMP-1377,Demo EMP-1377,Research & Development,Laboratory Technician,MLOps,Advanced,2,True
EMP-1377,Demo EMP-1377,Research & Development,Laboratory Technician,PyTorch,Advanced,3,True
EMP-1377,Demo EMP-1377,Research & Development,Laboratory Technician,Docker,Intermediate,2,True
EMP-1379,Demo EMP-1379,Sales,Sales Representative,SQL,Beginner,3,True
EMP-1379,Demo EMP-1379,Sales,Sales Representative,Sales,Advanced,2,True
EMP-1379,Demo EMP-1379,Sales,Sales Representative,Communication,Intermediate,5,True
EMP-1379,Demo EMP-1379,Sales,Sales Representative,Excel,Intermediate,0,True
EMP-1380,Demo EMP-1380,Sales,Sales Executive,Data Analysis,Intermediate,5,True
EMP-1380,Demo EMP-1380,Sales,Sales Executive,Sales,Intermediate,2,True
EMP-1380,Demo EMP-1380,Sales,Sales Executive,Communication,Intermediate,5,True
EMP-1380,Demo EMP-1380,Sales,Sales Executive,SQL,Beginner,0,True
EMP-1382,Demo EMP-1382,Research & Development,Research Scientist,Python,Intermediate,2,True
EMP-1382,Demo EMP-1382,Research & Development,Research Scientist,Docker,Intermediate,0,True
EMP-1382,Demo EMP-1382,Research & Development,Research Scientist,MLOps,Intermediate,4,True
EMP-1382,Demo EMP-1382,Research & Development,Research Scientist,LLMs,Intermediate,0,True
EMP-1383,Demo EMP-1383,Research & Development,Healthcare Representative,LLMs,Advanced,2,True
EMP-1383,Demo EMP-1383,Research & Development,Healthcare Representative,SQL,Intermediate,1,True
EMP-1383,Demo EMP-1383,Research & Development,Healthcare Representative,PyTorch,Intermediate,0,True
EMP-1383,Demo EMP-1383,Research & Development,Healthcare Representative,RAG,Advanced,2,True
EMP-1387,Demo EMP-1387,Sales,Sales Executive,SQL,Intermediate,3,True
EMP-1387,Demo EMP-1387,Sales,Sales Executive,Sales,Intermediate,1,True
EMP-1387,Demo EMP-1387,Sales,Sales Executive,Data Analysis,Intermediate,4,True
EMP-1387,Demo EMP-1387,Sales,Sales Executive,Excel,Advanced,0,True
EMP-1389,Demo EMP-1389,Research & Development,Manufacturing Director,AWS,Intermediate,0,True
EMP-1389,Demo EMP-1389,Research & Development,Manufacturing Director,Research,Intermediate,3,True
EMP-1389,Demo EMP-1389,Research & Development,Manufacturing Director,Docker,Intermediate,0,True
EMP-1389,Demo EMP-1389,Research & Development,Manufacturing Director,LLMs,Intermediate,1,True
EMP-1390,Demo EMP-1390,Sales,Sales Executive,SQL,Beginner,5,True
EMP-1390,Demo EMP-1390,Sales,Sales Executive,Communication,Intermediate,0,True
EMP-1390,Demo EMP-1390,Sales,Sales Executive,Data Analysis,Intermediate,5,True
EMP-1390,Demo EMP-1390,Sales,Sales Executive,CRM,Beginner,3,True
EMP-1391,Demo EMP-1391,Sales,Sales Executive,Communication,Intermediate,2,True
EMP-1391,Demo EMP-1391,Sales,Sales Executive,Data Analysis,Intermediate,2,True
EMP-1391,Demo EMP-1391,Sales,Sales Executive,Excel,Advanced,0,True
EMP-1391,Demo EMP-1391,Sales,Sales Executive,Sales,Intermediate,2,True
EMP-1392,Demo EMP-1392,Research & Development,Research Scientist,PyTorch,Intermediate,0,True
EMP-1392,Demo EMP-1392,Research & Development,Research Scientist,MLOps,Advanced,1,True
EMP-1392,Demo EMP-1392,Research & Development,Research Scientist,AWS,Beginner,3,True
EMP-1392,Demo EMP-1392,Research & Development,Research Scientist,Docker,Intermediate,1,True
EMP-1394,Demo EMP-1394,Research & Development,Research Scientist,Laboratory Methods,Intermediate,1,True
EMP-1394,Demo EMP-1394,Research & Development,Research Scientist,PyTorch,Intermediate,3,True
EMP-1394,Demo EMP-1394,Research & Development,Research Scientist,LLMs,Intermediate,3,True
EMP-1394,Demo EMP-1394,Research & Development,Research Scientist,Research,Intermediate,2,True
EMP-1395,Demo EMP-1395,Sales,Sales Executive,Excel,Intermediate,4,True
EMP-1395,Demo EMP-1395,Sales,Sales Executive,Communication,Intermediate,4,True
EMP-1395,Demo EMP-1395,Sales,Sales Executive,Sales,Beginner,2,True
EMP-1395,Demo EMP-1395,Sales,Sales Executive,SQL,Advanced,2,True
EMP-1396,Demo EMP-1396,Sales,Sales Executive,Excel,Intermediate,2,True
EMP-1396,Demo EMP-1396,Sales,Sales Executive,Data Analysis,Beginner,5,True
EMP-1396,Demo EMP-1396,Sales,Sales Executive,Communication,Beginner,2,True
EMP-1396,Demo EMP-1396,Sales,Sales Executive,SQL,Beginner,3,True
EMP-1397,Demo EMP-1397,Research & Development,Healthcare Representative,LLMs,Intermediate,2,True
EMP-1397,Demo EMP-1397,Research & Development,Healthcare Representative,AWS,Advanced,1,True
EMP-1397,Demo EMP-1397,Research & Development,Healthcare Representative,Machine Learning,Beginner,2,True
EMP-1397,Demo EMP-1397,Research & Development,Healthcare Representative,Laboratory Methods,Intermediate,3,True
EMP-1399,Demo EMP-1399,Sales,Sales Executive,SQL,Intermediate,1,True
EMP-1399,Demo EMP-1399,Sales,Sales Executive,CRM,Beginner,3,True
EMP-1399,Demo EMP-1399,Sales,Sales Executive,Communication,Intermediate,1,True
EMP-1399,Demo EMP-1399,Sales,Sales Executive,Data Analysis,Intermediate,5,True
EMP-1401,Demo EMP-1401,Research & Development,Manufacturing Director,MLOps,Intermediate,3,True
EMP-1401,Demo EMP-1401,Research & Development,Manufacturing Director,RAG,Beginner,2,True
EMP-1401,Demo EMP-1401,Research & Development,Manufacturing Director,PyTorch,Advanced,2,True
EMP-1401,Demo EMP-1401,Research & Development,Manufacturing Director,Machine Learning,Beginner,3,True
EMP-1402,Demo EMP-1402,Research & Development,Research Scientist,RAG,Beginner,0,True
EMP-1402,Demo EMP-1402,Research & Development,Research Scientist,SQL,Intermediate,1,True
EMP-1402,Demo EMP-1402,Research & Development,Research Scientist,Docker,Advanced,2,True
EMP-1402,Demo EMP-1402,Research & Development,Research Scientist,Laboratory Methods,Beginner,5,True
EMP-1403,Demo EMP-1403,Sales,Sales Executive,Communication,Beginner,1,True
EMP-1403,Demo EMP-1403,Sales,Sales Executive,Sales,Intermediate,5,True
EMP-1403,Demo EMP-1403,Sales,Sales Executive,Data Analysis,Beginner,3,True
EMP-1403,Demo EMP-1403,Sales,Sales Executive,CRM,Intermediate,5,True
EMP-1405,Demo EMP-1405,Research & Development,Research Scientist,SQL,Advanced,4,True
EMP-1405,Demo EMP-1405,Research & Development,Research Scientist,AWS,Intermediate,3,True
EMP-1405,Demo EMP-1405,Research & Development,Research Scientist,Laboratory Methods,Intermediate,5,True
EMP-1405,Demo EMP-1405,Research & Development,Research Scientist,Python,Advanced,4,True
EMP-1407,Demo EMP-1407,Research & Development,Research Scientist,Research,Beginner,4,True
EMP-1407,Demo EMP-1407,Research & Development,Research Scientist,Laboratory Methods,Intermediate,0,True
EMP-1407,Demo EMP-1407,Research & Development,Research Scientist,PyTorch,Advanced,3,True
EMP-1407,Demo EMP-1407,Research & Development,Research Scientist,RAG,Advanced,3,True
EMP-1408,Demo EMP-1408,Human Resources,Manager,Excel,Beginner,0,True
EMP-1408,Demo EMP-1408,Human Resources,Manager,Data Analysis,Beginner,0,True
EMP-1408,Demo EMP-1408,Human Resources,Manager,Communication,Beginner,4,True
EMP-1408,Demo EMP-1408,Human Resources,Manager,SQL,Beginner,5,True
EMP-1409,Demo EMP-1409,Research & Development,Laboratory Technician,Research,Intermediate,1,True
EMP-1409,Demo EMP-1409,Research & Development,Laboratory Technician,PyTorch,Intermediate,2,True
EMP-1409,Demo EMP-1409,Research & Development,Laboratory Technician,Docker,Beginner,3,True
EMP-1409,Demo EMP-1409,Research & Development,Laboratory Technician,MLOps,Intermediate,0,True
EMP-1411,Demo EMP-1411,Research & Development,Laboratory Technician,Machine Learning,Advanced,2,True
EMP-1411,Demo EMP-1411,Research & Development,Laboratory Technician,LLMs,Advanced,1,True
EMP-1411,Demo EMP-1411,Research & Development,Laboratory Technician,Python,Advanced,2,True
EMP-1411,Demo EMP-1411,Research & Development,Laboratory Technician,SQL,Intermediate,2,True
EMP-1412,Demo EMP-1412,Research & Development,Manufacturing Director,MLOps,Intermediate,0,True
EMP-1412,Demo EMP-1412,Research & Development,Manufacturing Director,AWS,Beginner,5,True
EMP-1412,Demo EMP-1412,Research & Development,Manufacturing Director,SQL,Intermediate,3,True
EMP-1412,Demo EMP-1412,Research & Development,Manufacturing Director,Research,Beginner,3,True
EMP-1415,Demo EMP-1415,Research & Development,Laboratory Technician,RAG,Advanced,1,True
EMP-1415,Demo EMP-1415,Research & Development,Laboratory Technician,Python,Advanced,2,True
EMP-1415,Demo EMP-1415,Research & Development,Laboratory Technician,Docker,Intermediate,2,True
EMP-1415,Demo EMP-1415,Research & Development,Laboratory Technician,Machine Learning,Beginner,5,True
EMP-1417,Demo EMP-1417,Research & Development,Laboratory Technician,Python,Intermediate,5,True
EMP-1417,Demo EMP-1417,Research & Development,Laboratory Technician,Docker,Intermediate,0,True
EMP-1417,Demo EMP-1417,Research & Development,Laboratory Technician,Machine Learning,Beginner,3,True
EMP-1417,Demo EMP-1417,Research & Development,Laboratory Technician,SQL,Intermediate,5,True
EMP-1419,Demo EMP-1419,Human Resources,Human Resources,SQL,Beginner,0,True
EMP-1419,Demo EMP-1419,Human Resources,Human Resources,Project Management,Beginner,3,True
EMP-1419,Demo EMP-1419,Human Resources,Human Resources,Data Analysis,Beginner,0,True
EMP-1419,Demo EMP-1419,Human Resources,Human Resources,Communication,Intermediate,0,True
EMP-1420,Demo EMP-1420,Research & Development,Laboratory Technician,Machine Learning,Beginner,4,True
EMP-1420,Demo EMP-1420,Research & Development,Laboratory Technician,Research,Beginner,2,True
EMP-1420,Demo EMP-1420,Research & Development,Laboratory Technician,SQL,Intermediate,3,True
EMP-1420,Demo EMP-1420,Research & Development,Laboratory Technician,LLMs,Intermediate,2,True
EMP-1421,Demo EMP-1421,Research & Development,Healthcare Representative,AWS,Beginner,0,True
EMP-1421,Demo EMP-1421,Research & Development,Healthcare Representative,Docker,Intermediate,3,True
EMP-1421,Demo EMP-1421,Research & Development,Healthcare Representative,PyTorch,Intermediate,4,True
EMP-1421,Demo EMP-1421,Research & Development,Healthcare Representative,SQL,Intermediate,0,True
EMP-1422,Demo EMP-1422,Research & Development,Research Director,Laboratory Methods,Intermediate,0,True
EMP-1422,Demo EMP-1422,Research & Development,Research Director,MLOps,Beginner,5,True
EMP-1422,Demo EMP-1422,Research & Development,Research Director,RAG,Advanced,1,True
EMP-1422,Demo EMP-1422,Research & Development,Research Director,SQL,Advanced,2,True
EMP-1423,Demo EMP-1423,Research & Development,Research Director,Docker,Beginner,4,True
EMP-1423,Demo EMP-1423,Research & Development,Research Director,Python,Beginner,4,True
EMP-1423,Demo EMP-1423,Research & Development,Research Director,Machine Learning,Advanced,1,True
EMP-1423,Demo EMP-1423,Research & Development,Research Director,PyTorch,Intermediate,3,True
EMP-1424,Demo EMP-1424,Research & Development,Research Director,SQL,Intermediate,4,True
EMP-1424,Demo EMP-1424,Research & Development,Research Director,Machine Learning,Intermediate,4,True
EMP-1424,Demo EMP-1424,Research & Development,Research Director,RAG,Intermediate,1,True
EMP-1424,Demo EMP-1424,Research & Development,Research Director,Research,Intermediate,4,True
EMP-1425,Demo EMP-1425,Sales,Sales Executive,Communication,Advanced,1,True
EMP-1425,Demo EMP-1425,Sales,Sales Executive,Excel,Advanced,2,True
EMP-1425,Demo EMP-1425,Sales,Sales Executive,Sales,Intermediate,5,True
EMP-1425,Demo EMP-1425,Sales,Sales Executive,Data Analysis,Beginner,3,True
EMP-1427,Demo EMP-1427,Sales,Sales Representative,Data Analysis,Intermediate,0,True
EMP-1427,Demo EMP-1427,Sales,Sales Representative,SQL,Intermediate,0,True
EMP-1427,Demo EMP-1427,Sales,Sales Representative,Excel,Intermediate,1,True
EMP-1427,Demo EMP-1427,Sales,Sales Representative,Sales,Advanced,5,True
EMP-1428,Demo EMP-1428,Sales,Sales Executive,SQL,Intermediate,1,True
EMP-1428,Demo EMP-1428,Sales,Sales Executive,Excel,Intermediate,5,True
EMP-1428,Demo EMP-1428,Sales,Sales Executive,Sales,Intermediate,4,True
EMP-1428,Demo EMP-1428,Sales,Sales Executive,Data Analysis,Beginner,5,True
EMP-1430,Demo EMP-1430,Research & Development,Research Director,PyTorch,Advanced,3,True
EMP-1430,Demo EMP-1430,Research & Development,Research Director,MLOps,Intermediate,4,True
EMP-1430,Demo EMP-1430,Research & Development,Research Director,LLMs,Intermediate,1,True
EMP-1430,Demo EMP-1430,Research & Development,Research Director,Machine Learning,Beginner,5,True
EMP-1431,Demo EMP-1431,Research & Development,Research Scientist,AWS,Intermediate,0,True
EMP-1431,Demo EMP-1431,Research & Development,Research Scientist,MLOps,Beginner,3,True
EMP-1431,Demo EMP-1431,Research & Development,Research Scientist,SQL,Intermediate,0,True
EMP-1431,Demo EMP-1431,Research & Development,Research Scientist,Laboratory Methods,Advanced,5,True
EMP-1433,Demo EMP-1433,Research & Development,Research Scientist,SQL,Intermediate,4,True
EMP-1433,Demo EMP-1433,Research & Development,Research Scientist,MLOps,Beginner,4,True
EMP-1433,Demo EMP-1433,Research & Development,Research Scientist,LLMs,Intermediate,5,True
EMP-1433,Demo EMP-1433,Research & Development,Research Scientist,Machine Learning,Intermediate,2,True
EMP-1434,Demo EMP-1434,Research & Development,Laboratory Technician,Machine Learning,Intermediate,1,True
EMP-1434,Demo EMP-1434,Research & Development,Laboratory Technician,Docker,Advanced,5,True
EMP-1434,Demo EMP-1434,Research & Development,Laboratory Technician,LLMs,Advanced,4,True
EMP-1434,Demo EMP-1434,Research & Development,Laboratory Technician,RAG,Beginner,5,True
EMP-1435,Demo EMP-1435,Research & Development,Laboratory Technician,Research,Beginner,2,True
EMP-1435,Demo EMP-1435,Research & Development,Laboratory Technician,SQL,Intermediate,1,True
EMP-1435,Demo EMP-1435,Research & Development,Laboratory Technician,AWS,Intermediate,4,True
EMP-1435,Demo EMP-1435,Research & Development,Laboratory Technician,LLMs,Intermediate,3,True
EMP-1436,Demo EMP-1436,Sales,Sales Executive,SQL,Beginner,5,True
EMP-1436,Demo EMP-1436,Sales,Sales Executive,CRM,Advanced,0,True
EMP-1436,Demo EMP-1436,Sales,Sales Executive,Sales,Advanced,2,True
EMP-1436,Demo EMP-1436,Sales,Sales Executive,Communication,Beginner,0,True
EMP-1438,Demo EMP-1438,Research & Development,Research Scientist,Python,Intermediate,0,True
EMP-1438,Demo EMP-1438,Research & Development,Research Scientist,Machine Learning,Intermediate,5,True
EMP-1438,Demo EMP-1438,Research & Development,Research Scientist,Laboratory Methods,Intermediate,2,True
EMP-1438,Demo EMP-1438,Research & Development,Research Scientist,RAG,Beginner,1,True
EMP-1439,Demo EMP-1439,Sales,Sales Representative,Data Analysis,Beginner,3,True
EMP-1439,Demo EMP-1439,Sales,Sales Representative,CRM,Beginner,1,True
EMP-1439,Demo EMP-1439,Sales,Sales Representative,SQL,Intermediate,3,True
EMP-1439,Demo EMP-1439,Sales,Sales Representative,Sales,Intermediate,5,True
EMP-1440,Demo EMP-1440,Research & Development,Laboratory Technician,AWS,Intermediate,5,True
EMP-1440,Demo EMP-1440,Research & Development,Laboratory Technician,PyTorch,Beginner,3,True
EMP-1440,Demo EMP-1440,Research & Development,Laboratory Technician,LLMs,Beginner,2,True
EMP-1440,Demo EMP-1440,Research & Development,Laboratory Technician,Laboratory Methods,Beginner,3,True
EMP-1441,Demo EMP-1441,Research & Development,Research Scientist,Docker,Intermediate,0,True
EMP-1441,Demo EMP-1441,Research & Development,Research Scientist,Python,Intermediate,2,True
EMP-1441,Demo EMP-1441,Research & Development,Research Scientist,Research,Advanced,0,True
EMP-1441,Demo EMP-1441,Research & Development,Research Scientist,Laboratory Methods,Beginner,1,True
EMP-1443,Demo EMP-1443,Research & Development,Research Director,LLMs,Advanced,2,True
EMP-1443,Demo EMP-1443,Research & Development,Research Director,Research,Beginner,0,True
EMP-1443,Demo EMP-1443,Research & Development,Research Director,Machine Learning,Intermediate,0,True
EMP-1443,Demo EMP-1443,Research & Development,Research Director,MLOps,Beginner,2,True
EMP-1445,Demo EMP-1445,Sales,Sales Executive,Communication,Intermediate,0,True
EMP-1445,Demo EMP-1445,Sales,Sales Executive,CRM,Intermediate,3,True
EMP-1445,Demo EMP-1445,Sales,Sales Executive,Sales,Advanced,0,True
EMP-1445,Demo EMP-1445,Sales,Sales Executive,SQL,Intermediate,4,True
EMP-1446,Demo EMP-1446,Sales,Sales Executive,SQL,Advanced,5,True
EMP-1446,Demo EMP-1446,Sales,Sales Executive,Communication,Intermediate,4,True
EMP-1446,Demo EMP-1446,Sales,Sales Executive,Excel,Intermediate,0,True
EMP-1446,Demo EMP-1446,Sales,Sales Executive,Data Analysis,Intermediate,5,True
EMP-1447,Demo EMP-1447,Research & Development,Laboratory Technician,Python,Advanced,2,True
EMP-1447,Demo EMP-1447,Research & Development,Laboratory Technician,Research,Intermediate,0,True
EMP-1447,Demo EMP-1447,Research & Development,Laboratory Technician,Laboratory Methods,Beginner,5,True
EMP-1447,Demo EMP-1447,Research & Development,Laboratory Technician,LLMs,Intermediate,2,True
EMP-1448,Demo EMP-1448,Research & Development,Research Scientist,Research,Intermediate,0,True
EMP-1448,Demo EMP-1448,Research & Development,Research Scientist,MLOps,Intermediate,0,True
EMP-1448,Demo EMP-1448,Research & Development,Research Scientist,Laboratory Methods,Intermediate,4,True
EMP-1448,Demo EMP-1448,Research & Development,Research Scientist,Machine Learning,Intermediate,1,True
EMP-1449,Demo EMP-1449,Research & Development,Laboratory Technician,Python,Advanced,2,True
EMP-1449,Demo EMP-1449,Research & Development,Laboratory Technician,PyTorch,Intermediate,1,True
EMP-1449,Demo EMP-1449,Research & Development,Laboratory Technician,Machine Learning,Intermediate,4,True
EMP-1449,Demo EMP-1449,Research & Development,Laboratory Technician,SQL,Intermediate,1,True
EMP-1453,Demo EMP-1453,Sales,Sales Executive,CRM,Advanced,1,True
EMP-1453,Demo EMP-1453,Sales,Sales Executive,Sales,Beginner,5,True
EMP-1453,Demo EMP-1453,Sales,Sales Executive,Excel,Beginner,0,True
EMP-1453,Demo EMP-1453,Sales,Sales Executive,Data Analysis,Beginner,3,True
EMP-1457,Demo EMP-1457,Sales,Sales Executive,SQL,Beginner,1,True
EMP-1457,Demo EMP-1457,Sales,Sales Executive,Data Analysis,Beginner,2,True
EMP-1457,Demo EMP-1457,Sales,Sales Executive,Communication,Intermediate,1,True
EMP-1457,Demo EMP-1457,Sales,Sales Executive,Sales,Intermediate,4,True
EMP-1458,Demo EMP-1458,Research & Development,Laboratory Technician,AWS,Intermediate,0,True
EMP-1458,Demo EMP-1458,Research & Development,Laboratory Technician,Machine Learning,Intermediate,4,True
EMP-1458,Demo EMP-1458,Research & Development,Laboratory Technician,Laboratory Methods,Intermediate,1,True
EMP-1458,Demo EMP-1458,Research & Development,Laboratory Technician,SQL,Intermediate,3,True
EMP-1459,Demo EMP-1459,Research & Development,Manufacturing Director,PyTorch,Beginner,3,True
EMP-1459,Demo EMP-1459,Research & Development,Manufacturing Director,Laboratory Methods,Advanced,2,True
EMP-1459,Demo EMP-1459,Research & Development,Manufacturing Director,Research,Advanced,5,True
EMP-1459,Demo EMP-1459,Research & Development,Manufacturing Director,Python,Intermediate,5,True
EMP-1460,Demo EMP-1460,Research & Development,Healthcare Representative,SQL,Intermediate,5,True
EMP-1460,Demo EMP-1460,Research & Development,Healthcare Representative,Research,Intermediate,4,True
EMP-1460,Demo EMP-1460,Research & Development,Healthcare Representative,LLMs,Intermediate,3,True
EMP-1460,Demo EMP-1460,Research & Development,Healthcare Representative,RAG,Beginner,4,True
EMP-1461,Demo EMP-1461,Human Resources,Human Resources,Data Analysis,Beginner,2,True
EMP-1461,Demo EMP-1461,Human Resources,Human Resources,Communication,Advanced,2,True
EMP-1461,Demo EMP-1461,Human Resources,Human Resources,Project Management,Advanced,2,True
EMP-1461,Demo EMP-1461,Human Resources,Human Resources,Excel,Beginner,3,True
EMP-1464,Demo EMP-1464,Research & Development,Laboratory Technician,Research,Advanced,3,True
EMP-1464,Demo EMP-1464,Research & Development,Laboratory Technician,SQL,Intermediate,2,True
EMP-1464,Demo EMP-1464,Research & Development,Laboratory Technician,MLOps,Beginner,2,True
EMP-1464,Demo EMP-1464,Research & Development,Laboratory Technician,Laboratory Methods,Beginner,2,True
EMP-1465,Demo EMP-1465,Research & Development,Manufacturing Director,PyTorch,Beginner,5,True
EMP-1465,Demo EMP-1465,Research & Development,Manufacturing Director,Research,Intermediate,3,True
EMP-1465,Demo EMP-1465,Research & Development,Manufacturing Director,AWS,Intermediate,1,True
EMP-1465,Demo EMP-1465,Research & Development,Manufacturing Director,LLMs,Beginner,3,True
EMP-1466,Demo EMP-1466,Sales,Sales Executive,CRM,Intermediate,0,True
EMP-1466,Demo EMP-1466,Sales,Sales Executive,Sales,Beginner,1,True
EMP-1466,Demo EMP-1466,Sales,Sales Executive,Data Analysis,Beginner,4,True
EMP-1466,Demo EMP-1466,Sales,Sales Executive,Excel,Advanced,4,True
EMP-1467,Demo EMP-1467,Human Resources,Human Resources,Project Management,Beginner,2,True
EMP-1467,Demo EMP-1467,Human Resources,Human Resources,Communication,Advanced,2,True
EMP-1467,Demo EMP-1467,Human Resources,Human Resources,Excel,Advanced,3,True
EMP-1467,Demo EMP-1467,Human Resources,Human Resources,Data Analysis,Intermediate,1,True
EMP-1468,Demo EMP-1468,Research & Development,Research Director,Docker,Beginner,2,True
EMP-1468,Demo EMP-1468,Research & Development,Research Director,MLOps,Advanced,1,True
EMP-1468,Demo EMP-1468,Research & Development,Research Director,Machine Learning,Intermediate,4,True
EMP-1468,Demo EMP-1468,Research & Development,Research Director,SQL,Beginner,0,True
EMP-1469,Demo EMP-1469,Sales,Sales Executive,Sales,Advanced,2,True
EMP-1469,Demo EMP-1469,Sales,Sales Executive,Communication,Advanced,3,True
EMP-1469,Demo EMP-1469,Sales,Sales Executive,Excel,Intermediate,5,True
EMP-1469,Demo EMP-1469,Sales,Sales Executive,Data Analysis,Intermediate,4,True
EMP-1471,Demo EMP-1471,Research & Development,Laboratory Technician,Python,Intermediate,4,True
EMP-1471,Demo EMP-1471,Research & Development,Laboratory Technician,Research,Intermediate,0,True
EMP-1471,Demo EMP-1471,Research & Development,Laboratory Technician,Machine Learning,Intermediate,4,True
EMP-1471,Demo EMP-1471,Research & Development,Laboratory Technician,AWS,Intermediate,3,True
EMP-1472,Demo EMP-1472,Research & Development,Research Director,RAG,Advanced,1,True
EMP-1472,Demo EMP-1472,Research & Development,Research Director,AWS,Intermediate,1,True
EMP-1472,Demo EMP-1472,Research & Development,Research Director,MLOps,Intermediate,2,True
EMP-1472,Demo EMP-1472,Research & Development,Research Director,Machine Learning,Intermediate,3,True
EMP-1473,Demo EMP-1473,Research & Development,Healthcare Representative,MLOps,Intermediate,3,True
EMP-1473,Demo EMP-1473,Research & Development,Healthcare Representative,Laboratory Methods,Beginner,0,True
EMP-1473,Demo EMP-1473,Research & Development,Healthcare Representative,Machine Learning,Advanced,0,True
EMP-1473,Demo EMP-1473,Research & Development,Healthcare Representative,Python,Intermediate,4,True
EMP-1474,Demo EMP-1474,Research & Development,Research Scientist,SQL,Intermediate,2,True
EMP-1474,Demo EMP-1474,Research & Development,Research Scientist,Python,Beginner,2,True
EMP-1474,Demo EMP-1474,Research & Development,Research Scientist,LLMs,Advanced,0,True
EMP-1474,Demo EMP-1474,Research & Development,Research Scientist,MLOps,Beginner,1,True
EMP-1475,Demo EMP-1475,Research & Development,Research Scientist,Python,Beginner,5,True
EMP-1475,Demo EMP-1475,Research & Development,Research Scientist,AWS,Intermediate,1,True
EMP-1475,Demo EMP-1475,Research & Development,Research Scientist,MLOps,Intermediate,3,True
EMP-1475,Demo EMP-1475,Research & Development,Research Scientist,Machine Learning,Beginner,4,True
EMP-1477,Demo EMP-1477,Sales,Sales Executive,Sales,Beginner,3,True
EMP-1477,Demo EMP-1477,Sales,Sales Executive,SQL,Advanced,5,True
EMP-1477,Demo EMP-1477,Sales,Sales Executive,Excel,Intermediate,1,True
EMP-1477,Demo EMP-1477,Sales,Sales Executive,CRM,Intermediate,4,True
EMP-1478,Demo EMP-1478,Sales,Sales Executive,CRM,Intermediate,2,True
EMP-1478,Demo EMP-1478,Sales,Sales Executive,Communication,Intermediate,3,True
EMP-1478,Demo EMP-1478,Sales,Sales Executive,Excel,Advanced,0,True
EMP-1478,Demo EMP-1478,Sales,Sales Executive,Sales,Beginner,3,True
EMP-1479,Demo EMP-1479,Sales,Sales Executive,SQL,Intermediate,5,True
EMP-1479,Demo EMP-1479,Sales,Sales Executive,Sales,Beginner,4,True
EMP-1479,Demo EMP-1479,Sales,Sales Executive,Communication,Advanced,3,True
EMP-1479,Demo EMP-1479,Sales,Sales Executive,CRM,Intermediate,2,True
EMP-1480,Demo EMP-1480,Research & Development,Laboratory Technician,Research,Beginner,0,True
EMP-1480,Demo EMP-1480,Research & Development,Laboratory Technician,MLOps,Beginner,4,True
EMP-1480,Demo EMP-1480,Research & Development,Laboratory Technician,LLMs,Advanced,0,True
EMP-1480,Demo EMP-1480,Research & Development,Laboratory Technician,Python,Intermediate,5,True
EMP-1481,Demo EMP-1481,Sales,Sales Executive,CRM,Intermediate,3,True
EMP-1481,Demo EMP-1481,Sales,Sales Executive,Data Analysis,Beginner,2,True
EMP-1481,Demo EMP-1481,Sales,Sales Executive,SQL,Intermediate,3,True
EMP-1481,Demo EMP-1481,Sales,Sales Executive,Communication,Beginner,2,True
EMP-1482,Demo EMP-1482,Research & Development,Research Scientist,Laboratory Methods,Intermediate,0,True
EMP-1482,Demo EMP-1482,Research & Development,Research Scientist,AWS,Intermediate,0,True
EMP-1482,Demo EMP-1482,Research & Development,Research Scientist,RAG,Intermediate,4,True
EMP-1482,Demo EMP-1482,Research & Development,Research Scientist,PyTorch,Beginner,2,True
EMP-1483,Demo EMP-1483,Research & Development,Research Scientist,PyTorch,Advanced,1,True
EMP-1483,Demo EMP-1483,Research & Development,Research Scientist,RAG,Intermediate,1,True
EMP-1483,Demo EMP-1483,Research & Development,Research Scientist,Docker,Intermediate,0,True
EMP-1483,Demo EMP-1483,Research & Development,Research Scientist,Python,Beginner,3,True
EMP-1484,Demo EMP-1484,Research & Development,Healthcare Representative,PyTorch,Intermediate,3,True
EMP-1484,Demo EMP-1484,Research & Development,Healthcare Representative,SQL,Beginner,3,True
EMP-1484,Demo EMP-1484,Research & Development,Healthcare Representative,Python,Beginner,4,True
EMP-1484,Demo EMP-1484,Research & Development,Healthcare Representative,Research,Beginner,4,True
EMP-1485,Demo EMP-1485,Research & Development,Research Director,Python,Advanced,1,True
EMP-1485,Demo EMP-1485,Research & Development,Research Director,Laboratory Methods,Advanced,0,True
EMP-1485,Demo EMP-1485,Research & Development,Research Director,Docker,Intermediate,3,True
EMP-1485,Demo EMP-1485,Research & Development,Research Director,Machine Learning,Intermediate,3,True
EMP-1486,Demo EMP-1486,Sales,Sales Representative,Excel,Advanced,5,True
EMP-1486,Demo EMP-1486,Sales,Sales Representative,SQL,Intermediate,4,True
EMP-1486,Demo EMP-1486,Sales,Sales Representative,Sales,Intermediate,3,True
EMP-1486,Demo EMP-1486,Sales,Sales Representative,Data Analysis,Beginner,1,True
EMP-1487,Demo EMP-1487,Sales,Sales Executive,SQL,Intermediate,4,True
EMP-1487,Demo EMP-1487,Sales,Sales Executive,Excel,Intermediate,3,True
EMP-1487,Demo EMP-1487,Sales,Sales Executive,CRM,Advanced,0,True
EMP-1487,Demo EMP-1487,Sales,Sales Executive,Data Analysis,Beginner,4,True
EMP-1489,Demo EMP-1489,Sales,Sales Executive,CRM,Beginner,5,True
EMP-1489,Demo EMP-1489,Sales,Sales Executive,Data Analysis,Beginner,5,True
EMP-1489,Demo EMP-1489,Sales,Sales Executive,Sales,Intermediate,2,True
EMP-1489,Demo EMP-1489,Sales,Sales Executive,Communication,Advanced,4,True
EMP-1492,Demo EMP-1492,Sales,Sales Representative,Data Analysis,Intermediate,3,True
EMP-1492,Demo EMP-1492,Sales,Sales Representative,Excel,Intermediate,5,True
EMP-1492,Demo EMP-1492,Sales,Sales Representative,Sales,Advanced,0,True
EMP-1492,Demo EMP-1492,Sales,Sales Representative,Communication,Beginner,1,True
EMP-1494,Demo EMP-1494,Research & Development,Laboratory Technician,Research,Beginner,4,True
EMP-1494,Demo EMP-1494,Research & Development,Laboratory Technician,Laboratory Methods,Intermediate,1,True
EMP-1494,Demo EMP-1494,Research & Development,Laboratory Technician,LLMs,Beginner,3,True
EMP-1494,Demo EMP-1494,Research & Development,Laboratory Technician,RAG,Intermediate,3,True
EMP-1495,Demo EMP-1495,Sales,Sales Representative,Data Analysis,Advanced,0,True
EMP-1495,Demo EMP-1495,Sales,Sales Representative,Communication,Advanced,3,True
EMP-1495,Demo EMP-1495,Sales,Sales Representative,CRM,Intermediate,5,True
EMP-1495,Demo EMP-1495,Sales,Sales Representative,Excel,Beginner,4,True
EMP-1496,Demo EMP-1496,Research & Development,Manufacturing Director,RAG,Intermediate,0,True
EMP-1496,Demo EMP-1496,Research & Development,Manufacturing Director,Docker,Advanced,1,True
EMP-1496,Demo EMP-1496,Research & Development,Manufacturing Director,SQL,Beginner,3,True
EMP-1496,Demo EMP-1496,Research & Development,Manufacturing Director,MLOps,Advanced,5,True
EMP-1497,Demo EMP-1497,Sales,Sales Executive,Sales,Advanced,5,True
EMP-1497,Demo EMP-1497,Sales,Sales Executive,CRM,Intermediate,4,True
EMP-1497,Demo EMP-1497,Sales,Sales Executive,Data Analysis,Beginner,4,True
EMP-1497,Demo EMP-1497,Sales,Sales Executive,Excel,Advanced,1,True
EMP-1499,Demo EMP-1499,Human Resources,Human Resources,Communication,Intermediate,1,True
EMP-1499,Demo EMP-1499,Human Resources,Human Resources,Excel,Advanced,2,True
EMP-1499,Demo EMP-1499,Human Resources,Human Resources,SQL,Intermediate,0,True
EMP-1499,Demo EMP-1499,Human Resources,Human Resources,Project Management,Advanced,0,True
EMP-1501,Demo EMP-1501,Research & Development,Healthcare Representative,Research,Beginner,1,True
EMP-1501,Demo EMP-1501,Research & Development,Healthcare Representative,Laboratory Methods,Beginner,0,True
EMP-1501,Demo EMP-1501,Research & Development,Healthcare Representative,RAG,Beginner,1,True
EMP-1501,Demo EMP-1501,Research & Development,Healthcare Representative,Machine Learning,Beginner,1,True
EMP-1502,Demo EMP-1502,Research & Development,Laboratory Technician,Python,Beginner,5,True
EMP-1502,Demo EMP-1502,Research & Development,Laboratory Technician,Docker,Intermediate,3,True
EMP-1502,Demo EMP-1502,Research & Development,Laboratory Technician,SQL,Intermediate,5,True
EMP-1502,Demo EMP-1502,Research & Development,Laboratory Technician,AWS,Beginner,1,True
EMP-1503,Demo EMP-1503,Sales,Sales Executive,Data Analysis,Beginner,2,True
EMP-1503,Demo EMP-1503,Sales,Sales Executive,Excel,Intermediate,4,True
EMP-1503,Demo EMP-1503,Sales,Sales Executive,SQL,Beginner,4,True
EMP-1503,Demo EMP-1503,Sales,Sales Executive,CRM,Advanced,3,True
EMP-1504,Demo EMP-1504,Research & Development,Laboratory Technician,Docker,Intermediate,4,True
EMP-1504,Demo EMP-1504,Research & Development,Laboratory Technician,Laboratory Methods,Advanced,1,True
EMP-1504,Demo EMP-1504,Research & Development,Laboratory Technician,Research,Intermediate,0,True
EMP-1504,Demo EMP-1504,Research & Development,Laboratory Technician,Python,Intermediate,0,True
EMP-1506,Demo EMP-1506,Research & Development,Research Scientist,RAG,Intermediate,0,True
EMP-1506,Demo EMP-1506,Research & Development,Research Scientist,Machine Learning,Intermediate,0,True
EMP-1506,Demo EMP-1506,Research & Development,Research Scientist,AWS,Intermediate,3,True
EMP-1506,Demo EMP-1506,Research & Development,Research Scientist,Python,Beginner,3,True
EMP-1507,Demo EMP-1507,Sales,Sales Executive,Excel,Beginner,5,True
EMP-1507,Demo EMP-1507,Sales,Sales Executive,Communication,Intermediate,5,True
EMP-1507,Demo EMP-1507,Sales,Sales Executive,Data Analysis,Advanced,1,True
EMP-1507,Demo EMP-1507,Sales,Sales Executive,SQL,Beginner,1,True
EMP-1509,Demo EMP-1509,Research & Development,Laboratory Technician,RAG,Beginner,3,True
EMP-1509,Demo EMP-1509,Research & Development,Laboratory Technician,Laboratory Methods,Advanced,3,True
EMP-1509,Demo EMP-1509,Research & Development,Laboratory Technician,Docker,Intermediate,5,True
EMP-1509,Demo EMP-1509,Research & Development,Laboratory Technician,SQL,Beginner,1,True
EMP-1513,Demo EMP-1513,Research & Development,Laboratory Technician,Machine Learning,Beginner,2,True
EMP-1513,Demo EMP-1513,Research & Development,Laboratory Technician,Research,Beginner,0,True
EMP-1513,Demo EMP-1513,Research & Development,Laboratory Technician,Python,Beginner,5,True
EMP-1513,Demo EMP-1513,Research & Development,Laboratory Technician,MLOps,Intermediate,1,True
EMP-1514,Demo EMP-1514,Research & Development,Manufacturing Director,Python,Intermediate,5,True
EMP-1514,Demo EMP-1514,Research & Development,Manufacturing Director,PyTorch,Advanced,3,True
EMP-1514,Demo EMP-1514,Research & Development,Manufacturing Director,MLOps,Intermediate,5,True
EMP-1514,Demo EMP-1514,Research & Development,Manufacturing Director,Research,Intermediate,4,True
EMP-1515,Demo EMP-1515,Research & Development,Healthcare Representative,Docker,Beginner,3,True
EMP-1515,Demo EMP-1515,Research & Development,Healthcare Representative,MLOps,Beginner,0,True
EMP-1515,Demo EMP-1515,Research & Development,Healthcare Representative,AWS,Beginner,2,True
EMP-1515,Demo EMP-1515,Research & Development,Healthcare Representative,RAG,Intermediate,5,True
EMP-1516,Demo EMP-1516,Research & Development,Manager,SQL,Intermediate,3,True
EMP-1516,Demo EMP-1516,Research & Development,Manager,AWS,Beginner,0,True
EMP-1516,Demo EMP-1516,Research & Development,Manager,Python,Intermediate,2,True
EMP-1516,Demo EMP-1516,Research & Development,Manager,LLMs,Intermediate,4,True
EMP-1520,Demo EMP-1520,Research & Development,Manager,LLMs,Intermediate,4,True
EMP-1520,Demo EMP-1520,Research & Development,Manager,RAG,Beginner,2,True
EMP-1520,Demo EMP-1520,Research & Development,Manager,MLOps,Intermediate,0,True
EMP-1520,Demo EMP-1520,Research & Development,Manager,AWS,Intermediate,5,True
EMP-1522,Demo EMP-1522,Research & Development,Research Scientist,Docker,Beginner,3,True
EMP-1522,Demo EMP-1522,Research & Development,Research Scientist,MLOps,Beginner,4,True
EMP-1522,Demo EMP-1522,Research & Development,Research Scientist,Laboratory Methods,Intermediate,4,True
EMP-1522,Demo EMP-1522,Research & Development,Research Scientist,PyTorch,Beginner,2,True
EMP-1523,Demo EMP-1523,Research & Development,Research Director,Laboratory Methods,Intermediate,1,True
EMP-1523,Demo EMP-1523,Research & Development,Research Director,Machine Learning,Beginner,5,True
EMP-1523,Demo EMP-1523,Research & Development,Research Director,Python,Beginner,2,True
EMP-1523,Demo EMP-1523,Research & Development,Research Director,Research,Advanced,0,True
EMP-1525,Demo EMP-1525,Research & Development,Manufacturing Director,SQL,Intermediate,1,True
EMP-1525,Demo EMP-1525,Research & Development,Manufacturing Director,Docker,Advanced,1,True
EMP-1525,Demo EMP-1525,Research & Development,Manufacturing Director,Laboratory Methods,Intermediate,2,True
EMP-1525,Demo EMP-1525,Research & Development,Manufacturing Director,AWS,Advanced,2,True
EMP-1527,Demo EMP-1527,Sales,Manager,SQL,Intermediate,1,True
EMP-1527,Demo EMP-1527,Sales,Manager,Sales,Intermediate,0,True
EMP-1527,Demo EMP-1527,Sales,Manager,Communication,Beginner,2,True
EMP-1527,Demo EMP-1527,Sales,Manager,CRM,Intermediate,3,True
EMP-1529,Demo EMP-1529,Research & Development,Healthcare Representative,SQL,Intermediate,2,True
EMP-1529,Demo EMP-1529,Research & Development,Healthcare Representative,Docker,Beginner,1,True
EMP-1529,Demo EMP-1529,Research & Development,Healthcare Representative,Laboratory Methods,Intermediate,0,True
EMP-1529,Demo EMP-1529,Research & Development,Healthcare Representative,Machine Learning,Beginner,2,True
EMP-1533,Demo EMP-1533,Research & Development,Laboratory Technician,MLOps,Advanced,2,True
EMP-1533,Demo EMP-1533,Research & Development,Laboratory Technician,AWS,Beginner,1,True
EMP-1533,Demo EMP-1533,Research & Development,Laboratory Technician,Laboratory Methods,Advanced,1,True
EMP-1533,Demo EMP-1533,Research & Development,Laboratory Technician,Docker,Advanced,1,True
EMP-1534,Demo EMP-1534,Research & Development,Laboratory Technician,SQL,Advanced,5,True
EMP-1534,Demo EMP-1534,Research & Development,Laboratory Technician,Machine Learning,Beginner,2,True
EMP-1534,Demo EMP-1534,Research & Development,Laboratory Technician,PyTorch,Intermediate,2,True
EMP-1534,Demo EMP-1534,Research & Development,Laboratory Technician,RAG,Intermediate,4,True
EMP-1535,Demo EMP-1535,Sales,Sales Executive,Excel,Intermediate,3,True
EMP-1535,Demo EMP-1535,Sales,Sales Executive,Data Analysis,Intermediate,2,True
EMP-1535,Demo EMP-1535,Sales,Sales Executive,Sales,Intermediate,5,True
EMP-1535,Demo EMP-1535,Sales,Sales Executive,Communication,Intermediate,2,True
EMP-1537,Demo EMP-1537,Research & Development,Research Scientist,SQL,Intermediate,3,True
EMP-1537,Demo EMP-1537,Research & Development,Research Scientist,MLOps,Advanced,3,True
EMP-1537,Demo EMP-1537,Research & Development,Research Scientist,Research,Intermediate,0,True
EMP-1537,Demo EMP-1537,Research & Development,Research Scientist,Python,Intermediate,5,True
EMP-1539,Demo EMP-1539,Research & Development,Research Director,Research,Intermediate,4,True
EMP-1539,Demo EMP-1539,Research & Development,Research Director,PyTorch,Beginner,4,True
EMP-1539,Demo EMP-1539,Research & Development,Research Director,RAG,Beginner,3,True
EMP-1539,Demo EMP-1539,Research & Development,Research Director,SQL,Beginner,4,True
EMP-1541,Demo EMP-1541,Sales,Sales Representative,Data Analysis,Intermediate,0,True
EMP-1541,Demo EMP-1541,Sales,Sales Representative,Excel,Intermediate,5,True
EMP-1541,Demo EMP-1541,Sales,Sales Representative,Sales,Beginner,2,True
EMP-1541,Demo EMP-1541,Sales,Sales Representative,CRM,Advanced,1,True
EMP-1542,Demo EMP-1542,Research & Development,Laboratory Technician,LLMs,Intermediate,4,True
EMP-1542,Demo EMP-1542,Research & Development,Laboratory Technician,Docker,Advanced,4,True
EMP-1542,Demo EMP-1542,Research & Development,Laboratory Technician,Research,Advanced,0,True
EMP-1542,Demo EMP-1542,Research & Development,Laboratory Technician,RAG,Intermediate,5,True
EMP-1543,Demo EMP-1543,Research & Development,Research Scientist,Python,Advanced,2,True
EMP-1543,Demo EMP-1543,Research & Development,Research Scientist,Docker,Intermediate,1,True
EMP-1543,Demo EMP-1543,Research & Development,Research Scientist,RAG,Intermediate,5,True
EMP-1543,Demo EMP-1543,Research & Development,Research Scientist,LLMs,Intermediate,4,True
EMP-1544,Demo EMP-1544,Research & Development,Healthcare Representative,MLOps,Intermediate,4,True
EMP-1544,Demo EMP-1544,Research & Development,Healthcare Representative,RAG,Advanced,3,True
EMP-1544,Demo EMP-1544,Research & Development,Healthcare Representative,LLMs,Beginner,3,True
EMP-1544,Demo EMP-1544,Research & Development,Healthcare Representative,Docker,Intermediate,3,True
EMP-1545,Demo EMP-1545,Research & Development,Manufacturing Director,Machine Learning,Intermediate,0,True
EMP-1545,Demo EMP-1545,Research & Development,Manufacturing Director,Python,Beginner,5,True
EMP-1545,Demo EMP-1545,Research & Development,Manufacturing Director,Docker,Beginner,3,True
EMP-1545,Demo EMP-1545,Research & Development,Manufacturing Director,Laboratory Methods,Beginner,0,True
EMP-1546,Demo EMP-1546,Research & Development,Research Scientist,Research,Intermediate,1,True
EMP-1546,Demo EMP-1546,Research & Development,Research Scientist,Machine Learning,Beginner,2,True
EMP-1546,Demo EMP-1546,Research & Development,Research Scientist,Docker,Intermediate,4,True
EMP-1546,Demo EMP-1546,Research & Development,Research Scientist,AWS,Beginner,5,True
EMP-1547,Demo EMP-1547,Research & Development,Healthcare Representative,MLOps,Intermediate,4,True
EMP-1547,Demo EMP-1547,Research & Development,Healthcare Representative,Python,Beginner,0,True
EMP-1547,Demo EMP-1547,Research & Development,Healthcare Representative,Docker,Intermediate,5,True
EMP-1547,Demo EMP-1547,Research & Development,Healthcare Representative,PyTorch,Intermediate,5,True
EMP-1548,Demo EMP-1548,Sales,Sales Executive,Communication,Intermediate,0,True
EMP-1548,Demo EMP-1548,Sales,Sales Executive,CRM,Advanced,4,True
EMP-1548,Demo EMP-1548,Sales,Sales Executive,Excel,Advanced,4,True
EMP-1548,Demo EMP-1548,Sales,Sales Executive,SQL,Beginner,3,True
EMP-1549,Demo EMP-1549,Research & Development,Laboratory Technician,AWS,Intermediate,2,True
EMP-1549,Demo EMP-1549,Research & Development,Laboratory Technician,LLMs,Intermediate,4,True
EMP-1549,Demo EMP-1549,Research & Development,Laboratory Technician,Python,Beginner,4,True
EMP-1549,Demo EMP-1549,Research & Development,Laboratory Technician,RAG,Beginner,3,True
EMP-1550,Demo EMP-1550,Human Resources,Manager,Data Analysis,Intermediate,5,True
EMP-1550,Demo EMP-1550,Human Resources,Manager,SQL,Beginner,5,True
EMP-1550,Demo EMP-1550,Human Resources,Manager,Excel,Intermediate,0,True
EMP-1550,Demo EMP-1550,Human Resources,Manager,Project Management,Beginner,3,True
EMP-1551,Demo EMP-1551,Research & Development,Laboratory Technician,SQL,Intermediate,2,True
EMP-1551,Demo EMP-1551,Research & Development,Laboratory Technician,Docker,Intermediate,0,True
EMP-1551,Demo EMP-1551,Research & Development,Laboratory Technician,RAG,Intermediate,5,True
EMP-1551,Demo EMP-1551,Research & Development,Laboratory Technician,Python,Beginner,3,True
EMP-1552,Demo EMP-1552,Research & Development,Healthcare Representative,PyTorch,Advanced,1,True
EMP-1552,Demo EMP-1552,Research & Development,Healthcare Representative,Laboratory Methods,Beginner,1,True
EMP-1552,Demo EMP-1552,Research & Development,Healthcare Representative,LLMs,Advanced,5,True
EMP-1552,Demo EMP-1552,Research & Development,Healthcare Representative,Docker,Intermediate,0,True
EMP-1553,Demo EMP-1553,Research & Development,Healthcare Representative,PyTorch,Intermediate,4,True
EMP-1553,Demo EMP-1553,Research & Development,Healthcare Representative,RAG,Advanced,0,True
EMP-1553,Demo EMP-1553,Research & Development,Healthcare Representative,Machine Learning,Beginner,1,True
EMP-1553,Demo EMP-1553,Research & Development,Healthcare Representative,Python,Beginner,0,True
EMP-1554,Demo EMP-1554,Sales,Sales Representative,Communication,Intermediate,1,True
EMP-1554,Demo EMP-1554,Sales,Sales Representative,CRM,Intermediate,5,True
EMP-1554,Demo EMP-1554,Sales,Sales Representative,Data Analysis,Beginner,3,True
EMP-1554,Demo EMP-1554,Sales,Sales Representative,SQL,Intermediate,4,True
EMP-1555,Demo EMP-1555,Research & Development,Research Scientist,AWS,Intermediate,4,True
EMP-1555,Demo EMP-1555,Research & Development,Research Scientist,MLOps,Advanced,1,True
EMP-1555,Demo EMP-1555,Research & Development,Research Scientist,LLMs,Intermediate,5,True
EMP-1555,Demo EMP-1555,Research & Development,Research Scientist,Laboratory Methods,Intermediate,1,True
EMP-1556,Demo EMP-1556,Sales,Sales Representative,SQL,Advanced,4,True
EMP-1556,Demo EMP-1556,Sales,Sales Representative,Excel,Intermediate,5,True
EMP-1556,Demo EMP-1556,Sales,Sales Representative,Communication,Intermediate,0,True
EMP-1556,Demo EMP-1556,Sales,Sales Representative,CRM,Intermediate,4,True
EMP-1557,Demo EMP-1557,Sales,Sales Executive,SQL,Intermediate,5,True
EMP-1557,Demo EMP-1557,Sales,Sales Executive,Data Analysis,Beginner,3,True
EMP-1557,Demo EMP-1557,Sales,Sales Executive,Sales,Intermediate,0,True
EMP-1557,Demo EMP-1557,Sales,Sales Executive,CRM,Beginner,0,True
EMP-1558,Demo EMP-1558,Research & Development,Research Scientist,Laboratory Methods,Advanced,2,True
EMP-1558,Demo EMP-1558,Research & Development,Research Scientist,AWS,Intermediate,4,True
EMP-1558,Demo EMP-1558,Research & Development,Research Scientist,Machine Learning,Advanced,5,True
EMP-1558,Demo EMP-1558,Research & Development,Research Scientist,MLOps,Intermediate,1,True
EMP-1560,Demo EMP-1560,Sales,Sales Executive,SQL,Beginner,5,True
EMP-1560,Demo EMP-1560,Sales,Sales Executive,Data Analysis,Intermediate,1,True
EMP-1560,Demo EMP-1560,Sales,Sales Executive,Excel,Intermediate,3,True
EMP-1560,Demo EMP-1560,Sales,Sales Executive,Communication,Intermediate,4,True
EMP-1562,Demo EMP-1562,Sales,Sales Executive,Sales,Intermediate,3,True
EMP-1562,Demo EMP-1562,Sales,Sales Executive,Excel,Beginner,0,True
EMP-1562,Demo EMP-1562,Sales,Sales Executive,Communication,Advanced,2,True
EMP-1562,Demo EMP-1562,Sales,Sales Executive,CRM,Beginner,4,True
EMP-1563,Demo EMP-1563,Human Resources,Human Resources,Excel,Advanced,3,True
EMP-1563,Demo EMP-1563,Human Resources,Human Resources,SQL,Beginner,4,True
EMP-1563,Demo EMP-1563,Human Resources,Human Resources,Communication,Intermediate,1,True
EMP-1563,Demo EMP-1563,Human Resources,Human Resources,Project Management,Intermediate,5,True
EMP-1564,Demo EMP-1564,Research & Development,Laboratory Technician,Laboratory Methods,Intermediate,3,True
EMP-1564,Demo EMP-1564,Research & Development,Laboratory Technician,AWS,Beginner,4,True
EMP-1564,Demo EMP-1564,Research & Development,Laboratory Technician,MLOps,Intermediate,2,True
EMP-1564,Demo EMP-1564,Research & Development,Laboratory Technician,LLMs,Beginner,5,True
EMP-1568,Demo EMP-1568,Sales,Sales Executive,SQL,Advanced,3,True
EMP-1568,Demo EMP-1568,Sales,Sales Executive,Sales,Intermediate,5,True
EMP-1568,Demo EMP-1568,Sales,Sales Executive,CRM,Beginner,5,True
EMP-1568,Demo EMP-1568,Sales,Sales Executive,Communication,Beginner,4,True
EMP-1569,Demo EMP-1569,Research & Development,Laboratory Technician,Machine Learning,Intermediate,3,True
EMP-1569,Demo EMP-1569,Research & Development,Laboratory Technician,Research,Advanced,1,True
EMP-1569,Demo EMP-1569,Research & Development,Laboratory Technician,MLOps,Advanced,1,True
EMP-1569,Demo EMP-1569,Research & Development,Laboratory Technician,Docker,Beginner,0,True
EMP-1572,Demo EMP-1572,Research & Development,Manufacturing Director,Laboratory Methods,Advanced,0,True
EMP-1572,Demo EMP-1572,Research & Development,Manufacturing Director,Docker,Intermediate,5,True
EMP-1572,Demo EMP-1572,Research & Development,Manufacturing Director,Machine Learning,Intermediate,1,True
EMP-1572,Demo EMP-1572,Research & Development,Manufacturing Director,LLMs,Beginner,4,True
EMP-1573,Demo EMP-1573,Research & Development,Manufacturing Director,Machine Learning,Intermediate,4,True
EMP-1573,Demo EMP-1573,Research & Development,Manufacturing Director,AWS,Advanced,2,True
EMP-1573,Demo EMP-1573,Research & Development,Manufacturing Director,LLMs,Intermediate,3,True
EMP-1573,Demo EMP-1573,Research & Development,Manufacturing Director,RAG,Intermediate,2,True
EMP-1574,Demo EMP-1574,Research & Development,Research Scientist,PyTorch,Intermediate,0,True
EMP-1574,Demo EMP-1574,Research & Development,Research Scientist,Docker,Beginner,1,True
EMP-1574,Demo EMP-1574,Research & Development,Research Scientist,LLMs,Intermediate,5,True
EMP-1574,Demo EMP-1574,Research & Development,Research Scientist,AWS,Intermediate,2,True
EMP-1576,Demo EMP-1576,Research & Development,Research Scientist,Research,Advanced,3,True
EMP-1576,Demo EMP-1576,Research & Development,Research Scientist,Docker,Beginner,5,True
EMP-1576,Demo EMP-1576,Research & Development,Research Scientist,SQL,Beginner,3,True
EMP-1576,Demo EMP-1576,Research & Development,Research Scientist,RAG,Advanced,2,True
EMP-1577,Demo EMP-1577,Research & Development,Research Scientist,AWS,Beginner,1,True
EMP-1577,Demo EMP-1577,Research & Development,Research Scientist,Laboratory Methods,Beginner,2,True
EMP-1577,Demo EMP-1577,Research & Development,Research Scientist,RAG,Advanced,1,True
EMP-1577,Demo EMP-1577,Research & Development,Research Scientist,Research,Intermediate,4,True
EMP-1578,Demo EMP-1578,Sales,Manager,Sales,Intermediate,0,True
EMP-1578,Demo EMP-1578,Sales,Manager,CRM,Advanced,4,True
EMP-1578,Demo EMP-1578,Sales,Manager,SQL,Intermediate,5,True
EMP-1578,Demo EMP-1578,Sales,Manager,Data Analysis,Beginner,4,True
EMP-1580,Demo EMP-1580,Research & Development,Research Scientist,Research,Intermediate,1,True
EMP-1580,Demo EMP-1580,Research & Development,Research Scientist,Laboratory Methods,Intermediate,1,True
EMP-1580,Demo EMP-1580,Research & Development,Research Scientist,AWS,Advanced,0,True
EMP-1580,Demo EMP-1580,Research & Development,Research Scientist,SQL,Intermediate,4,True
EMP-1581,Demo EMP-1581,Research & Development,Research Scientist,LLMs,Intermediate,2,True
EMP-1581,Demo EMP-1581,Research & Development,Research Scientist,Research,Beginner,4,True
EMP-1581,Demo EMP-1581,Research & Development,Research Scientist,PyTorch,Advanced,0,True
EMP-1581,Demo EMP-1581,Research & Development,Research Scientist,Laboratory Methods,Intermediate,3,True
EMP-1582,Demo EMP-1582,Sales,Sales Executive,CRM,Intermediate,2,True
EMP-1582,Demo EMP-1582,Sales,Sales Executive,SQL,Advanced,0,True
EMP-1582,Demo EMP-1582,Sales,Sales Executive,Sales,Advanced,5,True
EMP-1582,Demo EMP-1582,Sales,Sales Executive,Data Analysis,Intermediate,3,True
EMP-1583,Demo EMP-1583,Sales,Sales Executive,Excel,Intermediate,5,True
EMP-1583,Demo EMP-1583,Sales,Sales Executive,SQL,Intermediate,5,True
EMP-1583,Demo EMP-1583,Sales,Sales Executive,Data Analysis,Advanced,2,True
EMP-1583,Demo EMP-1583,Sales,Sales Executive,Communication,Beginner,0,True
EMP-1585,Demo EMP-1585,Sales,Sales Executive,SQL,Beginner,3,True
EMP-1585,Demo EMP-1585,Sales,Sales Executive,CRM,Beginner,2,True
EMP-1585,Demo EMP-1585,Sales,Sales Executive,Sales,Intermediate,0,True
EMP-1585,Demo EMP-1585,Sales,Sales Executive,Excel,Intermediate,4,True
EMP-1586,Demo EMP-1586,Research & Development,Laboratory Technician,SQL,Intermediate,5,True
EMP-1586,Demo EMP-1586,Research & Development,Laboratory Technician,Research,Beginner,5,True
EMP-1586,Demo EMP-1586,Research & Development,Laboratory Technician,Docker,Beginner,3,True
EMP-1586,Demo EMP-1586,Research & Development,Laboratory Technician,RAG,Beginner,0,True
EMP-1587,Demo EMP-1587,Research & Development,Healthcare Representative,AWS,Beginner,0,True
EMP-1587,Demo EMP-1587,Research & Development,Healthcare Representative,LLMs,Advanced,4,True
EMP-1587,Demo EMP-1587,Research & Development,Healthcare Representative,Laboratory Methods,Intermediate,0,True
EMP-1587,Demo EMP-1587,Research & Development,Healthcare Representative,SQL,Intermediate,2,True
EMP-1588,Demo EMP-1588,Sales,Sales Executive,Communication,Advanced,4,True
EMP-1588,Demo EMP-1588,Sales,Sales Executive,CRM,Advanced,5,True
EMP-1588,Demo EMP-1588,Sales,Sales Executive,Sales,Intermediate,4,True
EMP-1588,Demo EMP-1588,Sales,Sales Executive,Excel,Advanced,4,True
EMP-1590,Demo EMP-1590,Research & Development,Healthcare Representative,Docker,Intermediate,0,True
EMP-1590,Demo EMP-1590,Research & Development,Healthcare Representative,AWS,Beginner,0,True
EMP-1590,Demo EMP-1590,Research & Development,Healthcare Representative,RAG,Intermediate,3,True
EMP-1590,Demo EMP-1590,Research & Development,Healthcare Representative,PyTorch,Intermediate,0,True
EMP-1591,Demo EMP-1591,Sales,Manager,Excel,Intermediate,4,True
EMP-1591,Demo EMP-1591,Sales,Manager,Communication,Beginner,2,True
EMP-1591,Demo EMP-1591,Sales,Manager,CRM,Beginner,4,True
EMP-1591,Demo EMP-1591,Sales,Manager,Sales,Intermediate,3,True
EMP-1592,Demo EMP-1592,Research & Development,Research Scientist,MLOps,Advanced,5,True
EMP-1592,Demo EMP-1592,Research & Development,Research Scientist,Research,Intermediate,2,True
EMP-1592,Demo EMP-1592,Research & Development,Research Scientist,Docker,Beginner,2,True
EMP-1592,Demo EMP-1592,Research & Development,Research Scientist,LLMs,Beginner,3,True
EMP-1594,Demo EMP-1594,Research & Development,Laboratory Technician,RAG,Beginner,3,True
EMP-1594,Demo EMP-1594,Research & Development,Laboratory Technician,Docker,Beginner,4,True
EMP-1594,Demo EMP-1594,Research & Development,Laboratory Technician,AWS,Beginner,0,True
EMP-1594,Demo EMP-1594,Research & Development,Laboratory Technician,Python,Advanced,3,True
EMP-1595,Demo EMP-1595,Research & Development,Manager,Research,Advanced,2,True
EMP-1595,Demo EMP-1595,Research & Development,Manager,Python,Beginner,3,True
EMP-1595,Demo EMP-1595,Research & Development,Manager,MLOps,Intermediate,5,True
EMP-1595,Demo EMP-1595,Research & Development,Manager,Laboratory Methods,Beginner,5,True
EMP-1596,Demo EMP-1596,Research & Development,Laboratory Technician,Laboratory Methods,Intermediate,4,True
EMP-1596,Demo EMP-1596,Research & Development,Laboratory Technician,PyTorch,Advanced,5,True
EMP-1596,Demo EMP-1596,Research & Development,Laboratory Technician,RAG,Beginner,4,True
EMP-1596,Demo EMP-1596,Research & Development,Laboratory Technician,Research,Advanced,5,True
EMP-1597,Demo EMP-1597,Research & Development,Healthcare Representative,LLMs,Intermediate,2,True
EMP-1597,Demo EMP-1597,Research & Development,Healthcare Representative,SQL,Intermediate,0,True
EMP-1597,Demo EMP-1597,Research & Development,Healthcare Representative,Docker,Beginner,5,True
EMP-1597,Demo EMP-1597,Research & Development,Healthcare Representative,AWS,Beginner,4,True
EMP-1598,Demo EMP-1598,Sales,Sales Executive,Excel,Advanced,2,True
EMP-1598,Demo EMP-1598,Sales,Sales Executive,SQL,Advanced,3,True
EMP-1598,Demo EMP-1598,Sales,Sales Executive,Communication,Intermediate,1,True
EMP-1598,Demo EMP-1598,Sales,Sales Executive,Data Analysis,Beginner,5,True
EMP-1599,Demo EMP-1599,Research & Development,Laboratory Technician,Laboratory Methods,Intermediate,3,True
EMP-1599,Demo EMP-1599,Research & Development,Laboratory Technician,Docker,Intermediate,4,True
EMP-1599,Demo EMP-1599,Research & Development,Laboratory Technician,SQL,Beginner,2,True
EMP-1599,Demo EMP-1599,Research & Development,Laboratory Technician,Python,Intermediate,1,True
EMP-1601,Demo EMP-1601,Research & Development,Laboratory Technician,SQL,Intermediate,5,True
EMP-1601,Demo EMP-1601,Research & Development,Laboratory Technician,MLOps,Intermediate,1,True
EMP-1601,Demo EMP-1601,Research & Development,Laboratory Technician,LLMs,Intermediate,2,True
EMP-1601,Demo EMP-1601,Research & Development,Laboratory Technician,Docker,Intermediate,3,True
EMP-1602,Demo EMP-1602,Sales,Manager,Sales,Intermediate,0,True
EMP-1602,Demo EMP-1602,Sales,Manager,CRM,Beginner,0,True
EMP-1602,Demo EMP-1602,Sales,Manager,SQL,Beginner,0,True
EMP-1602,Demo EMP-1602,Sales,Manager,Communication,Advanced,5,True
EMP-1604,Demo EMP-1604,Research & Development,Laboratory Technician,RAG,Beginner,3,True
EMP-1604,Demo EMP-1604,Research & Development,Laboratory Technician,Laboratory Methods,Intermediate,1,True
EMP-1604,Demo EMP-1604,Research & Development,Laboratory Technician,Research,Advanced,5,True
EMP-1604,Demo EMP-1604,Research & Development,Laboratory Technician,MLOps,Beginner,4,True
EMP-1605,Demo EMP-1605,Research & Development,Research Scientist,Research,Intermediate,0,True
EMP-1605,Demo EMP-1605,Research & Development,Research Scientist,LLMs,Beginner,1,True
EMP-1605,Demo EMP-1605,Research & Development,Research Scientist,Python,Beginner,3,True
EMP-1605,Demo EMP-1605,Research & Development,Research Scientist,SQL,Intermediate,5,True
EMP-1606,Demo EMP-1606,Research & Development,Healthcare Representative,Research,Beginner,0,True
EMP-1606,Demo EMP-1606,Research & Development,Healthcare Representative,LLMs,Intermediate,0,True
EMP-1606,Demo EMP-1606,Research & Development,Healthcare Representative,MLOps,Beginner,4,True
EMP-1606,Demo EMP-1606,Research & Development,Healthcare Representative,PyTorch,Intermediate,5,True
EMP-1607,Demo EMP-1607,Research & Development,Research Scientist,SQL,Beginner,1,True
EMP-1607,Demo EMP-1607,Research & Development,Research Scientist,Research,Intermediate,3,True
EMP-1607,Demo EMP-1607,Research & Development,Research Scientist,AWS,Intermediate,5,True
EMP-1607,Demo EMP-1607,Research & Development,Research Scientist,MLOps,Intermediate,3,True
EMP-1608,Demo EMP-1608,Research & Development,Research Director,Docker,Intermediate,4,True
EMP-1608,Demo EMP-1608,Research & Development,Research Director,RAG,Beginner,5,True
EMP-1608,Demo EMP-1608,Research & Development,Research Director,Research,Intermediate,2,True
EMP-1608,Demo EMP-1608,Research & Development,Research Director,Python,Beginner,5,True
EMP-1609,Demo EMP-1609,Research & Development,Research Scientist,Machine Learning,Advanced,0,True
EMP-1609,Demo EMP-1609,Research & Development,Research Scientist,RAG,Advanced,1,True
EMP-1609,Demo EMP-1609,Research & Development,Research Scientist,LLMs,Intermediate,2,True
EMP-1609,Demo EMP-1609,Research & Development,Research Scientist,MLOps,Intermediate,0,True
EMP-1611,Demo EMP-1611,Research & Development,Laboratory Technician,Machine Learning,Intermediate,3,True
EMP-1611,Demo EMP-1611,Research & Development,Laboratory Technician,Research,Advanced,1,True
EMP-1611,Demo EMP-1611,Research & Development,Laboratory Technician,RAG,Intermediate,1,True
EMP-1611,Demo EMP-1611,Research & Development,Laboratory Technician,PyTorch,Intermediate,4,True
EMP-1612,Demo EMP-1612,Sales,Sales Executive,Excel,Intermediate,1,True
EMP-1612,Demo EMP-1612,Sales,Sales Executive,Data Analysis,Intermediate,1,True
EMP-1612,Demo EMP-1612,Sales,Sales Executive,SQL,Beginner,1,True
EMP-1612,Demo EMP-1612,Sales,Sales Executive,Sales,Beginner,0,True
EMP-1613,Demo EMP-1613,Sales,Sales Executive,Sales,Advanced,0,True
EMP-1613,Demo EMP-1613,Sales,Sales Executive,Communication,Beginner,3,True
EMP-1613,Demo EMP-1613,Sales,Sales Executive,Excel,Intermediate,5,True
EMP-1613,Demo EMP-1613,Sales,Sales Executive,SQL,Beginner,4,True
EMP-1614,Demo EMP-1614,Research & Development,Manufacturing Director,SQL,Advanced,5,True
EMP-1614,Demo EMP-1614,Research & Development,Manufacturing Director,PyTorch,Advanced,4,True
EMP-1614,Demo EMP-1614,Research & Development,Manufacturing Director,Laboratory Methods,Advanced,5,True
EMP-1614,Demo EMP-1614,Research & Development,Manufacturing Director,Research,Intermediate,1,True
EMP-1615,Demo EMP-1615,Research & Development,Manufacturing Director,SQL,Beginner,1,True
EMP-1615,Demo EMP-1615,Research & Development,Manufacturing Director,MLOps,Advanced,0,True
EMP-1615,Demo EMP-1615,Research & Development,Manufacturing Director,Docker,Intermediate,2,True
EMP-1615,Demo EMP-1615,Research & Development,Manufacturing Director,RAG,Advanced,2,True
EMP-1617,Demo EMP-1617,Research & Development,Laboratory Technician,AWS,Beginner,3,True
EMP-1617,Demo EMP-1617,Research & Development,Laboratory Technician,RAG,Intermediate,1,True
EMP-1617,Demo EMP-1617,Research & Development,Laboratory Technician,MLOps,Intermediate,5,True
EMP-1617,Demo EMP-1617,Research & Development,Laboratory Technician,Machine Learning,Beginner,1,True
EMP-1618,Demo EMP-1618,Research & Development,Manufacturing Director,LLMs,Intermediate,5,True
EMP-1618,Demo EMP-1618,Research & Development,Manufacturing Director,Docker,Intermediate,1,True
EMP-1618,Demo EMP-1618,Research & Development,Manufacturing Director,Laboratory Methods,Intermediate,3,True
EMP-1618,Demo EMP-1618,Research & Development,Manufacturing Director,Python,Advanced,0,True
EMP-1619,Demo EMP-1619,Research & Development,Laboratory Technician,MLOps,Beginner,1,True
EMP-1619,Demo EMP-1619,Research & Development,Laboratory Technician,AWS,Intermediate,3,True
EMP-1619,Demo EMP-1619,Research & Development,Laboratory Technician,Docker,Intermediate,2,True
EMP-1619,Demo EMP-1619,Research & Development,Laboratory Technician,RAG,Beginner,2,True
EMP-1621,Demo EMP-1621,Research & Development,Research Scientist,SQL,Intermediate,5,True
EMP-1621,Demo EMP-1621,Research & Development,Research Scientist,RAG,Beginner,3,True
EMP-1621,Demo EMP-1621,Research & Development,Research Scientist,Docker,Intermediate,4,True
EMP-1621,Demo EMP-1621,Research & Development,Research Scientist,PyTorch,Intermediate,5,True
EMP-1622,Demo EMP-1622,Research & Development,Manufacturing Director,PyTorch,Intermediate,0,True
EMP-1622,Demo EMP-1622,Research & Development,Manufacturing Director,SQL,Intermediate,5,True
EMP-1622,Demo EMP-1622,Research & Development,Manufacturing Director,AWS,Advanced,5,True
EMP-1622,Demo EMP-1622,Research & Development,Manufacturing Director,Research,Intermediate,2,True
EMP-1623,Demo EMP-1623,Research & Development,Research Scientist,PyTorch,Intermediate,4,True
EMP-1623,Demo EMP-1623,Research & Development,Research Scientist,AWS,Beginner,0,True
EMP-1623,Demo EMP-1623,Research & Development,Research Scientist,Research,Advanced,2,True
EMP-1623,Demo EMP-1623,Research & Development,Research Scientist,Machine Learning,Intermediate,3,True
EMP-1624,Demo EMP-1624,Sales,Sales Representative,Data Analysis,Intermediate,1,True
EMP-1624,Demo EMP-1624,Sales,Sales Representative,Sales,Advanced,2,True
EMP-1624,Demo EMP-1624,Sales,Sales Representative,Excel,Beginner,5,True
EMP-1624,Demo EMP-1624,Sales,Sales Representative,Communication,Advanced,1,True
EMP-1625,Demo EMP-1625,Human Resources,Manager,SQL,Advanced,3,True
EMP-1625,Demo EMP-1625,Human Resources,Manager,Project Management,Intermediate,2,True
EMP-1625,Demo EMP-1625,Human Resources,Manager,Excel,Intermediate,2,True
EMP-1625,Demo EMP-1625,Human Resources,Manager,Data Analysis,Advanced,4,True
EMP-1627,Demo EMP-1627,Research & Development,Laboratory Technician,Research,Intermediate,5,True
EMP-1627,Demo EMP-1627,Research & Development,Laboratory Technician,MLOps,Intermediate,1,True
EMP-1627,Demo EMP-1627,Research & Development,Laboratory Technician,AWS,Intermediate,0,True
EMP-1627,Demo EMP-1627,Research & Development,Laboratory Technician,RAG,Beginner,2,True
EMP-1628,Demo EMP-1628,Research & Development,Manufacturing Director,Machine Learning,Beginner,1,True
EMP-1628,Demo EMP-1628,Research & Development,Manufacturing Director,Research,Advanced,1,True
EMP-1628,Demo EMP-1628,Research & Development,Manufacturing Director,MLOps,Advanced,1,True
EMP-1628,Demo EMP-1628,Research & Development,Manufacturing Director,SQL,Intermediate,4,True
EMP-1630,Demo EMP-1630,Research & Development,Healthcare Representative,Research,Advanced,3,True
EMP-1630,Demo EMP-1630,Research & Development,Healthcare Representative,Laboratory Methods,Intermediate,2,True
EMP-1630,Demo EMP-1630,Research & Development,Healthcare Representative,AWS,Intermediate,0,True
EMP-1630,Demo EMP-1630,Research & Development,Healthcare Representative,LLMs,Advanced,5,True
EMP-1631,Demo EMP-1631,Research & Development,Manufacturing Director,Laboratory Methods,Beginner,4,True
EMP-1631,Demo EMP-1631,Research & Development,Manufacturing Director,Python,Advanced,3,True
EMP-1631,Demo EMP-1631,Research & Development,Manufacturing Director,MLOps,Intermediate,3,True
EMP-1631,Demo EMP-1631,Research & Development,Manufacturing Director,RAG,Advanced,3,True
EMP-1633,Demo EMP-1633,Research & Development,Manufacturing Director,LLMs,Advanced,1,True
EMP-1633,Demo EMP-1633,Research & Development,Manufacturing Director,RAG,Intermediate,3,True
EMP-1633,Demo EMP-1633,Research & Development,Manufacturing Director,Research,Intermediate,1,True
EMP-1633,Demo EMP-1633,Research & Development,Manufacturing Director,AWS,Intermediate,0,True
EMP-1635,Demo EMP-1635,Research & Development,Manufacturing Director,RAG,Beginner,4,True
EMP-1635,Demo EMP-1635,Research & Development,Manufacturing Director,PyTorch,Intermediate,3,True
EMP-1635,Demo EMP-1635,Research & Development,Manufacturing Director,Research,Advanced,0,True
EMP-1635,Demo EMP-1635,Research & Development,Manufacturing Director,Laboratory Methods,Intermediate,0,True
EMP-1638,Demo EMP-1638,Research & Development,Manufacturing Director,MLOps,Intermediate,0,True
EMP-1638,Demo EMP-1638,Research & Development,Manufacturing Director,PyTorch,Advanced,5,True
EMP-1638,Demo EMP-1638,Research & Development,Manufacturing Director,RAG,Intermediate,2,True
EMP-1638,Demo EMP-1638,Research & Development,Manufacturing Director,Machine Learning,Intermediate,2,True
EMP-1639,Demo EMP-1639,Sales,Sales Executive,Communication,Beginner,4,True
EMP-1639,Demo EMP-1639,Sales,Sales Executive,Excel,Intermediate,3,True
EMP-1639,Demo EMP-1639,Sales,Sales Executive,CRM,Advanced,4,True
EMP-1639,Demo EMP-1639,Sales,Sales Executive,SQL,Intermediate,0,True
EMP-1640,Demo EMP-1640,Research & Development,Research Scientist,Docker,Advanced,2,True
EMP-1640,Demo EMP-1640,Research & Development,Research Scientist,Laboratory Methods,Intermediate,2,True
EMP-1640,Demo EMP-1640,Research & Development,Research Scientist,MLOps,Intermediate,0,True
EMP-1640,Demo EMP-1640,Research & Development,Research Scientist,Machine Learning,Beginner,1,True
EMP-1641,Demo EMP-1641,Research & Development,Manufacturing Director,RAG,Beginner,3,True
EMP-1641,Demo EMP-1641,Research & Development,Manufacturing Director,Python,Beginner,2,True
EMP-1641,Demo EMP-1641,Research & Development,Manufacturing Director,AWS,Intermediate,1,True
EMP-1641,Demo EMP-1641,Research & Development,Manufacturing Director,LLMs,Advanced,5,True
EMP-1642,Demo EMP-1642,Human Resources,Human Resources,Excel,Beginner,0,True
EMP-1642,Demo EMP-1642,Human Resources,Human Resources,Data Analysis,Intermediate,5,True
EMP-1642,Demo EMP-1642,Human Resources,Human Resources,Communication,Advanced,2,True
EMP-1642,Demo EMP-1642,Human Resources,Human Resources,Project Management,Beginner,1,True
EMP-1644,Demo EMP-1644,Research & Development,Manager,RAG,Intermediate,3,True
EMP-1644,Demo EMP-1644,Research & Development,Manager,Docker,Beginner,3,True
EMP-1644,Demo EMP-1644,Research & Development,Manager,Machine Learning,Intermediate,4,True
EMP-1644,Demo EMP-1644,Research & Development,Manager,Python,Advanced,1,True
EMP-1645,Demo EMP-1645,Sales,Sales Executive,Excel,Intermediate,5,True
EMP-1645,Demo EMP-1645,Sales,Sales Executive,Data Analysis,Intermediate,1,True
EMP-1645,Demo EMP-1645,Sales,Sales Executive,SQL,Intermediate,2,True
EMP-1645,Demo EMP-1645,Sales,Sales Executive,Communication,Advanced,0,True
EMP-1646,Demo EMP-1646,Research & Development,Research Scientist,MLOps,Advanced,2,True
EMP-1646,Demo EMP-1646,Research & Development,Research Scientist,Python,Beginner,5,True
EMP-1646,Demo EMP-1646,Research & Development,Research Scientist,Machine Learning,Intermediate,4,True
EMP-1646,Demo EMP-1646,Research & Development,Research Scientist,Docker,Advanced,1,True
EMP-1647,Demo EMP-1647,Research & Development,Research Scientist,Machine Learning,Intermediate,0,True
EMP-1647,Demo EMP-1647,Research & Development,Research Scientist,SQL,Intermediate,2,True
EMP-1647,Demo EMP-1647,Research & Development,Research Scientist,MLOps,Beginner,4,True
EMP-1647,Demo EMP-1647,Research & Development,Research Scientist,AWS,Intermediate,2,True
EMP-1648,Demo EMP-1648,Research & Development,Research Scientist,Laboratory Methods,Intermediate,2,True
EMP-1648,Demo EMP-1648,Research & Development,Research Scientist,SQL,Advanced,0,True
EMP-1648,Demo EMP-1648,Research & Development,Research Scientist,RAG,Intermediate,3,True
EMP-1648,Demo EMP-1648,Research & Development,Research Scientist,Research,Beginner,0,True
EMP-1649,Demo EMP-1649,Research & Development,Laboratory Technician,SQL,Beginner,5,True
EMP-1649,Demo EMP-1649,Research & Development,Laboratory Technician,PyTorch,Beginner,4,True
EMP-1649,Demo EMP-1649,Research & Development,Laboratory Technician,MLOps,Beginner,3,True
EMP-1649,Demo EMP-1649,Research & Development,Laboratory Technician,RAG,Advanced,1,True
EMP-1650,Demo EMP-1650,Sales,Sales Executive,CRM,Intermediate,5,True
EMP-1650,Demo EMP-1650,Sales,Sales Executive,SQL,Beginner,4,True
EMP-1650,Demo EMP-1650,Sales,Sales Executive,Communication,Beginner,1,True
EMP-1650,Demo EMP-1650,Sales,Sales Executive,Data Analysis,Intermediate,0,True
EMP-1651,Demo EMP-1651,Research & Development,Healthcare Representative,RAG,Beginner,1,True
EMP-1651,Demo EMP-1651,Research & Development,Healthcare Representative,Python,Intermediate,0,True
EMP-1651,Demo EMP-1651,Research & Development,Healthcare Representative,Docker,Beginner,2,True
EMP-1651,Demo EMP-1651,Research & Development,Healthcare Representative,SQL,Beginner,0,True
EMP-1653,Demo EMP-1653,Research & Development,Manufacturing Director,AWS,Advanced,5,True
EMP-1653,Demo EMP-1653,Research & Development,Manufacturing Director,Docker,Beginner,1,True
EMP-1653,Demo EMP-1653,Research & Development,Manufacturing Director,Machine Learning,Beginner,1,True
EMP-1653,Demo EMP-1653,Research & Development,Manufacturing Director,LLMs,Intermediate,1,True
EMP-1654,Demo EMP-1654,Research & Development,Manufacturing Director,Machine Learning,Beginner,0,True
EMP-1654,Demo EMP-1654,Research & Development,Manufacturing Director,MLOps,Intermediate,5,True
EMP-1654,Demo EMP-1654,Research & Development,Manufacturing Director,Laboratory Methods,Intermediate,3,True
EMP-1654,Demo EMP-1654,Research & Development,Manufacturing Director,Docker,Intermediate,0,True
EMP-1655,Demo EMP-1655,Research & Development,Research Director,Laboratory Methods,Intermediate,3,True
EMP-1655,Demo EMP-1655,Research & Development,Research Director,MLOps,Intermediate,1,True
EMP-1655,Demo EMP-1655,Research & Development,Research Director,AWS,Intermediate,5,True
EMP-1655,Demo EMP-1655,Research & Development,Research Director,Research,Beginner,5,True
EMP-1656,Demo EMP-1656,Research & Development,Research Director,Docker,Intermediate,1,True
EMP-1656,Demo EMP-1656,Research & Development,Research Director,Python,Intermediate,5,True
EMP-1656,Demo EMP-1656,Research & Development,Research Director,RAG,Beginner,3,True
EMP-1656,Demo EMP-1656,Research & Development,Research Director,Machine Learning,Intermediate,2,True
EMP-1657,Demo EMP-1657,Sales,Sales Representative,SQL,Intermediate,3,True
EMP-1657,Demo EMP-1657,Sales,Sales Representative,CRM,Beginner,1,True
EMP-1657,Demo EMP-1657,Sales,Sales Representative,Communication,Beginner,1,True
EMP-1657,Demo EMP-1657,Sales,Sales Representative,Sales,Beginner,5,True
EMP-1658,Demo EMP-1658,Research & Development,Research Scientist,SQL,Beginner,2,True
EMP-1658,Demo EMP-1658,Research & Development,Research Scientist,LLMs,Intermediate,0,True
EMP-1658,Demo EMP-1658,Research & Development,Research Scientist,Research,Intermediate,4,True
EMP-1658,Demo EMP-1658,Research & Development,Research Scientist,Laboratory Methods,Beginner,4,True
EMP-1659,Demo EMP-1659,Research & Development,Laboratory Technician,LLMs,Beginner,0,True
EMP-1659,Demo EMP-1659,Research & Development,Laboratory Technician,Research,Beginner,2,True
EMP-1659,Demo EMP-1659,Research & Development,Laboratory Technician,Machine Learning,Intermediate,5,True
EMP-1659,Demo EMP-1659,Research & Development,Laboratory Technician,AWS,Intermediate,4,True
EMP-1661,Demo EMP-1661,Research & Development,Healthcare Representative,RAG,Intermediate,0,True
EMP-1661,Demo EMP-1661,Research & Development,Healthcare Representative,Docker,Beginner,0,True
EMP-1661,Demo EMP-1661,Research & Development,Healthcare Representative,Research,Beginner,5,True
EMP-1661,Demo EMP-1661,Research & Development,Healthcare Representative,PyTorch,Intermediate,4,True
EMP-1662,Demo EMP-1662,Research & Development,Manufacturing Director,PyTorch,Advanced,0,True
EMP-1662,Demo EMP-1662,Research & Development,Manufacturing Director,Python,Intermediate,1,True
EMP-1662,Demo EMP-1662,Research & Development,Manufacturing Director,Machine Learning,Intermediate,3,True
EMP-1662,Demo EMP-1662,Research & Development,Manufacturing Director,Docker,Intermediate,4,True
EMP-1664,Demo EMP-1664,Research & Development,Healthcare Representative,AWS,Intermediate,2,True
EMP-1664,Demo EMP-1664,Research & Development,Healthcare Representative,LLMs,Advanced,3,True
EMP-1664,Demo EMP-1664,Research & Development,Healthcare Representative,SQL,Intermediate,5,True
EMP-1664,Demo EMP-1664,Research & Development,Healthcare Representative,Research,Intermediate,1,True
EMP-1665,Demo EMP-1665,Research & Development,Manager,LLMs,Beginner,4,True
EMP-1665,Demo EMP-1665,Research & Development,Manager,RAG,Beginner,4,True
EMP-1665,Demo EMP-1665,Research & Development,Manager,Machine Learning,Beginner,2,True
EMP-1665,Demo EMP-1665,Research & Development,Manager,Laboratory Methods,Beginner,5,True
EMP-1666,Demo EMP-1666,Research & Development,Research Director,Machine Learning,Advanced,2,True
EMP-1666,Demo EMP-1666,Research & Development,Research Director,Research,Beginner,3,True
EMP-1666,Demo EMP-1666,Research & Development,Research Director,RAG,Beginner,2,True
EMP-1666,Demo EMP-1666,Research & Development,Research Director,Python,Intermediate,0,True
EMP-1667,Demo EMP-1667,Sales,Sales Executive,Sales,Intermediate,1,True
EMP-1667,Demo EMP-1667,Sales,Sales Executive,Data Analysis,Advanced,0,True
EMP-1667,Demo EMP-1667,Sales,Sales Executive,CRM,Beginner,1,True
EMP-1667,Demo EMP-1667,Sales,Sales Executive,Excel,Intermediate,4,True
EMP-1668,Demo EMP-1668,Research & Development,Research Scientist,Machine Learning,Beginner,1,True
EMP-1668,Demo EMP-1668,Research & Development,Research Scientist,SQL,Intermediate,3,True
EMP-1668,Demo EMP-1668,Research & Development,Research Scientist,Laboratory Methods,Beginner,4,True
EMP-1668,Demo EMP-1668,Research & Development,Research Scientist,RAG,Beginner,5,True
EMP-1669,Demo EMP-1669,Sales,Sales Executive,Data Analysis,Advanced,1,True
EMP-1669,Demo EMP-1669,Sales,Sales Executive,CRM,Intermediate,5,True
EMP-1669,Demo EMP-1669,Sales,Sales Executive,SQL,Intermediate,0,True
EMP-1669,Demo EMP-1669,Sales,Sales Executive,Communication,Intermediate,3,True
EMP-1670,Demo EMP-1670,Sales,Sales Executive,Excel,Intermediate,1,True
EMP-1670,Demo EMP-1670,Sales,Sales Executive,SQL,Advanced,3,True
EMP-1670,Demo EMP-1670,Sales,Sales Executive,Data Analysis,Advanced,4,True
EMP-1670,Demo EMP-1670,Sales,Sales Executive,Communication,Intermediate,5,True
EMP-1671,Demo EMP-1671,Research & Development,Research Scientist,Machine Learning,Beginner,0,True
EMP-1671,Demo EMP-1671,Research & Development,Research Scientist,LLMs,Intermediate,0,True
EMP-1671,Demo EMP-1671,Research & Development,Research Scientist,RAG,Intermediate,3,True
EMP-1671,Demo EMP-1671,Research & Development,Research Scientist,Research,Beginner,5,True
EMP-1673,Demo EMP-1673,Sales,Sales Executive,Communication,Intermediate,4,True
EMP-1673,Demo EMP-1673,Sales,Sales Executive,CRM,Intermediate,1,True
EMP-1673,Demo EMP-1673,Sales,Sales Executive,Sales,Intermediate,5,True
EMP-1673,Demo EMP-1673,Sales,Sales Executive,SQL,Advanced,3,True
EMP-1674,Demo EMP-1674,Research & Development,Laboratory Technician,SQL,Advanced,0,True
EMP-1674,Demo EMP-1674,Research & Development,Laboratory Technician,PyTorch,Advanced,5,True
EMP-1674,Demo EMP-1674,Research & Development,Laboratory Technician,Laboratory Methods,Advanced,3,True
EMP-1674,Demo EMP-1674,Research & Development,Laboratory Technician,LLMs,Intermediate,5,True
EMP-1675,Demo EMP-1675,Research & Development,Laboratory Technician,SQL,Intermediate,3,True
EMP-1675,Demo EMP-1675,Research & Development,Laboratory Technician,Laboratory Methods,Beginner,3,True
EMP-1675,Demo EMP-1675,Research & Development,Laboratory Technician,Docker,Intermediate,1,True
EMP-1675,Demo EMP-1675,Research & Development,Laboratory Technician,PyTorch,Intermediate,1,True
EMP-1676,Demo EMP-1676,Sales,Manager,CRM,Beginner,4,True
EMP-1676,Demo EMP-1676,Sales,Manager,Sales,Intermediate,1,True
EMP-1676,Demo EMP-1676,Sales,Manager,SQL,Beginner,5,True
EMP-1676,Demo EMP-1676,Sales,Manager,Data Analysis,Intermediate,4,True
EMP-1677,Demo EMP-1677,Research & Development,Manager,Research,Intermediate,2,True
EMP-1677,Demo EMP-1677,Research & Development,Manager,Python,Beginner,5,True
EMP-1677,Demo EMP-1677,Research & Development,Manager,SQL,Beginner,5,True
EMP-1677,Demo EMP-1677,Research & Development,Manager,PyTorch,Intermediate,4,True
EMP-1678,Demo EMP-1678,Sales,Sales Executive,CRM,Beginner,5,True
EMP-1678,Demo EMP-1678,Sales,Sales Executive,Sales,Advanced,2,True
EMP-1678,Demo EMP-1678,Sales,Sales Executive,Communication,Advanced,3,True
EMP-1678,Demo EMP-1678,Sales,Sales Executive,SQL,Beginner,4,True
EMP-1680,Demo EMP-1680,Sales,Sales Representative,SQL,Beginner,0,True
EMP-1680,Demo EMP-1680,Sales,Sales Representative,CRM,Intermediate,5,True
EMP-1680,Demo EMP-1680,Sales,Sales Representative,Sales,Intermediate,0,True
EMP-1680,Demo EMP-1680,Sales,Sales Representative,Communication,Intermediate,1,True
EMP-1681,Demo EMP-1681,Sales,Sales Executive,Excel,Beginner,2,True
EMP-1681,Demo EMP-1681,Sales,Sales Executive,CRM,Beginner,4,True
EMP-1681,Demo EMP-1681,Sales,Sales Executive,Communication,Beginner,4,True
EMP-1681,Demo EMP-1681,Sales,Sales Executive,Sales,Beginner,4,True
EMP-1682,Demo EMP-1682,Research & Development,Healthcare Representative,PyTorch,Advanced,3,True
EMP-1682,Demo EMP-1682,Research & Development,Healthcare Representative,Machine Learning,Advanced,4,True
EMP-1682,Demo EMP-1682,Research & Development,Healthcare Representative,AWS,Intermediate,2,True
EMP-1682,Demo EMP-1682,Research & Development,Healthcare Representative,RAG,Advanced,0,True
EMP-1683,Demo EMP-1683,Human Resources,Human Resources,Project Management,Intermediate,1,True
EMP-1683,Demo EMP-1683,Human Resources,Human Resources,Data Analysis,Intermediate,2,True
EMP-1683,Demo EMP-1683,Human Resources,Human Resources,Communication,Intermediate,4,True
EMP-1683,Demo EMP-1683,Human Resources,Human Resources,SQL,Intermediate,0,True
EMP-1684,Demo EMP-1684,Research & Development,Laboratory Technician,Laboratory Methods,Intermediate,0,True
EMP-1684,Demo EMP-1684,Research & Development,Laboratory Technician,Python,Intermediate,5,True
EMP-1684,Demo EMP-1684,Research & Development,Laboratory Technician,Machine Learning,Intermediate,3,True
EMP-1684,Demo EMP-1684,Research & Development,Laboratory Technician,SQL,Advanced,3,True
EMP-1687,Demo EMP-1687,Research & Development,Laboratory Technician,Laboratory Methods,Beginner,3,True
EMP-1687,Demo EMP-1687,Research & Development,Laboratory Technician,AWS,Beginner,2,True
EMP-1687,Demo EMP-1687,Research & Development,Laboratory Technician,PyTorch,Advanced,4,True
EMP-1687,Demo EMP-1687,Research & Development,Laboratory Technician,MLOps,Beginner,1,True
EMP-1689,Demo EMP-1689,Research & Development,Healthcare Representative,Docker,Intermediate,0,True
EMP-1689,Demo EMP-1689,Research & Development,Healthcare Representative,AWS,Intermediate,5,True
EMP-1689,Demo EMP-1689,Research & Development,Healthcare Representative,Research,Intermediate,2,True
EMP-1689,Demo EMP-1689,Research & Development,Healthcare Representative,Python,Beginner,2,True
EMP-1691,Demo EMP-1691,Sales,Sales Representative,Communication,Beginner,1,True
EMP-1691,Demo EMP-1691,Sales,Sales Representative,Data Analysis,Beginner,2,True
EMP-1691,Demo EMP-1691,Sales,Sales Representative,Sales,Beginner,1,True
EMP-1691,Demo EMP-1691,Sales,Sales Representative,SQL,Intermediate,5,True
EMP-1692,Demo EMP-1692,Research & Development,Laboratory Technician,Machine Learning,Advanced,4,True
EMP-1692,Demo EMP-1692,Research & Development,Laboratory Technician,LLMs,Beginner,2,True
EMP-1692,Demo EMP-1692,Research & Development,Laboratory Technician,PyTorch,Intermediate,2,True
EMP-1692,Demo EMP-1692,Research & Development,Laboratory Technician,Docker,Beginner,0,True
EMP-1693,Demo EMP-1693,Research & Development,Laboratory Technician,Python,Intermediate,2,True
EMP-1693,Demo EMP-1693,Research & Development,Laboratory Technician,Research,Intermediate,3,True
EMP-1693,Demo EMP-1693,Research & Development,Laboratory Technician,RAG,Advanced,1,True
EMP-1693,Demo EMP-1693,Research & Development,Laboratory Technician,Laboratory Methods,Intermediate,5,True
EMP-1694,Demo EMP-1694,Research & Development,Research Scientist,Laboratory Methods,Intermediate,4,True
EMP-1694,Demo EMP-1694,Research & Development,Research Scientist,Docker,Beginner,2,True
EMP-1694,Demo EMP-1694,Research & Development,Research Scientist,PyTorch,Beginner,1,True
EMP-1694,Demo EMP-1694,Research & Development,Research Scientist,Machine Learning,Beginner,0,True
EMP-1696,Demo EMP-1696,Research & Development,Laboratory Technician,Docker,Intermediate,5,True
EMP-1696,Demo EMP-1696,Research & Development,Laboratory Technician,SQL,Intermediate,2,True
EMP-1696,Demo EMP-1696,Research & Development,Laboratory Technician,Research,Intermediate,0,True
EMP-1696,Demo EMP-1696,Research & Development,Laboratory Technician,Laboratory Methods,Beginner,4,True
EMP-1697,Demo EMP-1697,Research & Development,Healthcare Representative,Laboratory Methods,Intermediate,5,True
EMP-1697,Demo EMP-1697,Research & Development,Healthcare Representative,RAG,Beginner,0,True
EMP-1697,Demo EMP-1697,Research & Development,Healthcare Representative,Python,Beginner,5,True
EMP-1697,Demo EMP-1697,Research & Development,Healthcare Representative,Research,Intermediate,1,True
EMP-1698,Demo EMP-1698,Research & Development,Laboratory Technician,Python,Intermediate,3,True
EMP-1698,Demo EMP-1698,Research & Development,Laboratory Technician,Docker,Intermediate,4,True
EMP-1698,Demo EMP-1698,Research & Development,Laboratory Technician,Laboratory Methods,Intermediate,3,True
EMP-1698,Demo EMP-1698,Research & Development,Laboratory Technician,PyTorch,Intermediate,4,True
EMP-1700,Demo EMP-1700,Sales,Sales Executive,CRM,Advanced,3,True
EMP-1700,Demo EMP-1700,Sales,Sales Executive,Excel,Beginner,1,True
EMP-1700,Demo EMP-1700,Sales,Sales Executive,Communication,Advanced,5,True
EMP-1700,Demo EMP-1700,Sales,Sales Executive,Sales,Beginner,3,True
EMP-1701,Demo EMP-1701,Research & Development,Research Scientist,MLOps,Beginner,2,True
EMP-1701,Demo EMP-1701,Research & Development,Research Scientist,PyTorch,Intermediate,0,True
EMP-1701,Demo EMP-1701,Research & Development,Research Scientist,Docker,Beginner,2,True
EMP-1701,Demo EMP-1701,Research & Development,Research Scientist,Machine Learning,Advanced,3,True
EMP-1702,Demo EMP-1702,Sales,Sales Representative,Excel,Intermediate,5,True
EMP-1702,Demo EMP-1702,Sales,Sales Representative,Sales,Intermediate,4,True
EMP-1702,Demo EMP-1702,Sales,Sales Representative,Data Analysis,Intermediate,4,True
EMP-1702,Demo EMP-1702,Sales,Sales Representative,Communication,Beginner,0,True
EMP-1703,Demo EMP-1703,Research & Development,Healthcare Representative,Python,Beginner,2,True
EMP-1703,Demo EMP-1703,Research & Development,Healthcare Representative,SQL,Intermediate,3,True
EMP-1703,Demo EMP-1703,Research & Development,Healthcare Representative,Docker,Advanced,4,True
EMP-1703,Demo EMP-1703,Research & Development,Healthcare Representative,AWS,Beginner,2,True
EMP-1704,Demo EMP-1704,Research & Development,Research Scientist,PyTorch,Intermediate,3,True
EMP-1704,Demo EMP-1704,Research & Development,Research Scientist,MLOps,Beginner,2,True
EMP-1704,Demo EMP-1704,Research & Development,Research Scientist,AWS,Intermediate,2,True
EMP-1704,Demo EMP-1704,Research & Development,Research Scientist,Docker,Advanced,0,True
EMP-1706,Demo EMP-1706,Sales,Sales Executive,CRM,Beginner,2,True
EMP-1706,Demo EMP-1706,Sales,Sales Executive,Excel,Advanced,1,True
EMP-1706,Demo EMP-1706,Sales,Sales Executive,Data Analysis,Intermediate,4,True
EMP-1706,Demo EMP-1706,Sales,Sales Executive,Sales,Advanced,4,True
EMP-1707,Demo EMP-1707,Research & Development,Research Scientist,Laboratory Methods,Intermediate,4,True
EMP-1707,Demo EMP-1707,Research & Development,Research Scientist,Research,Intermediate,2,True
EMP-1707,Demo EMP-1707,Research & Development,Research Scientist,SQL,Intermediate,4,True
EMP-1707,Demo EMP-1707,Research & Development,Research Scientist,RAG,Advanced,3,True
EMP-1708,Demo EMP-1708,Sales,Sales Executive,CRM,Beginner,4,True
EMP-1708,Demo EMP-1708,Sales,Sales Executive,SQL,Intermediate,5,True
EMP-1708,Demo EMP-1708,Sales,Sales Executive,Data Analysis,Intermediate,1,True
EMP-1708,Demo EMP-1708,Sales,Sales Executive,Sales,Intermediate,1,True
EMP-1709,Demo EMP-1709,Research & Development,Laboratory Technician,Research,Advanced,0,True
EMP-1709,Demo EMP-1709,Research & Development,Laboratory Technician,PyTorch,Intermediate,5,True
EMP-1709,Demo EMP-1709,Research & Development,Laboratory Technician,MLOps,Beginner,5,True
EMP-1709,Demo EMP-1709,Research & Development,Laboratory Technician,AWS,Beginner,0,True
EMP-1710,Demo EMP-1710,Sales,Sales Representative,Excel,Intermediate,4,True
EMP-1710,Demo EMP-1710,Sales,Sales Representative,Communication,Beginner,5,True
EMP-1710,Demo EMP-1710,Sales,Sales Representative,Data Analysis,Intermediate,2,True
EMP-1710,Demo EMP-1710,Sales,Sales Representative,CRM,Intermediate,4,True
EMP-1712,Demo EMP-1712,Research & Development,Healthcare Representative,SQL,Advanced,3,True
EMP-1712,Demo EMP-1712,Research & Development,Healthcare Representative,Research,Beginner,1,True
EMP-1712,Demo EMP-1712,Research & Development,Healthcare Representative,AWS,Intermediate,0,True
EMP-1712,Demo EMP-1712,Research & Development,Healthcare Representative,Python,Beginner,2,True
EMP-1714,Demo EMP-1714,Human Resources,Human Resources,Data Analysis,Intermediate,1,True
EMP-1714,Demo EMP-1714,Human Resources,Human Resources,Excel,Advanced,2,True
EMP-1714,Demo EMP-1714,Human Resources,Human Resources,SQL,Intermediate,0,True
EMP-1714,Demo EMP-1714,Human Resources,Human Resources,Project Management,Beginner,5,True
EMP-1716,Demo EMP-1716,Sales,Sales Executive,CRM,Intermediate,5,True
EMP-1716,Demo EMP-1716,Sales,Sales Executive,Sales,Advanced,4,True
EMP-1716,Demo EMP-1716,Sales,Sales Executive,Excel,Intermediate,2,True
EMP-1716,Demo EMP-1716,Sales,Sales Executive,Communication,Advanced,1,True
EMP-1718,Demo EMP-1718,Research & Development,Laboratory Technician,Machine Learning,Beginner,3,True
EMP-1718,Demo EMP-1718,Research & Development,Laboratory Technician,SQL,Beginner,0,True
EMP-1718,Demo EMP-1718,Research & Development,Laboratory Technician,MLOps,Intermediate,2,True
EMP-1718,Demo EMP-1718,Research & Development,Laboratory Technician,PyTorch,Intermediate,2,True
EMP-1719,Demo EMP-1719,Research & Development,Research Director,LLMs,Beginner,0,True
EMP-1719,Demo EMP-1719,Research & Development,Research Director,Laboratory Methods,Intermediate,2,True
EMP-1719,Demo EMP-1719,Research & Development,Research Director,SQL,Intermediate,1,True
EMP-1719,Demo EMP-1719,Research & Development,Research Director,PyTorch,Intermediate,1,True
EMP-1720,Demo EMP-1720,Research & Development,Research Scientist,PyTorch,Intermediate,2,True
EMP-1720,Demo EMP-1720,Research & Development,Research Scientist,Research,Intermediate,1,True
EMP-1720,Demo EMP-1720,Research & Development,Research Scientist,Laboratory Methods,Beginner,3,True
EMP-1720,Demo EMP-1720,Research & Development,Research Scientist,AWS,Intermediate,5,True
EMP-1721,Demo EMP-1721,Research & Development,Laboratory Technician,MLOps,Intermediate,0,True
EMP-1721,Demo EMP-1721,Research & Development,Laboratory Technician,Docker,Intermediate,2,True
EMP-1721,Demo EMP-1721,Research & Development,Laboratory Technician,RAG,Intermediate,1,True
EMP-1721,Demo EMP-1721,Research & Development,Laboratory Technician,Machine Learning,Intermediate,4,True
EMP-1722,Demo EMP-1722,Human Resources,Human Resources,Communication,Intermediate,4,True
EMP-1722,Demo EMP-1722,Human Resources,Human Resources,Data Analysis,Intermediate,0,True
EMP-1722,Demo EMP-1722,Human Resources,Human Resources,SQL,Intermediate,2,True
EMP-1722,Demo EMP-1722,Human Resources,Human Resources,Project Management,Beginner,3,True
EMP-1724,Demo EMP-1724,Research & Development,Manufacturing Director,Machine Learning,Intermediate,5,True
EMP-1724,Demo EMP-1724,Research & Development,Manufacturing Director,PyTorch,Intermediate,2,True
EMP-1724,Demo EMP-1724,Research & Development,Manufacturing Director,SQL,Advanced,5,True
EMP-1724,Demo EMP-1724,Research & Development,Manufacturing Director,Research,Advanced,5,True
EMP-1725,Demo EMP-1725,Research & Development,Laboratory Technician,Research,Intermediate,3,True
EMP-1725,Demo EMP-1725,Research & Development,Laboratory Technician,Laboratory Methods,Beginner,0,True
EMP-1725,Demo EMP-1725,Research & Development,Laboratory Technician,Machine Learning,Beginner,4,True
EMP-1725,Demo EMP-1725,Research & Development,Laboratory Technician,MLOps,Beginner,1,True
EMP-1727,Demo EMP-1727,Research & Development,Healthcare Representative,Machine Learning,Advanced,1,True
EMP-1727,Demo EMP-1727,Research & Development,Healthcare Representative,RAG,Intermediate,4,True
EMP-1727,Demo EMP-1727,Research & Development,Healthcare Representative,Research,Intermediate,4,True
EMP-1727,Demo EMP-1727,Research & Development,Healthcare Representative,AWS,Intermediate,1,True
EMP-1728,Demo EMP-1728,Research & Development,Manufacturing Director,RAG,Intermediate,0,True
EMP-1728,Demo EMP-1728,Research & Development,Manufacturing Director,MLOps,Intermediate,0,True
EMP-1728,Demo EMP-1728,Research & Development,Manufacturing Director,SQL,Beginner,3,True
EMP-1728,Demo EMP-1728,Research & Development,Manufacturing Director,Python,Beginner,3,True
EMP-1729,Demo EMP-1729,Research & Development,Research Scientist,Docker,Intermediate,1,True
EMP-1729,Demo EMP-1729,Research & Development,Research Scientist,Machine Learning,Advanced,3,True
EMP-1729,Demo EMP-1729,Research & Development,Research Scientist,AWS,Beginner,0,True
EMP-1729,Demo EMP-1729,Research & Development,Research Scientist,Laboratory Methods,Intermediate,3,True
EMP-1731,Demo EMP-1731,Sales,Sales Executive,Excel,Intermediate,2,True
EMP-1731,Demo EMP-1731,Sales,Sales Executive,CRM,Intermediate,0,True
EMP-1731,Demo EMP-1731,Sales,Sales Executive,Sales,Advanced,1,True
EMP-1731,Demo EMP-1731,Sales,Sales Executive,Communication,Intermediate,1,True
EMP-1732,Demo EMP-1732,Sales,Sales Executive,Excel,Advanced,0,True
EMP-1732,Demo EMP-1732,Sales,Sales Executive,SQL,Intermediate,4,True
EMP-1732,Demo EMP-1732,Sales,Sales Executive,Sales,Intermediate,0,True
EMP-1732,Demo EMP-1732,Sales,Sales Executive,CRM,Intermediate,3,True
EMP-1733,Demo EMP-1733,Sales,Sales Executive,Data Analysis,Beginner,5,True
EMP-1733,Demo EMP-1733,Sales,Sales Executive,Excel,Beginner,3,True
EMP-1733,Demo EMP-1733,Sales,Sales Executive,SQL,Intermediate,1,True
EMP-1733,Demo EMP-1733,Sales,Sales Executive,CRM,Advanced,0,True
EMP-1734,Demo EMP-1734,Sales,Sales Executive,Sales,Intermediate,2,True
EMP-1734,Demo EMP-1734,Sales,Sales Executive,Communication,Intermediate,5,True
EMP-1734,Demo EMP-1734,Sales,Sales Executive,Excel,Beginner,1,True
EMP-1734,Demo EMP-1734,Sales,Sales Executive,SQL,Intermediate,3,True
EMP-1735,Demo EMP-1735,Research & Development,Laboratory Technician,RAG,Beginner,5,True
EMP-1735,Demo EMP-1735,Research & Development,Laboratory Technician,Laboratory Methods,Intermediate,0,True
EMP-1735,Demo EMP-1735,Research & Development,Laboratory Technician,MLOps,Beginner,4,True
EMP-1735,Demo EMP-1735,Research & Development,Laboratory Technician,Python,Beginner,4,True
EMP-1736,Demo EMP-1736,Research & Development,Manufacturing Director,PyTorch,Beginner,3,True
EMP-1736,Demo EMP-1736,Research & Development,Manufacturing Director,RAG,Beginner,0,True
EMP-1736,Demo EMP-1736,Research & Development,Manufacturing Director,LLMs,Intermediate,4,True
EMP-1736,Demo EMP-1736,Research & Development,Manufacturing Director,SQL,Advanced,2,True
EMP-1737,Demo EMP-1737,Research & Development,Laboratory Technician,Laboratory Methods,Intermediate,4,True
EMP-1737,Demo EMP-1737,Research & Development,Laboratory Technician,Docker,Beginner,0,True
EMP-1737,Demo EMP-1737,Research & Development,Laboratory Technician,Python,Intermediate,3,True
EMP-1737,Demo EMP-1737,Research & Development,Laboratory Technician,LLMs,Intermediate,0,True
EMP-1739,Demo EMP-1739,Sales,Sales Executive,Sales,Beginner,0,True
EMP-1739,Demo EMP-1739,Sales,Sales Executive,CRM,Intermediate,4,True
EMP-1739,Demo EMP-1739,Sales,Sales Executive,Communication,Intermediate,0,True
EMP-1739,Demo EMP-1739,Sales,Sales Executive,SQL,Beginner,2,True
EMP-1740,Demo EMP-1740,Sales,Manager,CRM,Intermediate,4,True
EMP-1740,Demo EMP-1740,Sales,Manager,Excel,Intermediate,1,True
EMP-1740,Demo EMP-1740,Sales,Manager,SQL,Intermediate,4,True
EMP-1740,Demo EMP-1740,Sales,Manager,Data Analysis,Intermediate,4,True
EMP-1744,Demo EMP-1744,Human Resources,Human Resources,Project Management,Advanced,0,True
EMP-1744,Demo EMP-1744,Human Resources,Human Resources,Excel,Intermediate,5,True
EMP-1744,Demo EMP-1744,Human Resources,Human Resources,Data Analysis,Intermediate,1,True
EMP-1744,Demo EMP-1744,Human Resources,Human Resources,SQL,Beginner,3,True
EMP-1745,Demo EMP-1745,Research & Development,Research Scientist,Python,Intermediate,1,True
EMP-1745,Demo EMP-1745,Research & Development,Research Scientist,RAG,Intermediate,0,True
EMP-1745,Demo EMP-1745,Research & Development,Research Scientist,Laboratory Methods,Beginner,4,True
EMP-1745,Demo EMP-1745,Research & Development,Research Scientist,MLOps,Intermediate,4,True
EMP-1746,Demo EMP-1746,Human Resources,Human Resources,Project Management,Beginner,5,True
EMP-1746,Demo EMP-1746,Human Resources,Human Resources,Data Analysis,Intermediate,3,True
EMP-1746,Demo EMP-1746,Human Resources,Human Resources,SQL,Beginner,3,True
EMP-1746,Demo EMP-1746,Human Resources,Human Resources,Excel,Intermediate,5,True
EMP-1747,Demo EMP-1747,Human Resources,Human Resources,Excel,Advanced,5,True
EMP-1747,Demo EMP-1747,Human Resources,Human Resources,Project Management,Intermediate,3,True
EMP-1747,Demo EMP-1747,Human Resources,Human Resources,Communication,Intermediate,3,True
EMP-1747,Demo EMP-1747,Human Resources,Human Resources,Data Analysis,Intermediate,4,True
EMP-1749,Demo EMP-1749,Sales,Sales Executive,Data Analysis,Beginner,1,True
EMP-1749,Demo EMP-1749,Sales,Sales Executive,Communication,Intermediate,1,True
EMP-1749,Demo EMP-1749,Sales,Sales Executive,CRM,Advanced,1,True
EMP-1749,Demo EMP-1749,Sales,Sales Executive,Excel,Intermediate,1,True
EMP-1751,Demo EMP-1751,Research & Development,Research Scientist,Docker,Advanced,3,True
EMP-1751,Demo EMP-1751,Research & Development,Research Scientist,RAG,Advanced,0,True
EMP-1751,Demo EMP-1751,Research & Development,Research Scientist,Research,Advanced,5,True
EMP-1751,Demo EMP-1751,Research & Development,Research Scientist,Machine Learning,Intermediate,4,True
EMP-1752,Demo EMP-1752,Sales,Sales Representative,SQL,Beginner,5,True
EMP-1752,Demo EMP-1752,Sales,Sales Representative,CRM,Intermediate,0,True
EMP-1752,Demo EMP-1752,Sales,Sales Representative,Data Analysis,Intermediate,2,True
EMP-1752,Demo EMP-1752,Sales,Sales Representative,Communication,Intermediate,0,True
EMP-1753,Demo EMP-1753,Research & Development,Healthcare Representative,PyTorch,Intermediate,0,True
EMP-1753,Demo EMP-1753,Research & Development,Healthcare Representative,AWS,Intermediate,4,True
EMP-1753,Demo EMP-1753,Research & Development,Healthcare Representative,Research,Intermediate,4,True
EMP-1753,Demo EMP-1753,Research & Development,Healthcare Representative,RAG,Advanced,4,True
EMP-1754,Demo EMP-1754,Sales,Sales Executive,SQL,Intermediate,0,True
EMP-1754,Demo EMP-1754,Sales,Sales Executive,Sales,Intermediate,0,True
EMP-1754,Demo EMP-1754,Sales,Sales Executive,CRM,Beginner,2,True
EMP-1754,Demo EMP-1754,Sales,Sales Executive,Data Analysis,Intermediate,3,True
EMP-1755,Demo EMP-1755,Research & Development,Research Scientist,MLOps,Intermediate,1,True
EMP-1755,Demo EMP-1755,Research & Development,Research Scientist,Docker,Advanced,3,True
EMP-1755,Demo EMP-1755,Research & Development,Research Scientist,SQL,Intermediate,0,True
EMP-1755,Demo EMP-1755,Research & Development,Research Scientist,Python,Intermediate,1,True
EMP-1756,Demo EMP-1756,Sales,Sales Executive,Excel,Advanced,0,True
EMP-1756,Demo EMP-1756,Sales,Sales Executive,SQL,Intermediate,2,True
EMP-1756,Demo EMP-1756,Sales,Sales Executive,Sales,Advanced,1,True
EMP-1756,Demo EMP-1756,Sales,Sales Executive,CRM,Advanced,5,True
EMP-1757,Demo EMP-1757,Sales,Sales Executive,Sales,Intermediate,4,True
EMP-1757,Demo EMP-1757,Sales,Sales Executive,CRM,Advanced,3,True
EMP-1757,Demo EMP-1757,Sales,Sales Executive,Communication,Intermediate,2,True
EMP-1757,Demo EMP-1757,Sales,Sales Executive,Data Analysis,Intermediate,5,True
EMP-1758,Demo EMP-1758,Sales,Sales Executive,SQL,Intermediate,2,True
EMP-1758,Demo EMP-1758,Sales,Sales Executive,Communication,Intermediate,4,True
EMP-1758,Demo EMP-1758,Sales,Sales Executive,Data Analysis,Advanced,2,True
EMP-1758,Demo EMP-1758,Sales,Sales Executive,Excel,Intermediate,4,True
EMP-1760,Demo EMP-1760,Research & Development,Laboratory Technician,SQL,Advanced,3,True
EMP-1760,Demo EMP-1760,Research & Development,Laboratory Technician,RAG,Advanced,2,True
EMP-1760,Demo EMP-1760,Research & Development,Laboratory Technician,Laboratory Methods,Intermediate,2,True
EMP-1760,Demo EMP-1760,Research & Development,Laboratory Technician,Docker,Intermediate,3,True
EMP-1761,Demo EMP-1761,Sales,Sales Executive,SQL,Intermediate,2,True
EMP-1761,Demo EMP-1761,Sales,Sales Executive,Data Analysis,Intermediate,0,True
EMP-1761,Demo EMP-1761,Sales,Sales Executive,Excel,Intermediate,3,True
EMP-1761,Demo EMP-1761,Sales,Sales Executive,CRM,Advanced,2,True
EMP-1762,Demo EMP-1762,Research & Development,Research Scientist,Python,Intermediate,5,True
EMP-1762,Demo EMP-1762,Research & Development,Research Scientist,MLOps,Intermediate,0,True
EMP-1762,Demo EMP-1762,Research & Development,Research Scientist,Laboratory Methods,Intermediate,0,True
EMP-1762,Demo EMP-1762,Research & Development,Research Scientist,PyTorch,Beginner,0,True
EMP-1763,Demo EMP-1763,Research & Development,Healthcare Representative,AWS,Beginner,2,True
EMP-1763,Demo EMP-1763,Research & Development,Healthcare Representative,PyTorch,Intermediate,0,True
EMP-1763,Demo EMP-1763,Research & Development,Healthcare Representative,SQL,Beginner,5,True
EMP-1763,Demo EMP-1763,Research & Development,Healthcare Representative,Python,Intermediate,3,True
EMP-1764,Demo EMP-1764,Research & Development,Research Scientist,AWS,Beginner,1,True
EMP-1764,Demo EMP-1764,Research & Development,Research Scientist,Docker,Beginner,1,True
EMP-1764,Demo EMP-1764,Research & Development,Research Scientist,Machine Learning,Intermediate,0,True
EMP-1764,Demo EMP-1764,Research & Development,Research Scientist,MLOps,Beginner,3,True
EMP-1766,Demo EMP-1766,Research & Development,Healthcare Representative,LLMs,Beginner,2,True
EMP-1766,Demo EMP-1766,Research & Development,Healthcare Representative,Machine Learning,Intermediate,1,True
EMP-1766,Demo EMP-1766,Research & Development,Healthcare Representative,Docker,Beginner,3,True
EMP-1766,Demo EMP-1766,Research & Development,Healthcare Representative,MLOps,Advanced,1,True
EMP-1767,Demo EMP-1767,Research & Development,Research Scientist,Research,Intermediate,5,True
EMP-1767,Demo EMP-1767,Research & Development,Research Scientist,Docker,Beginner,2,True
EMP-1767,Demo EMP-1767,Research & Development,Research Scientist,MLOps,Beginner,4,True
EMP-1767,Demo EMP-1767,Research & Development,Research Scientist,AWS,Intermediate,2,True
EMP-1768,Demo EMP-1768,Research & Development,Laboratory Technician,Research,Beginner,1,True
EMP-1768,Demo EMP-1768,Research & Development,Laboratory Technician,Docker,Beginner,5,True
EMP-1768,Demo EMP-1768,Research & Development,Laboratory Technician,PyTorch,Beginner,3,True
EMP-1768,Demo EMP-1768,Research & Development,Laboratory Technician,Laboratory Methods,Advanced,1,True
EMP-1770,Demo EMP-1770,Research & Development,Research Director,Docker,Advanced,0,True
EMP-1770,Demo EMP-1770,Research & Development,Research Director,Python,Beginner,3,True
EMP-1770,Demo EMP-1770,Research & Development,Research Director,LLMs,Beginner,2,True
EMP-1770,Demo EMP-1770,Research & Development,Research Director,Laboratory Methods,Advanced,0,True
EMP-1771,Demo EMP-1771,Research & Development,Research Scientist,RAG,Intermediate,3,True
EMP-1771,Demo EMP-1771,Research & Development,Research Scientist,Research,Beginner,1,True
EMP-1771,Demo EMP-1771,Research & Development,Research Scientist,LLMs,Intermediate,3,True
EMP-1771,Demo EMP-1771,Research & Development,Research Scientist,MLOps,Advanced,3,True
EMP-1772,Demo EMP-1772,Research & Development,Laboratory Technician,SQL,Intermediate,1,True
EMP-1772,Demo EMP-1772,Research & Development,Laboratory Technician,LLMs,Intermediate,0,True
EMP-1772,Demo EMP-1772,Research & Development,Laboratory Technician,RAG,Intermediate,0,True
EMP-1772,Demo EMP-1772,Research & Development,Laboratory Technician,PyTorch,Advanced,2,True
EMP-1774,Demo EMP-1774,Sales,Sales Executive,CRM,Beginner,4,True
EMP-1774,Demo EMP-1774,Sales,Sales Executive,SQL,Advanced,4,True
EMP-1774,Demo EMP-1774,Sales,Sales Executive,Data Analysis,Beginner,3,True
EMP-1774,Demo EMP-1774,Sales,Sales Executive,Excel,Intermediate,0,True
EMP-1775,Demo EMP-1775,Research & Development,Manufacturing Director,PyTorch,Intermediate,4,True
EMP-1775,Demo EMP-1775,Research & Development,Manufacturing Director,RAG,Beginner,1,True
EMP-1775,Demo EMP-1775,Research & Development,Manufacturing Director,LLMs,Intermediate,0,True
EMP-1775,Demo EMP-1775,Research & Development,Manufacturing Director,MLOps,Advanced,4,True
EMP-1778,Demo EMP-1778,Human Resources,Human Resources,Excel,Intermediate,0,True
EMP-1778,Demo EMP-1778,Human Resources,Human Resources,Communication,Intermediate,0,True
EMP-1778,Demo EMP-1778,Human Resources,Human Resources,Data Analysis,Intermediate,2,True
EMP-1778,Demo EMP-1778,Human Resources,Human Resources,SQL,Intermediate,4,True
EMP-1779,Demo EMP-1779,Sales,Sales Executive,CRM,Intermediate,0,True
EMP-1779,Demo EMP-1779,Sales,Sales Executive,Sales,Intermediate,4,True
EMP-1779,Demo EMP-1779,Sales,Sales Executive,Communication,Intermediate,0,True
EMP-1779,Demo EMP-1779,Sales,Sales Executive,Excel,Beginner,0,True
EMP-1780,Demo EMP-1780,Sales,Sales Representative,Data Analysis,Beginner,3,True
EMP-1780,Demo EMP-1780,Sales,Sales Representative,Communication,Advanced,2,True
EMP-1780,Demo EMP-1780,Sales,Sales Representative,CRM,Advanced,1,True
EMP-1780,Demo EMP-1780,Sales,Sales Representative,SQL,Intermediate,1,True
EMP-1782,Demo EMP-1782,Research & Development,Laboratory Technician,AWS,Beginner,0,True
EMP-1782,Demo EMP-1782,Research & Development,Laboratory Technician,SQL,Intermediate,0,True
EMP-1782,Demo EMP-1782,Research & Development,Laboratory Technician,MLOps,Beginner,3,True
EMP-1782,Demo EMP-1782,Research & Development,Laboratory Technician,Docker,Beginner,1,True
EMP-1783,Demo EMP-1783,Research & Development,Laboratory Technician,RAG,Beginner,0,True
EMP-1783,Demo EMP-1783,Research & Development,Laboratory Technician,PyTorch,Intermediate,5,True
EMP-1783,Demo EMP-1783,Research & Development,Laboratory Technician,Machine Learning,Beginner,5,True
EMP-1783,Demo EMP-1783,Research & Development,Laboratory Technician,AWS,Intermediate,2,True
EMP-1784,Demo EMP-1784,Sales,Sales Executive,Sales,Beginner,4,True
EMP-1784,Demo EMP-1784,Sales,Sales Executive,CRM,Intermediate,0,True
EMP-1784,Demo EMP-1784,Sales,Sales Executive,Excel,Intermediate,0,True
EMP-1784,Demo EMP-1784,Sales,Sales Executive,SQL,Intermediate,4,True
EMP-1786,Demo EMP-1786,Research & Development,Manager,Machine Learning,Intermediate,1,True
EMP-1786,Demo EMP-1786,Research & Development,Manager,LLMs,Beginner,4,True
EMP-1786,Demo EMP-1786,Research & Development,Manager,Research,Intermediate,3,True
EMP-1786,Demo EMP-1786,Research & Development,Manager,SQL,Intermediate,2,True
EMP-1787,Demo EMP-1787,Sales,Sales Executive,Communication,Beginner,4,True
EMP-1787,Demo EMP-1787,Sales,Sales Executive,Sales,Intermediate,5,True
EMP-1787,Demo EMP-1787,Sales,Sales Executive,Data Analysis,Advanced,0,True
EMP-1787,Demo EMP-1787,Sales,Sales Executive,SQL,Intermediate,0,True
EMP-1789,Demo EMP-1789,Research & Development,Research Director,PyTorch,Intermediate,4,True
EMP-1789,Demo EMP-1789,Research & Development,Research Director,RAG,Intermediate,2,True
EMP-1789,Demo EMP-1789,Research & Development,Research Director,SQL,Advanced,4,True
EMP-1789,Demo EMP-1789,Research & Development,Research Director,Python,Intermediate,4,True
EMP-1790,Demo EMP-1790,Research & Development,Healthcare Representative,Laboratory Methods,Beginner,2,True
EMP-1790,Demo EMP-1790,Research & Development,Healthcare Representative,LLMs,Intermediate,4,True
EMP-1790,Demo EMP-1790,Research & Development,Healthcare Representative,Research,Beginner,4,True
EMP-1790,Demo EMP-1790,Research & Development,Healthcare Representative,RAG,Intermediate,3,True
EMP-1792,Demo EMP-1792,Research & Development,Research Scientist,Python,Intermediate,3,True
EMP-1792,Demo EMP-1792,Research & Development,Research Scientist,AWS,Advanced,0,True
EMP-1792,Demo EMP-1792,Research & Development,Research Scientist,RAG,Intermediate,3,True
EMP-1792,Demo EMP-1792,Research & Development,Research Scientist,SQL,Advanced,0,True
EMP-1794,Demo EMP-1794,Human Resources,Human Resources,Data Analysis,Beginner,4,True
EMP-1794,Demo EMP-1794,Human Resources,Human Resources,Project Management,Beginner,0,True
EMP-1794,Demo EMP-1794,Human Resources,Human Resources,Excel,Advanced,2,True
EMP-1794,Demo EMP-1794,Human Resources,Human Resources,SQL,Beginner,1,True
EMP-1797,Demo EMP-1797,Sales,Sales Executive,Sales,Intermediate,1,True
EMP-1797,Demo EMP-1797,Sales,Sales Executive,Excel,Intermediate,5,True
EMP-1797,Demo EMP-1797,Sales,Sales Executive,CRM,Intermediate,0,True
EMP-1797,Demo EMP-1797,Sales,Sales Executive,Data Analysis,Intermediate,5,True
EMP-1798,Demo EMP-1798,Research & Development,Research Scientist,Research,Intermediate,5,True
EMP-1798,Demo EMP-1798,Research & Development,Research Scientist,PyTorch,Intermediate,5,True
EMP-1798,Demo EMP-1798,Research & Development,Research Scientist,Machine Learning,Beginner,2,True
EMP-1798,Demo EMP-1798,Research & Development,Research Scientist,RAG,Beginner,0,True
EMP-1799,Demo EMP-1799,Research & Development,Research Scientist,Machine Learning,Beginner,4,True
EMP-1799,Demo EMP-1799,Research & Development,Research Scientist,LLMs,Beginner,2,True
EMP-1799,Demo EMP-1799,Research & Development,Research Scientist,SQL,Beginner,3,True
EMP-1799,Demo EMP-1799,Research & Development,Research Scientist,Laboratory Methods,Beginner,0,True
EMP-1800,Demo EMP-1800,Research & Development,Research Director,AWS,Intermediate,4,True
EMP-1800,Demo EMP-1800,Research & Development,Research Director,RAG,Advanced,1,True
EMP-1800,Demo EMP-1800,Research & Development,Research Director,Research,Intermediate,3,True
EMP-1800,Demo EMP-1800,Research & Development,Research Director,Docker,Intermediate,0,True
EMP-1801,Demo EMP-1801,Sales,Sales Executive,Excel,Beginner,0,True
EMP-1801,Demo EMP-1801,Sales,Sales Executive,CRM,Advanced,4,True
EMP-1801,Demo EMP-1801,Sales,Sales Executive,Data Analysis,Intermediate,0,True
EMP-1801,Demo EMP-1801,Sales,Sales Executive,Sales,Intermediate,0,True
EMP-1802,Demo EMP-1802,Research & Development,Laboratory Technician,AWS,Intermediate,4,True
EMP-1802,Demo EMP-1802,Research & Development,Laboratory Technician,PyTorch,Intermediate,0,True
EMP-1802,Demo EMP-1802,Research & Development,Laboratory Technician,Laboratory Methods,Beginner,4,True
EMP-1802,Demo EMP-1802,Research & Development,Laboratory Technician,Research,Beginner,2,True
EMP-1803,Demo EMP-1803,Research & Development,Healthcare Representative,Python,Intermediate,4,True
EMP-1803,Demo EMP-1803,Research & Development,Healthcare Representative,LLMs,Beginner,5,True
EMP-1803,Demo EMP-1803,Research & Development,Healthcare Representative,Docker,Beginner,1,True
EMP-1803,Demo EMP-1803,Research & Development,Healthcare Representative,PyTorch,Advanced,5,True
EMP-1804,Demo EMP-1804,Research & Development,Manufacturing Director,Docker,Intermediate,4,True
EMP-1804,Demo EMP-1804,Research & Development,Manufacturing Director,Machine Learning,Beginner,0,True
EMP-1804,Demo EMP-1804,Research & Development,Manufacturing Director,MLOps,Advanced,3,True
EMP-1804,Demo EMP-1804,Research & Development,Manufacturing Director,Research,Advanced,2,True
EMP-1805,Demo EMP-1805,Human Resources,Human Resources,Communication,Intermediate,3,True
EMP-1805,Demo EMP-1805,Human Resources,Human Resources,SQL,Beginner,0,True
EMP-1805,Demo EMP-1805,Human Resources,Human Resources,Excel,Intermediate,5,True
EMP-1805,Demo EMP-1805,Human Resources,Human Resources,Project Management,Beginner,0,True
EMP-1807,Demo EMP-1807,Research & Development,Laboratory Technician,MLOps,Intermediate,1,True
EMP-1807,Demo EMP-1807,Research & Development,Laboratory Technician,AWS,Intermediate,3,True
EMP-1807,Demo EMP-1807,Research & Development,Laboratory Technician,PyTorch,Intermediate,2,True
EMP-1807,Demo EMP-1807,Research & Development,Laboratory Technician,Research,Beginner,2,True
EMP-1809,Demo EMP-1809,Research & Development,Manufacturing Director,MLOps,Beginner,0,True
EMP-1809,Demo EMP-1809,Research & Development,Manufacturing Director,LLMs,Advanced,0,True
EMP-1809,Demo EMP-1809,Research & Development,Manufacturing Director,Machine Learning,Beginner,5,True
EMP-1809,Demo EMP-1809,Research & Development,Manufacturing Director,SQL,Beginner,1,True
EMP-1812,Demo EMP-1812,Sales,Sales Executive,CRM,Intermediate,3,True
EMP-1812,Demo EMP-1812,Sales,Sales Executive,Communication,Intermediate,4,True
EMP-1812,Demo EMP-1812,Sales,Sales Executive,Data Analysis,Advanced,0,True
EMP-1812,Demo EMP-1812,Sales,Sales Executive,Excel,Advanced,3,True
EMP-1813,Demo EMP-1813,Research & Development,Research Scientist,Docker,Intermediate,0,True
EMP-1813,Demo EMP-1813,Research & Development,Research Scientist,LLMs,Intermediate,5,True
EMP-1813,Demo EMP-1813,Research & Development,Research Scientist,SQL,Intermediate,0,True
EMP-1813,Demo EMP-1813,Research & Development,Research Scientist,Machine Learning,Beginner,4,True
EMP-1814,Demo EMP-1814,Research & Development,Healthcare Representative,Research,Beginner,5,True
EMP-1814,Demo EMP-1814,Research & Development,Healthcare Representative,MLOps,Beginner,2,True
EMP-1814,Demo EMP-1814,Research & Development,Healthcare Representative,SQL,Beginner,0,True
EMP-1814,Demo EMP-1814,Research & Development,Healthcare Representative,LLMs,Intermediate,5,True
EMP-1815,Demo EMP-1815,Sales,Sales Executive,SQL,Intermediate,0,True
EMP-1815,Demo EMP-1815,Sales,Sales Executive,Communication,Intermediate,5,True
EMP-1815,Demo EMP-1815,Sales,Sales Executive,Excel,Intermediate,2,True
EMP-1815,Demo EMP-1815,Sales,Sales Executive,Data Analysis,Intermediate,5,True
EMP-1816,Demo EMP-1816,Research & Development,Manufacturing Director,Machine Learning,Advanced,2,True
EMP-1816,Demo EMP-1816,Research & Development,Manufacturing Director,SQL,Intermediate,0,True
EMP-1816,Demo EMP-1816,Research & Development,Manufacturing Director,LLMs,Advanced,2,True
EMP-1816,Demo EMP-1816,Research & Development,Manufacturing Director,Python,Intermediate,2,True
EMP-1818,Demo EMP-1818,Human Resources,Human Resources,SQL,Beginner,1,True
EMP-1818,Demo EMP-1818,Human Resources,Human Resources,Excel,Beginner,3,True
EMP-1818,Demo EMP-1818,Human Resources,Human Resources,Data Analysis,Beginner,4,True
EMP-1818,Demo EMP-1818,Human Resources,Human Resources,Project Management,Beginner,3,True
EMP-1821,Demo EMP-1821,Research & Development,Healthcare Representative,LLMs,Intermediate,0,True
EMP-1821,Demo EMP-1821,Research & Development,Healthcare Representative,PyTorch,Beginner,5,True
EMP-1821,Demo EMP-1821,Research & Development,Healthcare Representative,MLOps,Intermediate,3,True
EMP-1821,Demo EMP-1821,Research & Development,Healthcare Representative,Machine Learning,Intermediate,5,True
EMP-1822,Demo EMP-1822,Research & Development,Healthcare Representative,Docker,Advanced,3,True
EMP-1822,Demo EMP-1822,Research & Development,Healthcare Representative,Laboratory Methods,Beginner,2,True
EMP-1822,Demo EMP-1822,Research & Development,Healthcare Representative,MLOps,Beginner,3,True
EMP-1822,Demo EMP-1822,Research & Development,Healthcare Representative,PyTorch,Beginner,5,True
EMP-1823,Demo EMP-1823,Sales,Sales Executive,Communication,Beginner,3,True
EMP-1823,Demo EMP-1823,Sales,Sales Executive,Data Analysis,Intermediate,2,True
EMP-1823,Demo EMP-1823,Sales,Sales Executive,SQL,Beginner,5,True
EMP-1823,Demo EMP-1823,Sales,Sales Executive,Excel,Advanced,1,True
EMP-1824,Demo EMP-1824,Sales,Manager,Sales,Intermediate,3,True
EMP-1824,Demo EMP-1824,Sales,Manager,CRM,Advanced,5,True
EMP-1824,Demo EMP-1824,Sales,Manager,Excel,Advanced,4,True
EMP-1824,Demo EMP-1824,Sales,Manager,Data Analysis,Intermediate,1,True
EMP-1826,Demo EMP-1826,Research & Development,Laboratory Technician,Laboratory Methods,Beginner,0,True
EMP-1826,Demo EMP-1826,Research & Development,Laboratory Technician,Machine Learning,Beginner,1,True
EMP-1826,Demo EMP-1826,Research & Development,Laboratory Technician,RAG,Beginner,1,True
EMP-1826,Demo EMP-1826,Research & Development,Laboratory Technician,Research,Advanced,1,True
EMP-1827,Demo EMP-1827,Research & Development,Manufacturing Director,RAG,Intermediate,5,True
EMP-1827,Demo EMP-1827,Research & Development,Manufacturing Director,Machine Learning,Intermediate,1,True
EMP-1827,Demo EMP-1827,Research & Development,Manufacturing Director,Docker,Intermediate,2,True
EMP-1827,Demo EMP-1827,Research & Development,Manufacturing Director,Python,Intermediate,1,True
EMP-1829,Demo EMP-1829,Research & Development,Healthcare Representative,AWS,Intermediate,3,True
EMP-1829,Demo EMP-1829,Research & Development,Healthcare Representative,LLMs,Beginner,2,True
EMP-1829,Demo EMP-1829,Research & Development,Healthcare Representative,Docker,Intermediate,0,True
EMP-1829,Demo EMP-1829,Research & Development,Healthcare Representative,Laboratory Methods,Beginner,3,True
EMP-1830,Demo EMP-1830,Research & Development,Research Scientist,Machine Learning,Intermediate,1,True
EMP-1830,Demo EMP-1830,Research & Development,Research Scientist,MLOps,Intermediate,3,True
EMP-1830,Demo EMP-1830,Research & Development,Research Scientist,AWS,Advanced,5,True
EMP-1830,Demo EMP-1830,Research & Development,Research Scientist,Python,Intermediate,4,True
EMP-1833,Demo EMP-1833,Sales,Sales Executive,Excel,Intermediate,4,True
EMP-1833,Demo EMP-1833,Sales,Sales Executive,SQL,Advanced,5,True
EMP-1833,Demo EMP-1833,Sales,Sales Executive,Sales,Intermediate,5,True
EMP-1833,Demo EMP-1833,Sales,Sales Executive,Data Analysis,Advanced,3,True
EMP-1834,Demo EMP-1834,Research & Development,Research Scientist,Laboratory Methods,Beginner,2,True
EMP-1834,Demo EMP-1834,Research & Development,Research Scientist,MLOps,Intermediate,1,True
EMP-1834,Demo EMP-1834,Research & Development,Research Scientist,AWS,Beginner,5,True
EMP-1834,Demo EMP-1834,Research & Development,Research Scientist,Python,Beginner,1,True
EMP-1835,Demo EMP-1835,Sales,Sales Representative,Excel,Beginner,2,True
EMP-1835,Demo EMP-1835,Sales,Sales Representative,Communication,Advanced,0,True
EMP-1835,Demo EMP-1835,Sales,Sales Representative,CRM,Advanced,0,True
EMP-1835,Demo EMP-1835,Sales,Sales Representative,SQL,Intermediate,0,True
EMP-1836,Demo EMP-1836,Sales,Sales Executive,Data Analysis,Intermediate,4,True
EMP-1836,Demo EMP-1836,Sales,Sales Executive,SQL,Intermediate,5,True
EMP-1836,Demo EMP-1836,Sales,Sales Executive,Sales,Intermediate,4,True
EMP-1836,Demo EMP-1836,Sales,Sales Executive,CRM,Intermediate,1,True
EMP-1837,Demo EMP-1837,Research & Development,Research Director,Docker,Intermediate,4,True
EMP-1837,Demo EMP-1837,Research & Development,Research Director,PyTorch,Beginner,2,True
EMP-1837,Demo EMP-1837,Research & Development,Research Director,MLOps,Intermediate,5,True
EMP-1837,Demo EMP-1837,Research & Development,Research Director,SQL,Intermediate,4,True
EMP-1839,Demo EMP-1839,Research & Development,Research Scientist,AWS,Intermediate,3,True
EMP-1839,Demo EMP-1839,Research & Development,Research Scientist,SQL,Advanced,0,True
EMP-1839,Demo EMP-1839,Research & Development,Research Scientist,Laboratory Methods,Intermediate,5,True
EMP-1839,Demo EMP-1839,Research & Development,Research Scientist,RAG,Beginner,0,True
EMP-1842,Demo EMP-1842,Human Resources,Human Resources,SQL,Beginner,0,True
EMP-1842,Demo EMP-1842,Human Resources,Human Resources,Data Analysis,Beginner,0,True
EMP-1842,Demo EMP-1842,Human Resources,Human Resources,Communication,Beginner,4,True
EMP-1842,Demo EMP-1842,Human Resources,Human Resources,Project Management,Beginner,4,True
EMP-1844,Demo EMP-1844,Human Resources,Human Resources,Excel,Intermediate,4,True
EMP-1844,Demo EMP-1844,Human Resources,Human Resources,SQL,Intermediate,5,True
EMP-1844,Demo EMP-1844,Human Resources,Human Resources,Communication,Advanced,5,True
EMP-1844,Demo EMP-1844,Human Resources,Human Resources,Project Management,Beginner,3,True
EMP-1845,Demo EMP-1845,Sales,Sales Executive,Excel,Intermediate,1,True
EMP-1845,Demo EMP-1845,Sales,Sales Executive,Data Analysis,Advanced,5,True
EMP-1845,Demo EMP-1845,Sales,Sales Executive,SQL,Beginner,1,True
EMP-1845,Demo EMP-1845,Sales,Sales Executive,Communication,Beginner,3,True
EMP-1847,Demo EMP-1847,Research & Development,Research Scientist,Research,Intermediate,2,True
EMP-1847,Demo EMP-1847,Research & Development,Research Scientist,AWS,Beginner,2,True
EMP-1847,Demo EMP-1847,Research & Development,Research Scientist,PyTorch,Beginner,5,True
EMP-1847,Demo EMP-1847,Research & Development,Research Scientist,Laboratory Methods,Beginner,4,True
EMP-1849,Demo EMP-1849,Sales,Sales Executive,Excel,Intermediate,0,True
EMP-1849,Demo EMP-1849,Sales,Sales Executive,Communication,Intermediate,1,True
EMP-1849,Demo EMP-1849,Sales,Sales Executive,SQL,Intermediate,5,True
EMP-1849,Demo EMP-1849,Sales,Sales Executive,Sales,Beginner,5,True
EMP-1850,Demo EMP-1850,Research & Development,Laboratory Technician,SQL,Intermediate,5,True
EMP-1850,Demo EMP-1850,Research & Development,Laboratory Technician,Research,Intermediate,3,True
EMP-1850,Demo EMP-1850,Research & Development,Laboratory Technician,RAG,Beginner,1,True
EMP-1850,Demo EMP-1850,Research & Development,Laboratory Technician,Machine Learning,Intermediate,1,True
EMP-1852,Demo EMP-1852,Research & Development,Laboratory Technician,RAG,Beginner,3,True
EMP-1852,Demo EMP-1852,Research & Development,Laboratory Technician,Research,Intermediate,2,True
EMP-1852,Demo EMP-1852,Research & Development,Laboratory Technician,MLOps,Intermediate,0,True
EMP-1852,Demo EMP-1852,Research & Development,Laboratory Technician,LLMs,Beginner,5,True
EMP-1853,Demo EMP-1853,Sales,Sales Executive,CRM,Intermediate,3,True
EMP-1853,Demo EMP-1853,Sales,Sales Executive,Data Analysis,Beginner,5,True
EMP-1853,Demo EMP-1853,Sales,Sales Executive,Sales,Intermediate,1,True
EMP-1853,Demo EMP-1853,Sales,Sales Executive,Excel,Intermediate,5,True
EMP-1854,Demo EMP-1854,Research & Development,Research Scientist,Laboratory Methods,Intermediate,3,True
EMP-1854,Demo EMP-1854,Research & Development,Research Scientist,Machine Learning,Intermediate,2,True
EMP-1854,Demo EMP-1854,Research & Development,Research Scientist,Docker,Beginner,5,True
EMP-1854,Demo EMP-1854,Research & Development,Research Scientist,SQL,Beginner,4,True
EMP-1856,Demo EMP-1856,Research & Development,Laboratory Technician,PyTorch,Intermediate,2,True
EMP-1856,Demo EMP-1856,Research & Development,Laboratory Technician,Python,Intermediate,5,True
EMP-1856,Demo EMP-1856,Research & Development,Laboratory Technician,LLMs,Beginner,1,True
EMP-1856,Demo EMP-1856,Research & Development,Laboratory Technician,AWS,Intermediate,1,True
EMP-1857,Demo EMP-1857,Research & Development,Manufacturing Director,PyTorch,Advanced,4,True
EMP-1857,Demo EMP-1857,Research & Development,Manufacturing Director,LLMs,Intermediate,3,True
EMP-1857,Demo EMP-1857,Research & Development,Manufacturing Director,Research,Intermediate,1,True
EMP-1857,Demo EMP-1857,Research & Development,Manufacturing Director,Machine Learning,Intermediate,2,True
EMP-1858,Demo EMP-1858,Human Resources,Human Resources,Communication,Intermediate,0,True
EMP-1858,Demo EMP-1858,Human Resources,Human Resources,Project Management,Intermediate,1,True
EMP-1858,Demo EMP-1858,Human Resources,Human Resources,Excel,Intermediate,4,True
EMP-1858,Demo EMP-1858,Human Resources,Human Resources,Data Analysis,Advanced,2,True
EMP-1859,Demo EMP-1859,Research & Development,Healthcare Representative,AWS,Intermediate,1,True
EMP-1859,Demo EMP-1859,Research & Development,Healthcare Representative,Python,Intermediate,2,True
EMP-1859,Demo EMP-1859,Research & Development,Healthcare Representative,Machine Learning,Intermediate,3,True
EMP-1859,Demo EMP-1859,Research & Development,Healthcare Representative,LLMs,Beginner,2,True
EMP-1860,Demo EMP-1860,Research & Development,Laboratory Technician,LLMs,Advanced,1,True
EMP-1860,Demo EMP-1860,Research & Development,Laboratory Technician,AWS,Intermediate,4,True
EMP-1860,Demo EMP-1860,Research & Development,Laboratory Technician,PyTorch,Intermediate,4,True
EMP-1860,Demo EMP-1860,Research & Development,Laboratory Technician,Research,Advanced,4,True
EMP-1862,Demo EMP-1862,Sales,Sales Executive,Data Analysis,Advanced,4,True
EMP-1862,Demo EMP-1862,Sales,Sales Executive,Excel,Advanced,4,True
EMP-1862,Demo EMP-1862,Sales,Sales Executive,CRM,Beginner,0,True
EMP-1862,Demo EMP-1862,Sales,Sales Executive,SQL,Intermediate,3,True
EMP-1863,Demo EMP-1863,Sales,Sales Executive,Data Analysis,Intermediate,5,True
EMP-1863,Demo EMP-1863,Sales,Sales Executive,Sales,Beginner,1,True
EMP-1863,Demo EMP-1863,Sales,Sales Executive,CRM,Intermediate,4,True
EMP-1863,Demo EMP-1863,Sales,Sales Executive,SQL,Intermediate,0,True
EMP-1864,Demo EMP-1864,Sales,Sales Representative,Data Analysis,Intermediate,5,True
EMP-1864,Demo EMP-1864,Sales,Sales Representative,Communication,Intermediate,2,True
EMP-1864,Demo EMP-1864,Sales,Sales Representative,Sales,Intermediate,4,True
EMP-1864,Demo EMP-1864,Sales,Sales Representative,Excel,Advanced,4,True
EMP-1865,Demo EMP-1865,Human Resources,Human Resources,SQL,Intermediate,4,True
EMP-1865,Demo EMP-1865,Human Resources,Human Resources,Communication,Intermediate,2,True
EMP-1865,Demo EMP-1865,Human Resources,Human Resources,Data Analysis,Advanced,5,True
EMP-1865,Demo EMP-1865,Human Resources,Human Resources,Project Management,Beginner,2,True
EMP-1866,Demo EMP-1866,Research & Development,Manager,RAG,Intermediate,3,True
EMP-1866,Demo EMP-1866,Research & Development,Manager,LLMs,Intermediate,3,True
EMP-1866,Demo EMP-1866,Research & Development,Manager,Python,Intermediate,3,True
EMP-1866,Demo EMP-1866,Research & Development,Manager,Docker,Beginner,2,True
EMP-1867,Demo EMP-1867,Research & Development,Research Director,Docker,Beginner,5,True
EMP-1867,Demo EMP-1867,Research & Development,Research Director,Research,Beginner,2,True
EMP-1867,Demo EMP-1867,Research & Development,Research Director,AWS,Intermediate,2,True
EMP-1867,Demo EMP-1867,Research & Development,Research Director,PyTorch,Intermediate,0,True
EMP-1868,Demo EMP-1868,Research & Development,Research Scientist,Machine Learning,Advanced,4,True
EMP-1868,Demo EMP-1868,Research & Development,Research Scientist,Laboratory Methods,Beginner,1,True
EMP-1868,Demo EMP-1868,Research & Development,Research Scientist,LLMs,Intermediate,5,True
EMP-1868,Demo EMP-1868,Research & Development,Research Scientist,Python,Intermediate,0,True
EMP-1869,Demo EMP-1869,Sales,Sales Executive,Communication,Intermediate,1,True
EMP-1869,Demo EMP-1869,Sales,Sales Executive,Data Analysis,Advanced,2,True
EMP-1869,Demo EMP-1869,Sales,Sales Executive,Excel,Beginner,3,True
EMP-1869,Demo EMP-1869,Sales,Sales Executive,Sales,Beginner,5,True
EMP-1870,Demo EMP-1870,Research & Development,Research Scientist,LLMs,Intermediate,0,True
EMP-1870,Demo EMP-1870,Research & Development,Research Scientist,Laboratory Methods,Beginner,3,True
EMP-1870,Demo EMP-1870,Research & Development,Research Scientist,PyTorch,Advanced,3,True
EMP-1870,Demo EMP-1870,Research & Development,Research Scientist,Machine Learning,Intermediate,5,True
EMP-1871,Demo EMP-1871,Research & Development,Research Scientist,AWS,Intermediate,0,True
EMP-1871,Demo EMP-1871,Research & Development,Research Scientist,SQL,Beginner,1,True
EMP-1871,Demo EMP-1871,Research & Development,Research Scientist,Research,Intermediate,1,True
EMP-1871,Demo EMP-1871,Research & Development,Research Scientist,Python,Intermediate,1,True
EMP-1873,Demo EMP-1873,Research & Development,Research Scientist,PyTorch,Intermediate,4,True
EMP-1873,Demo EMP-1873,Research & Development,Research Scientist,SQL,Intermediate,5,True
EMP-1873,Demo EMP-1873,Research & Development,Research Scientist,AWS,Intermediate,4,True
EMP-1873,Demo EMP-1873,Research & Development,Research Scientist,Laboratory Methods,Intermediate,2,True
EMP-1875,Demo EMP-1875,Sales,Sales Representative,Communication,Advanced,0,True
EMP-1875,Demo EMP-1875,Sales,Sales Representative,Excel,Beginner,1,True
EMP-1875,Demo EMP-1875,Sales,Sales Representative,Sales,Intermediate,1,True
EMP-1875,Demo EMP-1875,Sales,Sales Representative,SQL,Intermediate,1,True
EMP-1876,Demo EMP-1876,Sales,Sales Representative,CRM,Beginner,0,True
EMP-1876,Demo EMP-1876,Sales,Sales Representative,Data Analysis,Intermediate,5,True
EMP-1876,Demo EMP-1876,Sales,Sales Representative,SQL,Intermediate,4,True
EMP-1876,Demo EMP-1876,Sales,Sales Representative,Sales,Beginner,4,True
EMP-1878,Demo EMP-1878,Research & Development,Research Scientist,MLOps,Beginner,5,True
EMP-1878,Demo EMP-1878,Research & Development,Research Scientist,SQL,Advanced,0,True
EMP-1878,Demo EMP-1878,Research & Development,Research Scientist,Python,Intermediate,2,True
EMP-1878,Demo EMP-1878,Research & Development,Research Scientist,Machine Learning,Intermediate,2,True
EMP-1880,Demo EMP-1880,Sales,Sales Executive,Excel,Intermediate,5,True
EMP-1880,Demo EMP-1880,Sales,Sales Executive,Communication,Advanced,3,True
EMP-1880,Demo EMP-1880,Sales,Sales Executive,Sales,Advanced,1,True
EMP-1880,Demo EMP-1880,Sales,Sales Executive,SQL,Intermediate,4,True
EMP-1881,Demo EMP-1881,Research & Development,Laboratory Technician,MLOps,Intermediate,5,True
EMP-1881,Demo EMP-1881,Research & Development,Laboratory Technician,AWS,Beginner,5,True
EMP-1881,Demo EMP-1881,Research & Development,Laboratory Technician,Laboratory Methods,Advanced,5,True
EMP-1881,Demo EMP-1881,Research & Development,Laboratory Technician,LLMs,Intermediate,2,True
EMP-1882,Demo EMP-1882,Sales,Sales Executive,Data Analysis,Beginner,3,True
EMP-1882,Demo EMP-1882,Sales,Sales Executive,CRM,Advanced,0,True
EMP-1882,Demo EMP-1882,Sales,Sales Executive,Communication,Beginner,4,True
EMP-1882,Demo EMP-1882,Sales,Sales Executive,Sales,Beginner,3,True
EMP-1883,Demo EMP-1883,Research & Development,Laboratory Technician,PyTorch,Intermediate,4,True
EMP-1883,Demo EMP-1883,Research & Development,Laboratory Technician,RAG,Intermediate,4,True
EMP-1883,Demo EMP-1883,Research & Development,Laboratory Technician,LLMs,Beginner,0,True
EMP-1883,Demo EMP-1883,Research & Development,Laboratory Technician,Research,Intermediate,0,True
EMP-1885,Demo EMP-1885,Research & Development,Research Scientist,SQL,Intermediate,1,True
EMP-1885,Demo EMP-1885,Research & Development,Research Scientist,Machine Learning,Beginner,1,True
EMP-1885,Demo EMP-1885,Research & Development,Research Scientist,LLMs,Beginner,2,True
EMP-1885,Demo EMP-1885,Research & Development,Research Scientist,PyTorch,Intermediate,2,True
EMP-1886,Demo EMP-1886,Research & Development,Manufacturing Director,RAG,Intermediate,3,True
EMP-1886,Demo EMP-1886,Research & Development,Manufacturing Director,Python,Intermediate,3,True
EMP-1886,Demo EMP-1886,Research & Development,Manufacturing Director,Machine Learning,Intermediate,3,True
EMP-1886,Demo EMP-1886,Research & Development,Manufacturing Director,Docker,Intermediate,2,True
EMP-1888,Demo EMP-1888,Research & Development,Manufacturing Director,MLOps,Beginner,3,True
EMP-1888,Demo EMP-1888,Research & Development,Manufacturing Director,Laboratory Methods,Intermediate,5,True
EMP-1888,Demo EMP-1888,Research & Development,Manufacturing Director,AWS,Beginner,0,True
EMP-1888,Demo EMP-1888,Research & Development,Manufacturing Director,Docker,Intermediate,4,True
EMP-1890,Demo EMP-1890,Human Resources,Human Resources,Project Management,Advanced,1,True
EMP-1890,Demo EMP-1890,Human Resources,Human Resources,Excel,Beginner,3,True
EMP-1890,Demo EMP-1890,Human Resources,Human Resources,Communication,Beginner,3,True
EMP-1890,Demo EMP-1890,Human Resources,Human Resources,Data Analysis,Beginner,3,True
EMP-1892,Demo EMP-1892,Research & Development,Manager,Machine Learning,Intermediate,1,True
EMP-1892,Demo EMP-1892,Research & Development,Manager,AWS,Intermediate,2,True
EMP-1892,Demo EMP-1892,Research & Development,Manager,Research,Beginner,0,True
EMP-1892,Demo EMP-1892,Research & Development,Manager,Laboratory Methods,Beginner,3,True
EMP-1893,Demo EMP-1893,Research & Development,Research Scientist,AWS,Intermediate,2,True
EMP-1893,Demo EMP-1893,Research & Development,Research Scientist,Machine Learning,Beginner,1,True
EMP-1893,Demo EMP-1893,Research & Development,Research Scientist,Laboratory Methods,Beginner,3,True
EMP-1893,Demo EMP-1893,Research & Development,Research Scientist,Research,Intermediate,3,True
EMP-1898,Demo EMP-1898,Sales,Sales Executive,SQL,Beginner,4,True
EMP-1898,Demo EMP-1898,Sales,Sales Executive,Data Analysis,Intermediate,4,True
EMP-1898,Demo EMP-1898,Sales,Sales Executive,Excel,Beginner,3,True
EMP-1898,Demo EMP-1898,Sales,Sales Executive,Communication,Beginner,5,True
EMP-1900,Demo EMP-1900,Research & Development,Manager,SQL,Intermediate,1,True
EMP-1900,Demo EMP-1900,Research & Development,Manager,Machine Learning,Intermediate,5,True
EMP-1900,Demo EMP-1900,Research & Development,Manager,LLMs,Intermediate,3,True
EMP-1900,Demo EMP-1900,Research & Development,Manager,RAG,Beginner,5,True
EMP-1903,Demo EMP-1903,Research & Development,Healthcare Representative,LLMs,Beginner,4,True
EMP-1903,Demo EMP-1903,Research & Development,Healthcare Representative,RAG,Intermediate,4,True
EMP-1903,Demo EMP-1903,Research & Development,Healthcare Representative,SQL,Advanced,4,True
EMP-1903,Demo EMP-1903,Research & Development,Healthcare Representative,Laboratory Methods,Beginner,1,True
EMP-1905,Demo EMP-1905,Research & Development,Research Scientist,AWS,Beginner,5,True
EMP-1905,Demo EMP-1905,Research & Development,Research Scientist,Machine Learning,Intermediate,4,True
EMP-1905,Demo EMP-1905,Research & Development,Research Scientist,SQL,Intermediate,5,True
EMP-1905,Demo EMP-1905,Research & Development,Research Scientist,Laboratory Methods,Beginner,5,True
EMP-1907,Demo EMP-1907,Research & Development,Laboratory Technician,AWS,Intermediate,1,True
EMP-1907,Demo EMP-1907,Research & Development,Laboratory Technician,SQL,Beginner,2,True
EMP-1907,Demo EMP-1907,Research & Development,Laboratory Technician,Docker,Advanced,1,True
EMP-1907,Demo EMP-1907,Research & Development,Laboratory Technician,Laboratory Methods,Beginner,4,True
EMP-1908,Demo EMP-1908,Sales,Sales Executive,Data Analysis,Intermediate,1,True
EMP-1908,Demo EMP-1908,Sales,Sales Executive,Sales,Intermediate,1,True
EMP-1908,Demo EMP-1908,Sales,Sales Executive,Excel,Intermediate,2,True
EMP-1908,Demo EMP-1908,Sales,Sales Executive,SQL,Intermediate,0,True
EMP-1909,Demo EMP-1909,Sales,Sales Executive,CRM,Intermediate,5,True
EMP-1909,Demo EMP-1909,Sales,Sales Executive,Sales,Beginner,5,True
EMP-1909,Demo EMP-1909,Sales,Sales Executive,Communication,Intermediate,5,True
EMP-1909,Demo EMP-1909,Sales,Sales Executive,Excel,Intermediate,2,True
EMP-1911,Demo EMP-1911,Research & Development,Research Director,Machine Learning,Intermediate,2,True
EMP-1911,Demo EMP-1911,Research & Development,Research Director,SQL,Intermediate,1,True
EMP-1911,Demo EMP-1911,Research & Development,Research Director,Python,Intermediate,2,True
EMP-1911,Demo EMP-1911,Research & Development,Research Director,Docker,Beginner,2,True
EMP-1912,Demo EMP-1912,Sales,Sales Executive,Sales,Advanced,0,True
EMP-1912,Demo EMP-1912,Sales,Sales Executive,Excel,Intermediate,3,True
EMP-1912,Demo EMP-1912,Sales,Sales Executive,Communication,Intermediate,4,True
EMP-1912,Demo EMP-1912,Sales,Sales Executive,Data Analysis,Beginner,1,True
EMP-1915,Demo EMP-1915,Sales,Sales Executive,CRM,Beginner,1,True
EMP-1915,Demo EMP-1915,Sales,Sales Executive,Communication,Intermediate,5,True
EMP-1915,Demo EMP-1915,Sales,Sales Executive,Data Analysis,Advanced,5,True
EMP-1915,Demo EMP-1915,Sales,Sales Executive,Sales,Intermediate,1,True
EMP-1916,Demo EMP-1916,Research & Development,Laboratory Technician,LLMs,Advanced,1,True
EMP-1916,Demo EMP-1916,Research & Development,Laboratory Technician,Research,Beginner,5,True
EMP-1916,Demo EMP-1916,Research & Development,Laboratory Technician,MLOps,Beginner,3,True
EMP-1916,Demo EMP-1916,Research & Development,Laboratory Technician,SQL,Beginner,3,True
EMP-1918,Demo EMP-1918,Research & Development,Laboratory Technician,Research,Intermediate,0,True
EMP-1918,Demo EMP-1918,Research & Development,Laboratory Technician,RAG,Beginner,5,True
EMP-1918,Demo EMP-1918,Research & Development,Laboratory Technician,AWS,Intermediate,2,True
EMP-1918,Demo EMP-1918,Research & Development,Laboratory Technician,LLMs,Intermediate,1,True
EMP-1922,Demo EMP-1922,Research & Development,Healthcare Representative,Machine Learning,Advanced,3,True
EMP-1922,Demo EMP-1922,Research & Development,Healthcare Representative,MLOps,Intermediate,3,True
EMP-1922,Demo EMP-1922,Research & Development,Healthcare Representative,PyTorch,Beginner,2,True
EMP-1922,Demo EMP-1922,Research & Development,Healthcare Representative,Docker,Intermediate,1,True
EMP-1924,Demo EMP-1924,Sales,Sales Executive,Data Analysis,Beginner,4,True
EMP-1924,Demo EMP-1924,Sales,Sales Executive,Sales,Advanced,3,True
EMP-1924,Demo EMP-1924,Sales,Sales Executive,Communication,Intermediate,0,True
EMP-1924,Demo EMP-1924,Sales,Sales Executive,CRM,Intermediate,1,True
EMP-1927,Demo EMP-1927,Sales,Sales Executive,Data Analysis,Intermediate,3,True
EMP-1927,Demo EMP-1927,Sales,Sales Executive,SQL,Intermediate,5,True
EMP-1927,Demo EMP-1927,Sales,Sales Executive,Communication,Intermediate,2,True
EMP-1927,Demo EMP-1927,Sales,Sales Executive,Excel,Intermediate,1,True
EMP-1928,Demo EMP-1928,Sales,Sales Representative,Communication,Intermediate,0,True
EMP-1928,Demo EMP-1928,Sales,Sales Representative,Sales,Advanced,4,True
EMP-1928,Demo EMP-1928,Sales,Sales Representative,Data Analysis,Beginner,5,True
EMP-1928,Demo EMP-1928,Sales,Sales Representative,CRM,Intermediate,0,True
EMP-1929,Demo EMP-1929,Sales,Sales Executive,Communication,Beginner,1,True
EMP-1929,Demo EMP-1929,Sales,Sales Executive,CRM,Intermediate,5,True
EMP-1929,Demo EMP-1929,Sales,Sales Executive,Sales,Intermediate,3,True
EMP-1929,Demo EMP-1929,Sales,Sales Executive,Excel,Intermediate,0,True
EMP-1931,Demo EMP-1931,Research & Development,Research Scientist,AWS,Intermediate,4,True
EMP-1931,Demo EMP-1931,Research & Development,Research Scientist,MLOps,Intermediate,2,True
EMP-1931,Demo EMP-1931,Research & Development,Research Scientist,Machine Learning,Beginner,1,True
EMP-1931,Demo EMP-1931,Research & Development,Research Scientist,Python,Intermediate,4,True
EMP-1932,Demo EMP-1932,Research & Development,Research Scientist,Docker,Intermediate,3,True
EMP-1932,Demo EMP-1932,Research & Development,Research Scientist,PyTorch,Intermediate,5,True
EMP-1932,Demo EMP-1932,Research & Development,Research Scientist,Machine Learning,Intermediate,4,True
EMP-1932,Demo EMP-1932,Research & Development,Research Scientist,MLOps,Intermediate,5,True
EMP-1933,Demo EMP-1933,Sales,Sales Executive,Excel,Intermediate,4,True
EMP-1933,Demo EMP-1933,Sales,Sales Executive,Communication,Intermediate,2,True
EMP-1933,Demo EMP-1933,Sales,Sales Executive,CRM,Advanced,1,True
EMP-1933,Demo EMP-1933,Sales,Sales Executive,SQL,Beginner,1,True
EMP-1934,Demo EMP-1934,Research & Development,Research Scientist,Docker,Beginner,2,True
EMP-1934,Demo EMP-1934,Research & Development,Research Scientist,MLOps,Advanced,4,True
EMP-1934,Demo EMP-1934,Research & Development,Research Scientist,SQL,Intermediate,2,True
EMP-1934,Demo EMP-1934,Research & Development,Research Scientist,AWS,Beginner,3,True
EMP-1935,Demo EMP-1935,Sales,Sales Executive,SQL,Beginner,5,True
EMP-1935,Demo EMP-1935,Sales,Sales Executive,Data Analysis,Beginner,2,True
EMP-1935,Demo EMP-1935,Sales,Sales Executive,Sales,Intermediate,4,True
EMP-1935,Demo EMP-1935,Sales,Sales Executive,Excel,Beginner,0,True
EMP-1936,Demo EMP-1936,Research & Development,Manufacturing Director,LLMs,Beginner,3,True
EMP-1936,Demo EMP-1936,Research & Development,Manufacturing Director,Python,Advanced,2,True
EMP-1936,Demo EMP-1936,Research & Development,Manufacturing Director,AWS,Intermediate,5,True
EMP-1936,Demo EMP-1936,Research & Development,Manufacturing Director,MLOps,Beginner,5,True
EMP-1937,Demo EMP-1937,Research & Development,Research Scientist,LLMs,Intermediate,4,True
EMP-1937,Demo EMP-1937,Research & Development,Research Scientist,Laboratory Methods,Beginner,5,True
EMP-1937,Demo EMP-1937,Research & Development,Research Scientist,PyTorch,Beginner,1,True
EMP-1937,Demo EMP-1937,Research & Development,Research Scientist,Machine Learning,Beginner,4,True
EMP-1938,Demo EMP-1938,Sales,Manager,SQL,Intermediate,0,True
EMP-1938,Demo EMP-1938,Sales,Manager,Communication,Intermediate,0,True
EMP-1938,Demo EMP-1938,Sales,Manager,Sales,Intermediate,3,True
EMP-1938,Demo EMP-1938,Sales,Manager,CRM,Advanced,1,True
EMP-1939,Demo EMP-1939,Research & Development,Research Scientist,Research,Intermediate,4,True
EMP-1939,Demo EMP-1939,Research & Development,Research Scientist,Laboratory Methods,Beginner,4,True
EMP-1939,Demo EMP-1939,Research & Development,Research Scientist,RAG,Intermediate,0,True
EMP-1939,Demo EMP-1939,Research & Development,Research Scientist,AWS,Beginner,3,True
EMP-1940,Demo EMP-1940,Research & Development,Research Scientist,Laboratory Methods,Intermediate,5,True
EMP-1940,Demo EMP-1940,Research & Development,Research Scientist,RAG,Intermediate,5,True
EMP-1940,Demo EMP-1940,Research & Development,Research Scientist,Machine Learning,Advanced,4,True
EMP-1940,Demo EMP-1940,Research & Development,Research Scientist,LLMs,Intermediate,2,True
EMP-1941,Demo EMP-1941,Research & Development,Research Director,AWS,Intermediate,2,True
EMP-1941,Demo EMP-1941,Research & Development,Research Director,Research,Beginner,2,True
EMP-1941,Demo EMP-1941,Research & Development,Research Director,PyTorch,Advanced,1,True
EMP-1941,Demo EMP-1941,Research & Development,Research Director,Machine Learning,Intermediate,4,True
EMP-1943,Demo EMP-1943,Sales,Sales Executive,CRM,Intermediate,2,True
EMP-1943,Demo EMP-1943,Sales,Sales Executive,Communication,Beginner,3,True
EMP-1943,Demo EMP-1943,Sales,Sales Executive,Data Analysis,Intermediate,1,True
EMP-1943,Demo EMP-1943,Sales,Sales Executive,Excel,Intermediate,5,True
EMP-1944,Demo EMP-1944,Human Resources,Human Resources,Data Analysis,Intermediate,3,True
EMP-1944,Demo EMP-1944,Human Resources,Human Resources,SQL,Advanced,4,True
EMP-1944,Demo EMP-1944,Human Resources,Human Resources,Excel,Intermediate,2,True
EMP-1944,Demo EMP-1944,Human Resources,Human Resources,Project Management,Beginner,4,True
EMP-1945,Demo EMP-1945,Sales,Sales Executive,Data Analysis,Beginner,0,True
EMP-1945,Demo EMP-1945,Sales,Sales Executive,CRM,Advanced,3,True
EMP-1945,Demo EMP-1945,Sales,Sales Executive,Excel,Advanced,3,True
EMP-1945,Demo EMP-1945,Sales,Sales Executive,Sales,Intermediate,5,True
EMP-1947,Demo EMP-1947,Research & Development,Research Scientist,Docker,Advanced,4,True
EMP-1947,Demo EMP-1947,Research & Development,Research Scientist,Research,Beginner,5,True
EMP-1947,Demo EMP-1947,Research & Development,Research Scientist,LLMs,Intermediate,5,True
EMP-1947,Demo EMP-1947,Research & Development,Research Scientist,SQL,Intermediate,3,True
EMP-1948,Demo EMP-1948,Research & Development,Research Scientist,MLOps,Intermediate,2,True
EMP-1948,Demo EMP-1948,Research & Development,Research Scientist,Docker,Beginner,3,True
EMP-1948,Demo EMP-1948,Research & Development,Research Scientist,LLMs,Beginner,5,True
EMP-1948,Demo EMP-1948,Research & Development,Research Scientist,SQL,Beginner,0,True
EMP-1949,Demo EMP-1949,Research & Development,Laboratory Technician,LLMs,Beginner,4,True
EMP-1949,Demo EMP-1949,Research & Development,Laboratory Technician,Machine Learning,Intermediate,4,True
EMP-1949,Demo EMP-1949,Research & Development,Laboratory Technician,PyTorch,Beginner,2,True
EMP-1949,Demo EMP-1949,Research & Development,Laboratory Technician,AWS,Beginner,5,True
EMP-1950,Demo EMP-1950,Sales,Sales Executive,SQL,Intermediate,4,True
EMP-1950,Demo EMP-1950,Sales,Sales Executive,CRM,Intermediate,1,True
EMP-1950,Demo EMP-1950,Sales,Sales Executive,Data Analysis,Advanced,5,True
EMP-1950,Demo EMP-1950,Sales,Sales Executive,Excel,Intermediate,2,True
EMP-1951,Demo EMP-1951,Sales,Sales Executive,SQL,Beginner,2,True
EMP-1951,Demo EMP-1951,Sales,Sales Executive,Data Analysis,Beginner,4,True
EMP-1951,Demo EMP-1951,Sales,Sales Executive,Communication,Beginner,0,True
EMP-1951,Demo EMP-1951,Sales,Sales Executive,CRM,Beginner,3,True
EMP-1952,Demo EMP-1952,Research & Development,Laboratory Technician,LLMs,Beginner,5,True
EMP-1952,Demo EMP-1952,Research & Development,Laboratory Technician,Machine Learning,Advanced,0,True
EMP-1952,Demo EMP-1952,Research & Development,Laboratory Technician,RAG,Beginner,2,True
EMP-1952,Demo EMP-1952,Research & Development,Laboratory Technician,Python,Beginner,0,True
EMP-1954,Demo EMP-1954,Research & Development,Healthcare Representative,Machine Learning,Intermediate,0,True
EMP-1954,Demo EMP-1954,Research & Development,Healthcare Representative,AWS,Beginner,5,True
EMP-1954,Demo EMP-1954,Research & Development,Healthcare Representative,PyTorch,Beginner,0,True
EMP-1954,Demo EMP-1954,Research & Development,Healthcare Representative,RAG,Beginner,3,True
EMP-1955,Demo EMP-1955,Research & Development,Healthcare Representative,Research,Beginner,4,True
EMP-1955,Demo EMP-1955,Research & Development,Healthcare Representative,SQL,Advanced,4,True
EMP-1955,Demo EMP-1955,Research & Development,Healthcare Representative,LLMs,Intermediate,1,True
EMP-1955,Demo EMP-1955,Research & Development,Healthcare Representative,MLOps,Intermediate,4,True
EMP-1956,Demo EMP-1956,Research & Development,Research Scientist,Laboratory Methods,Intermediate,5,True
EMP-1956,Demo EMP-1956,Research & Development,Research Scientist,RAG,Beginner,4,True
EMP-1956,Demo EMP-1956,Research & Development,Research Scientist,AWS,Intermediate,4,True
EMP-1956,Demo EMP-1956,Research & Development,Research Scientist,LLMs,Intermediate,1,True
EMP-1960,Demo EMP-1960,Research & Development,Laboratory Technician,PyTorch,Advanced,3,True
EMP-1960,Demo EMP-1960,Research & Development,Laboratory Technician,Machine Learning,Intermediate,4,True
EMP-1960,Demo EMP-1960,Research & Development,Laboratory Technician,RAG,Intermediate,2,True
EMP-1960,Demo EMP-1960,Research & Development,Laboratory Technician,Laboratory Methods,Intermediate,1,True
EMP-1961,Demo EMP-1961,Sales,Sales Representative,Excel,Intermediate,3,True
EMP-1961,Demo EMP-1961,Sales,Sales Representative,Data Analysis,Intermediate,3,True
EMP-1961,Demo EMP-1961,Sales,Sales Representative,Sales,Intermediate,2,True
EMP-1961,Demo EMP-1961,Sales,Sales Representative,Communication,Beginner,3,True
EMP-1962,Demo EMP-1962,Sales,Sales Executive,Excel,Beginner,3,True
EMP-1962,Demo EMP-1962,Sales,Sales Executive,Sales,Intermediate,4,True
EMP-1962,Demo EMP-1962,Sales,Sales Executive,SQL,Intermediate,2,True
EMP-1962,Demo EMP-1962,Sales,Sales Executive,Communication,Intermediate,2,True
EMP-1965,Demo EMP-1965,Sales,Sales Executive,SQL,Intermediate,1,True
EMP-1965,Demo EMP-1965,Sales,Sales Executive,Communication,Beginner,1,True
EMP-1965,Demo EMP-1965,Sales,Sales Executive,Data Analysis,Beginner,1,True
EMP-1965,Demo EMP-1965,Sales,Sales Executive,CRM,Advanced,1,True
EMP-1966,Demo EMP-1966,Research & Development,Manufacturing Director,SQL,Beginner,5,True
EMP-1966,Demo EMP-1966,Research & Development,Manufacturing Director,Python,Advanced,3,True
EMP-1966,Demo EMP-1966,Research & Development,Manufacturing Director,PyTorch,Intermediate,0,True
EMP-1966,Demo EMP-1966,Research & Development,Manufacturing Director,MLOps,Beginner,3,True
EMP-1967,Demo EMP-1967,Sales,Sales Executive,Sales,Intermediate,2,True
EMP-1967,Demo EMP-1967,Sales,Sales Executive,Communication,Beginner,4,True
EMP-1967,Demo EMP-1967,Sales,Sales Executive,CRM,Advanced,1,True
EMP-1967,Demo EMP-1967,Sales,Sales Executive,Data Analysis,Beginner,2,True
EMP-1968,Demo EMP-1968,Sales,Sales Executive,Sales,Intermediate,3,True
EMP-1968,Demo EMP-1968,Sales,Sales Executive,Communication,Intermediate,0,True
EMP-1968,Demo EMP-1968,Sales,Sales Executive,Excel,Intermediate,2,True
EMP-1968,Demo EMP-1968,Sales,Sales Executive,Data Analysis,Intermediate,3,True
EMP-1969,Demo EMP-1969,Research & Development,Research Scientist,AWS,Advanced,3,True
EMP-1969,Demo EMP-1969,Research & Development,Research Scientist,LLMs,Advanced,3,True
EMP-1969,Demo EMP-1969,Research & Development,Research Scientist,MLOps,Intermediate,2,True
EMP-1969,Demo EMP-1969,Research & Development,Research Scientist,RAG,Intermediate,3,True
EMP-1970,Demo EMP-1970,Research & Development,Healthcare Representative,Research,Intermediate,5,True
EMP-1970,Demo EMP-1970,Research & Development,Healthcare Representative,RAG,Advanced,1,True
EMP-1970,Demo EMP-1970,Research & Development,Healthcare Representative,Python,Intermediate,5,True
EMP-1970,Demo EMP-1970,Research & Development,Healthcare Representative,AWS,Advanced,3,True
EMP-1971,Demo EMP-1971,Research & Development,Healthcare Representative,LLMs,Beginner,5,True
EMP-1971,Demo EMP-1971,Research & Development,Healthcare Representative,PyTorch,Intermediate,1,True
EMP-1971,Demo EMP-1971,Research & Development,Healthcare Representative,Docker,Beginner,4,True
EMP-1971,Demo EMP-1971,Research & Development,Healthcare Representative,Laboratory Methods,Intermediate,3,True
EMP-1972,Demo EMP-1972,Human Resources,Human Resources,Project Management,Intermediate,5,True
EMP-1972,Demo EMP-1972,Human Resources,Human Resources,Communication,Beginner,0,True
EMP-1972,Demo EMP-1972,Human Resources,Human Resources,Data Analysis,Beginner,5,True
EMP-1972,Demo EMP-1972,Human Resources,Human Resources,SQL,Beginner,3,True
EMP-1973,Demo EMP-1973,Human Resources,Manager,SQL,Intermediate,2,True
EMP-1973,Demo EMP-1973,Human Resources,Manager,Excel,Beginner,1,True
EMP-1973,Demo EMP-1973,Human Resources,Manager,Project Management,Intermediate,5,True
EMP-1973,Demo EMP-1973,Human Resources,Manager,Data Analysis,Intermediate,1,True
EMP-1974,Demo EMP-1974,Research & Development,Laboratory Technician,Python,Advanced,4,True
EMP-1974,Demo EMP-1974,Research & Development,Laboratory Technician,Laboratory Methods,Intermediate,0,True
EMP-1974,Demo EMP-1974,Research & Development,Laboratory Technician,RAG,Advanced,3,True
EMP-1974,Demo EMP-1974,Research & Development,Laboratory Technician,Machine Learning,Beginner,5,True
EMP-1975,Demo EMP-1975,Sales,Sales Executive,Data Analysis,Intermediate,1,True
EMP-1975,Demo EMP-1975,Sales,Sales Executive,Sales,Intermediate,1,True
EMP-1975,Demo EMP-1975,Sales,Sales Executive,Excel,Intermediate,5,True
EMP-1975,Demo EMP-1975,Sales,Sales Executive,SQL,Advanced,0,True
EMP-1976,Demo EMP-1976,Research & Development,Research Scientist,Docker,Beginner,0,True
EMP-1976,Demo EMP-1976,Research & Development,Research Scientist,Machine Learning,Beginner,4,True
EMP-1976,Demo EMP-1976,Research & Development,Research Scientist,Python,Advanced,0,True
EMP-1976,Demo EMP-1976,Research & Development,Research Scientist,Research,Advanced,1,True
EMP-1979,Demo EMP-1979,Research & Development,Research Director,Research,Advanced,4,True
EMP-1979,Demo EMP-1979,Research & Development,Research Director,SQL,Intermediate,4,True
EMP-1979,Demo EMP-1979,Research & Development,Research Director,Docker,Advanced,1,True
EMP-1979,Demo EMP-1979,Research & Development,Research Director,Laboratory Methods,Beginner,3,True
EMP-1980,Demo EMP-1980,Research & Development,Manufacturing Director,RAG,Beginner,1,True
EMP-1980,Demo EMP-1980,Research & Development,Manufacturing Director,Research,Intermediate,2,True
EMP-1980,Demo EMP-1980,Research & Development,Manufacturing Director,Machine Learning,Intermediate,5,True
EMP-1980,Demo EMP-1980,Research & Development,Manufacturing Director,Python,Beginner,5,True
EMP-1981,Demo EMP-1981,Research & Development,Healthcare Representative,PyTorch,Beginner,5,True
EMP-1981,Demo EMP-1981,Research & Development,Healthcare Representative,Python,Beginner,3,True
EMP-1981,Demo EMP-1981,Research & Development,Healthcare Representative,Machine Learning,Intermediate,2,True
EMP-1981,Demo EMP-1981,Research & Development,Healthcare Representative,Laboratory Methods,Advanced,5,True
EMP-1982,Demo EMP-1982,Research & Development,Laboratory Technician,SQL,Beginner,5,True
EMP-1982,Demo EMP-1982,Research & Development,Laboratory Technician,AWS,Intermediate,3,True
EMP-1982,Demo EMP-1982,Research & Development,Laboratory Technician,Laboratory Methods,Beginner,1,True
EMP-1982,Demo EMP-1982,Research & Development,Laboratory Technician,Docker,Intermediate,1,True
EMP-1985,Demo EMP-1985,Research & Development,Laboratory Technician,LLMs,Advanced,4,True
EMP-1985,Demo EMP-1985,Research & Development,Laboratory Technician,PyTorch,Advanced,4,True
EMP-1985,Demo EMP-1985,Research & Development,Laboratory Technician,Machine Learning,Intermediate,4,True
EMP-1985,Demo EMP-1985,Research & Development,Laboratory Technician,Research,Beginner,0,True
EMP-1986,Demo EMP-1986,Sales,Sales Executive,Sales,Beginner,3,True
EMP-1986,Demo EMP-1986,Sales,Sales Executive,CRM,Beginner,1,True
EMP-1986,Demo EMP-1986,Sales,Sales Executive,Communication,Intermediate,2,True
EMP-1986,Demo EMP-1986,Sales,Sales Executive,SQL,Intermediate,2,True
EMP-1987,Demo EMP-1987,Human Resources,Human Resources,Communication,Beginner,2,True
EMP-1987,Demo EMP-1987,Human Resources,Human Resources,Project Management,Advanced,1,True
EMP-1987,Demo EMP-1987,Human Resources,Human Resources,SQL,Beginner,0,True
EMP-1987,Demo EMP-1987,Human Resources,Human Resources,Excel,Beginner,4,True
EMP-1989,Demo EMP-1989,Research & Development,Laboratory Technician,PyTorch,Beginner,2,True
EMP-1989,Demo EMP-1989,Research & Development,Laboratory Technician,Machine Learning,Intermediate,3,True
EMP-1989,Demo EMP-1989,Research & Development,Laboratory Technician,Laboratory Methods,Intermediate,2,True
EMP-1989,Demo EMP-1989,Research & Development,Laboratory Technician,LLMs,Advanced,0,True
EMP-1992,Demo EMP-1992,Research & Development,Laboratory Technician,Laboratory Methods,Intermediate,1,True
EMP-1992,Demo EMP-1992,Research & Development,Laboratory Technician,SQL,Advanced,1,True
EMP-1992,Demo EMP-1992,Research & Development,Laboratory Technician,RAG,Advanced,4,True
EMP-1992,Demo EMP-1992,Research & Development,Laboratory Technician,PyTorch,Intermediate,2,True
EMP-1993,Demo EMP-1993,Research & Development,Healthcare Representative,Laboratory Methods,Intermediate,1,True
EMP-1993,Demo EMP-1993,Research & Development,Healthcare Representative,LLMs,Intermediate,4,True
EMP-1993,Demo EMP-1993,Research & Development,Healthcare Representative,Docker,Intermediate,0,True
EMP-1993,Demo EMP-1993,Research & Development,Healthcare Representative,RAG,Beginner,1,True
EMP-1994,Demo EMP-1994,Research & Development,Laboratory Technician,SQL,Advanced,5,True
EMP-1994,Demo EMP-1994,Research & Development,Laboratory Technician,AWS,Advanced,0,True
EMP-1994,Demo EMP-1994,Research & Development,Laboratory Technician,PyTorch,Beginner,0,True
EMP-1994,Demo EMP-1994,Research & Development,Laboratory Technician,Python,Intermediate,2,True
EMP-1995,Demo EMP-1995,Sales,Sales Executive,Data Analysis,Beginner,3,True
EMP-1995,Demo EMP-1995,Sales,Sales Executive,SQL,Intermediate,5,True
EMP-1995,Demo EMP-1995,Sales,Sales Executive,Sales,Intermediate,3,True
EMP-1995,Demo EMP-1995,Sales,Sales Executive,CRM,Beginner,0,True
EMP-1996,Demo EMP-1996,Sales,Sales Representative,Excel,Beginner,5,True
EMP-1996,Demo EMP-1996,Sales,Sales Representative,Data Analysis,Intermediate,1,True
EMP-1996,Demo EMP-1996,Sales,Sales Representative,CRM,Beginner,5,True
EMP-1996,Demo EMP-1996,Sales,Sales Representative,SQL,Intermediate,1,True
EMP-1997,Demo EMP-1997,Research & Development,Manufacturing Director,AWS,Intermediate,2,True
EMP-1997,Demo EMP-1997,Research & Development,Manufacturing Director,MLOps,Intermediate,2,True
EMP-1997,Demo EMP-1997,Research & Development,Manufacturing Director,Docker,Intermediate,3,True
EMP-1997,Demo EMP-1997,Research & Development,Manufacturing Director,Python,Advanced,2,True
EMP-1998,Demo EMP-1998,Research & Development,Research Scientist,AWS,Intermediate,3,True
EMP-1998,Demo EMP-1998,Research & Development,Research Scientist,Machine Learning,Intermediate,5,True
EMP-1998,Demo EMP-1998,Research & Development,Research Scientist,SQL,Beginner,0,True
EMP-1998,Demo EMP-1998,Research & Development,Research Scientist,RAG,Advanced,3,True
EMP-1999,Demo EMP-1999,Research & Development,Research Scientist,MLOps,Intermediate,2,True
EMP-1999,Demo EMP-1999,Research & Development,Research Scientist,SQL,Intermediate,1,True
EMP-1999,Demo EMP-1999,Research & Development,Research Scientist,AWS,Intermediate,1,True
EMP-1999,Demo EMP-1999,Research & Development,Research Scientist,Laboratory Methods,Beginner,5,True
EMP-2000,Demo EMP-2000,Research & Development,Research Director,LLMs,Beginner,0,True
EMP-2000,Demo EMP-2000,Research & Development,Research Director,Laboratory Methods,Intermediate,0,True
EMP-2000,Demo EMP-2000,Research & Development,Research Director,Docker,Beginner,2,True
EMP-2000,Demo EMP-2000,Research & Development,Research Director,AWS,Beginner,4,True
EMP-2003,Demo EMP-2003,Research & Development,Laboratory Technician,RAG,Intermediate,4,True
EMP-2003,Demo EMP-2003,Research & Development,Laboratory Technician,Machine Learning,Beginner,0,True
EMP-2003,Demo EMP-2003,Research & Development,Laboratory Technician,MLOps,Intermediate,5,True
EMP-2003,Demo EMP-2003,Research & Development,Laboratory Technician,Research,Beginner,0,True
EMP-2007,Demo EMP-2007,Research & Development,Research Scientist,PyTorch,Intermediate,3,True
EMP-2007,Demo EMP-2007,Research & Development,Research Scientist,AWS,Beginner,1,True
EMP-2007,Demo EMP-2007,Research & Development,Research Scientist,Docker,Beginner,3,True
EMP-2007,Demo EMP-2007,Research & Development,Research Scientist,LLMs,Beginner,4,True
EMP-2008,Demo EMP-2008,Research & Development,Research Scientist,LLMs,Beginner,0,True
EMP-2008,Demo EMP-2008,Research & Development,Research Scientist,Docker,Advanced,0,True
EMP-2008,Demo EMP-2008,Research & Development,Research Scientist,AWS,Intermediate,3,True
EMP-2008,Demo EMP-2008,Research & Development,Research Scientist,Python,Intermediate,0,True
EMP-2009,Demo EMP-2009,Research & Development,Healthcare Representative,Machine Learning,Advanced,2,True
EMP-2009,Demo EMP-2009,Research & Development,Healthcare Representative,Laboratory Methods,Beginner,0,True
EMP-2009,Demo EMP-2009,Research & Development,Healthcare Representative,MLOps,Beginner,3,True
EMP-2009,Demo EMP-2009,Research & Development,Healthcare Representative,Research,Advanced,4,True
EMP-2010,Demo EMP-2010,Research & Development,Laboratory Technician,SQL,Intermediate,0,True
EMP-2010,Demo EMP-2010,Research & Development,Laboratory Technician,PyTorch,Beginner,1,True
EMP-2010,Demo EMP-2010,Research & Development,Laboratory Technician,MLOps,Advanced,5,True
EMP-2010,Demo EMP-2010,Research & Development,Laboratory Technician,Machine Learning,Beginner,2,True
EMP-2012,Demo EMP-2012,Research & Development,Laboratory Technician,Laboratory Methods,Beginner,3,True
EMP-2012,Demo EMP-2012,Research & Development,Laboratory Technician,SQL,Intermediate,0,True
EMP-2012,Demo EMP-2012,Research & Development,Laboratory Technician,RAG,Intermediate,1,True
EMP-2012,Demo EMP-2012,Research & Development,Laboratory Technician,Docker,Intermediate,4,True
EMP-2013,Demo EMP-2013,Sales,Sales Representative,CRM,Intermediate,5,True
EMP-2013,Demo EMP-2013,Sales,Sales Representative,Sales,Beginner,2,True
EMP-2013,Demo EMP-2013,Sales,Sales Representative,Communication,Intermediate,5,True
EMP-2013,Demo EMP-2013,Sales,Sales Representative,SQL,Intermediate,5,True
EMP-2014,Demo EMP-2014,Research & Development,Research Scientist,Docker,Beginner,1,True
EMP-2014,Demo EMP-2014,Research & Development,Research Scientist,MLOps,Beginner,2,True
EMP-2014,Demo EMP-2014,Research & Development,Research Scientist,RAG,Intermediate,1,True
EMP-2014,Demo EMP-2014,Research & Development,Research Scientist,Python,Intermediate,3,True
EMP-2015,Demo EMP-2015,Research & Development,Research Director,LLMs,Intermediate,3,True
EMP-2015,Demo EMP-2015,Research & Development,Research Director,AWS,Beginner,3,True
EMP-2015,Demo EMP-2015,Research & Development,Research Director,RAG,Intermediate,3,True
EMP-2015,Demo EMP-2015,Research & Development,Research Director,MLOps,Beginner,3,True
EMP-2016,Demo EMP-2016,Sales,Sales Executive,Excel,Intermediate,3,True
EMP-2016,Demo EMP-2016,Sales,Sales Executive,Data Analysis,Intermediate,3,True
EMP-2016,Demo EMP-2016,Sales,Sales Executive,Communication,Beginner,5,True
EMP-2016,Demo EMP-2016,Sales,Sales Executive,SQL,Beginner,2,True
EMP-2017,Demo EMP-2017,Research & Development,Research Director,Research,Intermediate,5,True
EMP-2017,Demo EMP-2017,Research & Development,Research Director,SQL,Beginner,5,True
EMP-2017,Demo EMP-2017,Research & Development,Research Director,Python,Intermediate,5,True
EMP-2017,Demo EMP-2017,Research & Development,Research Director,MLOps,Intermediate,1,True
EMP-2018,Demo EMP-2018,Sales,Sales Executive,SQL,Advanced,2,True
EMP-2018,Demo EMP-2018,Sales,Sales Executive,CRM,Intermediate,0,True
EMP-2018,Demo EMP-2018,Sales,Sales Executive,Data Analysis,Intermediate,3,True
EMP-2018,Demo EMP-2018,Sales,Sales Executive,Excel,Intermediate,3,True
EMP-2019,Demo EMP-2019,Sales,Sales Representative,Sales,Intermediate,4,True
EMP-2019,Demo EMP-2019,Sales,Sales Representative,Data Analysis,Advanced,3,True
EMP-2019,Demo EMP-2019,Sales,Sales Representative,Communication,Beginner,2,True
EMP-2019,Demo EMP-2019,Sales,Sales Representative,SQL,Advanced,1,True
EMP-2020,Demo EMP-2020,Research & Development,Research Scientist,Python,Beginner,1,True
EMP-2020,Demo EMP-2020,Research & Development,Research Scientist,MLOps,Advanced,1,True
EMP-2020,Demo EMP-2020,Research & Development,Research Scientist,AWS,Beginner,0,True
EMP-2020,Demo EMP-2020,Research & Development,Research Scientist,LLMs,Intermediate,0,True
EMP-2021,Demo EMP-2021,Sales,Sales Representative,CRM,Intermediate,4,True
EMP-2021,Demo EMP-2021,Sales,Sales Representative,Excel,Intermediate,5,True
EMP-2021,Demo EMP-2021,Sales,Sales Representative,Communication,Intermediate,0,True
EMP-2021,Demo EMP-2021,Sales,Sales Representative,Sales,Intermediate,2,True
EMP-2022,Demo EMP-2022,Research & Development,Manager,Research,Beginner,3,True
EMP-2022,Demo EMP-2022,Research & Development,Manager,Machine Learning,Intermediate,5,True
EMP-2022,Demo EMP-2022,Research & Development,Manager,SQL,Intermediate,2,True
EMP-2022,Demo EMP-2022,Research & Development,Manager,Python,Intermediate,0,True
EMP-2023,Demo EMP-2023,Sales,Sales Representative,Communication,Intermediate,4,True
EMP-2023,Demo EMP-2023,Sales,Sales Representative,Data Analysis,Intermediate,3,True
EMP-2023,Demo EMP-2023,Sales,Sales Representative,Excel,Intermediate,5,True
EMP-2023,Demo EMP-2023,Sales,Sales Representative,Sales,Intermediate,3,True
EMP-2024,Demo EMP-2024,Sales,Sales Executive,CRM,Intermediate,5,True
EMP-2024,Demo EMP-2024,Sales,Sales Executive,Data Analysis,Intermediate,5,True
EMP-2024,Demo EMP-2024,Sales,Sales Executive,SQL,Intermediate,1,True
EMP-2024,Demo EMP-2024,Sales,Sales Executive,Excel,Beginner,3,True
EMP-2025,Demo EMP-2025,Research & Development,Manufacturing Director,SQL,Intermediate,4,True
EMP-2025,Demo EMP-2025,Research & Development,Manufacturing Director,Machine Learning,Beginner,5,True
EMP-2025,Demo EMP-2025,Research & Development,Manufacturing Director,Research,Intermediate,3,True
EMP-2025,Demo EMP-2025,Research & Development,Manufacturing Director,Python,Intermediate,0,True
EMP-2026,Demo EMP-2026,Research & Development,Healthcare Representative,AWS,Beginner,5,True
EMP-2026,Demo EMP-2026,Research & Development,Healthcare Representative,Docker,Intermediate,1,True
EMP-2026,Demo EMP-2026,Research & Development,Healthcare Representative,Machine Learning,Beginner,3,True
EMP-2026,Demo EMP-2026,Research & Development,Healthcare Representative,Python,Beginner,2,True
EMP-2027,Demo EMP-2027,Research & Development,Research Scientist,Laboratory Methods,Intermediate,0,True
EMP-2027,Demo EMP-2027,Research & Development,Research Scientist,Research,Beginner,0,True
EMP-2027,Demo EMP-2027,Research & Development,Research Scientist,Python,Beginner,4,True
EMP-2027,Demo EMP-2027,Research & Development,Research Scientist,AWS,Intermediate,5,True
EMP-2031,Demo EMP-2031,Research & Development,Manager,AWS,Advanced,3,True
EMP-2031,Demo EMP-2031,Research & Development,Manager,RAG,Intermediate,2,True
EMP-2031,Demo EMP-2031,Research & Development,Manager,SQL,Beginner,0,True
EMP-2031,Demo EMP-2031,Research & Development,Manager,MLOps,Beginner,3,True
EMP-2032,Demo EMP-2032,Research & Development,Laboratory Technician,Python,Intermediate,1,True
EMP-2032,Demo EMP-2032,Research & Development,Laboratory Technician,SQL,Intermediate,0,True
EMP-2032,Demo EMP-2032,Research & Development,Laboratory Technician,LLMs,Advanced,5,True
EMP-2032,Demo EMP-2032,Research & Development,Laboratory Technician,Laboratory Methods,Intermediate,4,True
EMP-2034,Demo EMP-2034,Research & Development,Manufacturing Director,LLMs,Intermediate,2,True
EMP-2034,Demo EMP-2034,Research & Development,Manufacturing Director,Docker,Intermediate,2,True
EMP-2034,Demo EMP-2034,Research & Development,Manufacturing Director,Python,Advanced,0,True
EMP-2034,Demo EMP-2034,Research & Development,Manufacturing Director,Research,Intermediate,4,True
EMP-2035,Demo EMP-2035,Sales,Sales Executive,Communication,Intermediate,3,True
EMP-2035,Demo EMP-2035,Sales,Sales Executive,Data Analysis,Intermediate,5,True
EMP-2035,Demo EMP-2035,Sales,Sales Executive,SQL,Intermediate,4,True
EMP-2035,Demo EMP-2035,Sales,Sales Executive,CRM,Advanced,1,True
EMP-2036,Demo EMP-2036,Sales,Sales Executive,Communication,Intermediate,3,True
EMP-2036,Demo EMP-2036,Sales,Sales Executive,SQL,Advanced,3,True
EMP-2036,Demo EMP-2036,Sales,Sales Executive,Data Analysis,Beginner,3,True
EMP-2036,Demo EMP-2036,Sales,Sales Executive,Excel,Advanced,1,True
EMP-2037,Demo EMP-2037,Sales,Sales Executive,SQL,Intermediate,2,True
EMP-2037,Demo EMP-2037,Sales,Sales Executive,CRM,Intermediate,5,True
EMP-2037,Demo EMP-2037,Sales,Sales Executive,Excel,Intermediate,1,True
EMP-2037,Demo EMP-2037,Sales,Sales Executive,Communication,Intermediate,2,True
EMP-2038,Demo EMP-2038,Research & Development,Research Scientist,SQL,Intermediate,5,True
EMP-2038,Demo EMP-2038,Research & Development,Research Scientist,RAG,Intermediate,5,True
EMP-2038,Demo EMP-2038,Research & Development,Research Scientist,Docker,Intermediate,4,True
EMP-2038,Demo EMP-2038,Research & Development,Research Scientist,Python,Advanced,3,True
EMP-2040,Demo EMP-2040,Human Resources,Human Resources,Project Management,Intermediate,0,True
EMP-2040,Demo EMP-2040,Human Resources,Human Resources,Communication,Intermediate,1,True
EMP-2040,Demo EMP-2040,Human Resources,Human Resources,SQL,Intermediate,5,True
EMP-2040,Demo EMP-2040,Human Resources,Human Resources,Excel,Beginner,1,True
EMP-2041,Demo EMP-2041,Sales,Sales Executive,Communication,Beginner,1,True
EMP-2041,Demo EMP-2041,Sales,Sales Executive,Excel,Intermediate,3,True
EMP-2041,Demo EMP-2041,Sales,Sales Executive,SQL,Advanced,4,True
EMP-2041,Demo EMP-2041,Sales,Sales Executive,Data Analysis,Intermediate,1,True
EMP-2044,Demo EMP-2044,Sales,Sales Executive,Excel,Beginner,2,True
EMP-2044,Demo EMP-2044,Sales,Sales Executive,Communication,Intermediate,0,True
EMP-2044,Demo EMP-2044,Sales,Sales Executive,Sales,Intermediate,1,True
EMP-2044,Demo EMP-2044,Sales,Sales Executive,SQL,Beginner,0,True
EMP-2045,Demo EMP-2045,Sales,Sales Executive,Excel,Intermediate,0,True
EMP-2045,Demo EMP-2045,Sales,Sales Executive,Data Analysis,Advanced,3,True
EMP-2045,Demo EMP-2045,Sales,Sales Executive,Communication,Beginner,4,True
EMP-2045,Demo EMP-2045,Sales,Sales Executive,CRM,Intermediate,4,True
EMP-2046,Demo EMP-2046,Sales,Sales Executive,CRM,Advanced,3,True
EMP-2046,Demo EMP-2046,Sales,Sales Executive,Excel,Beginner,0,True
EMP-2046,Demo EMP-2046,Sales,Sales Executive,SQL,Advanced,4,True
EMP-2046,Demo EMP-2046,Sales,Sales Executive,Communication,Advanced,4,True
EMP-2048,Demo EMP-2048,Research & Development,Research Scientist,SQL,Intermediate,3,True
EMP-2048,Demo EMP-2048,Research & Development,Research Scientist,Python,Intermediate,3,True
EMP-2048,Demo EMP-2048,Research & Development,Research Scientist,AWS,Beginner,5,True
EMP-2048,Demo EMP-2048,Research & Development,Research Scientist,Machine Learning,Beginner,1,True
EMP-2049,Demo EMP-2049,Research & Development,Healthcare Representative,Laboratory Methods,Advanced,4,True
EMP-2049,Demo EMP-2049,Research & Development,Healthcare Representative,MLOps,Intermediate,0,True
EMP-2049,Demo EMP-2049,Research & Development,Healthcare Representative,AWS,Intermediate,3,True
EMP-2049,Demo EMP-2049,Research & Development,Healthcare Representative,PyTorch,Beginner,5,True
EMP-2051,Demo EMP-2051,Research & Development,Research Scientist,RAG,Beginner,2,True
EMP-2051,Demo EMP-2051,Research & Development,Research Scientist,Research,Beginner,4,True
EMP-2051,Demo EMP-2051,Research & Development,Research Scientist,Python,Advanced,1,True
EMP-2051,Demo EMP-2051,Research & Development,Research Scientist,MLOps,Intermediate,1,True
EMP-2052,Demo EMP-2052,Research & Development,Research Scientist,RAG,Intermediate,1,True
EMP-2052,Demo EMP-2052,Research & Development,Research Scientist,Machine Learning,Advanced,5,True
EMP-2052,Demo EMP-2052,Research & Development,Research Scientist,AWS,Intermediate,1,True
EMP-2052,Demo EMP-2052,Research & Development,Research Scientist,Docker,Advanced,0,True
EMP-2053,Demo EMP-2053,Research & Development,Laboratory Technician,Research,Beginner,3,True
EMP-2053,Demo EMP-2053,Research & Development,Laboratory Technician,PyTorch,Intermediate,0,True
EMP-2053,Demo EMP-2053,Research & Development,Laboratory Technician,AWS,Advanced,4,True
EMP-2053,Demo EMP-2053,Research & Development,Laboratory Technician,SQL,Advanced,0,True
EMP-2054,Demo EMP-2054,Research & Development,Research Scientist,SQL,Intermediate,5,True
EMP-2054,Demo EMP-2054,Research & Development,Research Scientist,RAG,Beginner,3,True
EMP-2054,Demo EMP-2054,Research & Development,Research Scientist,Laboratory Methods,Beginner,1,True
EMP-2054,Demo EMP-2054,Research & Development,Research Scientist,PyTorch,Intermediate,0,True
EMP-2055,Demo EMP-2055,Sales,Sales Executive,Data Analysis,Intermediate,3,True
EMP-2055,Demo EMP-2055,Sales,Sales Executive,Communication,Intermediate,3,True
EMP-2055,Demo EMP-2055,Sales,Sales Executive,SQL,Advanced,3,True
EMP-2055,Demo EMP-2055,Sales,Sales Executive,Sales,Intermediate,5,True
EMP-2056,Demo EMP-2056,Sales,Sales Executive,Sales,Intermediate,5,True
EMP-2056,Demo EMP-2056,Sales,Sales Executive,Excel,Beginner,1,True
EMP-2056,Demo EMP-2056,Sales,Sales Executive,Communication,Intermediate,4,True
EMP-2056,Demo EMP-2056,Sales,Sales Executive,Data Analysis,Intermediate,4,True
EMP-2057,Demo EMP-2057,Research & Development,Manufacturing Director,LLMs,Intermediate,3,True
EMP-2057,Demo EMP-2057,Research & Development,Manufacturing Director,MLOps,Beginner,3,True
EMP-2057,Demo EMP-2057,Research & Development,Manufacturing Director,PyTorch,Advanced,5,True
EMP-2057,Demo EMP-2057,Research & Development,Manufacturing Director,RAG,Intermediate,2,True
EMP-2060,Demo EMP-2060,Sales,Sales Representative,Communication,Advanced,0,True
EMP-2060,Demo EMP-2060,Sales,Sales Representative,Excel,Beginner,5,True
EMP-2060,Demo EMP-2060,Sales,Sales Representative,SQL,Intermediate,5,True
EMP-2060,Demo EMP-2060,Sales,Sales Representative,CRM,Beginner,1,True
EMP-2061,Demo EMP-2061,Research & Development,Laboratory Technician,RAG,Intermediate,2,True
EMP-2061,Demo EMP-2061,Research & Development,Laboratory Technician,PyTorch,Advanced,2,True
EMP-2061,Demo EMP-2061,Research & Development,Laboratory Technician,AWS,Intermediate,0,True
EMP-2061,Demo EMP-2061,Research & Development,Laboratory Technician,Python,Intermediate,3,True
EMP-2062,Demo EMP-2062,Research & Development,Healthcare Representative,RAG,Intermediate,5,True
EMP-2062,Demo EMP-2062,Research & Development,Healthcare Representative,SQL,Intermediate,5,True
EMP-2062,Demo EMP-2062,Research & Development,Healthcare Representative,MLOps,Intermediate,2,True
EMP-2062,Demo EMP-2062,Research & Development,Healthcare Representative,Machine Learning,Intermediate,2,True
EMP-2064,Demo EMP-2064,Research & Development,Manufacturing Director,Docker,Intermediate,2,True
EMP-2064,Demo EMP-2064,Research & Development,Manufacturing Director,RAG,Intermediate,2,True
EMP-2064,Demo EMP-2064,Research & Development,Manufacturing Director,Research,Beginner,0,True
EMP-2064,Demo EMP-2064,Research & Development,Manufacturing Director,PyTorch,Intermediate,0,True
EMP-2065,Demo EMP-2065,Sales,Sales Executive,Excel,Advanced,2,True
EMP-2065,Demo EMP-2065,Sales,Sales Executive,SQL,Intermediate,5,True
EMP-2065,Demo EMP-2065,Sales,Sales Executive,Data Analysis,Advanced,5,True
EMP-2065,Demo EMP-2065,Sales,Sales Executive,Sales,Advanced,2,True
EMP-2068,Demo EMP-2068,Research & Development,Laboratory Technician,LLMs,Beginner,1,True
EMP-2068,Demo EMP-2068,Research & Development,Laboratory Technician,Machine Learning,Beginner,5,True
EMP-2068,Demo EMP-2068,Research & Development,Laboratory Technician,Research,Advanced,2,True
EMP-2068,Demo EMP-2068,Research & Development,Laboratory Technician,MLOps,Advanced,2,True
