Employee_ID,Attrition_Probability,Risk_Band,Top_Model_Signals,Split,Purpose
EMP-1,0.7236203755613864,Elevated,numeric__NumCompaniesWorked; numeric__WorkLifeBalance; categorical__OverTime_No; categorical__OverTime_Yes; numeric__StockOptionLevel,train,Historical synthetic demo; not a current workforce forecast
EMP-2,0.02775281269105439,Low,categorical__BusinessTravel_Travel_Frequently; numeric__RelationshipSatisfaction; numeric__JobInvolvement; numeric__JobSatisfaction; numeric__NumCompaniesWorked,train,Historical synthetic demo; not a current workforce forecast
EMP-4,0.4489943765599364,Elevated,categorical__JobRole_Laboratory Technician; categorical__OverTime_No; categorical__OverTime_Yes; numeric__StockOptionLevel; numeric__EnvironmentSatisfaction,test,Historical synthetic demo; not a current workforce forecast
EMP-5,0.1596533329072999,Low,categorical__OverTime_No; categorical__OverTime_Yes; categorical__BusinessTravel_Travel_Frequently; numeric__StockOptionLevel; numeric__EnvironmentSatisfaction,validation,Historical synthetic demo; not a current workforce forecast
EMP-7,0.3514681526438154,Elevated,numeric__NumCompaniesWorked; categorical__JobRole_Laboratory Technician; numeric__EnvironmentSatisfaction; numeric__TotalWorkingYears; numeric__RelationshipSatisfaction,train,Historical synthetic demo; not a current workforce forecast
EMP-8,0.06304953941830728,Low,categorical__JobRole_Laboratory Technician; categorical__BusinessTravel_Travel_Frequently; numeric__StockOptionLevel; numeric__EnvironmentSatisfaction; numeric__JobSatisfaction,train,Historical synthetic demo; not a current workforce forecast
EMP-10,0.14948664746698756,Low,numeric__StockOptionLevel; numeric__JobInvolvement; categorical__JobRole_Laboratory Technician; numeric__JobSatisfaction; categorical__OverTime_No,train,Historical synthetic demo; not a current workforce forecast
EMP-11,0.1558556367891616,Low,numeric__TotalWorkingYears; categorical__JobRole_Laboratory Technician; numeric__EnvironmentSatisfaction; numeric__YearsInCurrentRole; numeric__DistanceFromHome,train,Historical synthetic demo; not a current workforce forecast
EMP-12,0.0654748555465006,Low,categorical__BusinessTravel_Travel_Frequently; numeric__StockOptionLevel; numeric__EnvironmentSatisfaction; numeric__DistanceFromHome; numeric__NumCompaniesWorked,train,Historical synthetic demo; not a current workforce forecast
EMP-13,0.024295094886863978,Low,numeric__StockOptionLevel; numeric__YearsSinceLastPromotion; numeric__DistanceFromHome; numeric__NumCompaniesWorked; numeric__TotalWorkingYears,train,Historical synthetic demo; not a current workforce forecast
EMP-14,0.05711040092186041,Low,numeric__JobInvolvement; categorical__JobRole_Laboratory Technician; numeric__EnvironmentSatisfaction; numeric__TotalWorkingYears; numeric__NumCompaniesWorked,validation,Historical synthetic demo; not a current workforce forecast
EMP-15,0.20069286665619065,Moderate,categorical__JobRole_Laboratory Technician; categorical__OverTime_No; categorical__OverTime_Yes; numeric__StockOptionLevel; numeric__EnvironmentSatisfaction,train,Historical synthetic demo; not a current workforce forecast
EMP-16,0.20928589477597137,Moderate,numeric__DistanceFromHome; numeric__TotalWorkingYears; numeric__EnvironmentSatisfaction; numeric__RelationshipSatisfaction; numeric__YearsInCurrentRole,train,Historical synthetic demo; not a current workforce forecast
EMP-18,0.0870101425436235,Low,numeric__TotalWorkingYears; categorical__JobRole_Laboratory Technician; numeric__JobSatisfaction; numeric__NumCompaniesWorked; numeric__DistanceFromHome,train,Historical synthetic demo; not a current workforce forecast
EMP-19,0.8164610347805734,Elevated,categorical__JobRole_Laboratory Technician; categorical__OverTime_No; categorical__OverTime_Yes; numeric__StockOptionLevel; numeric__DistanceFromHome,train,Historical synthetic demo; not a current workforce forecast
EMP-20,0.04084115930400694,Low,numeric__YearsSinceLastPromotion; numeric__JobInvolvement; numeric__JobSatisfaction; numeric__YearsInCurrentRole; numeric__DistanceFromHome,train,Historical synthetic demo; not a current workforce forecast
EMP-21,0.04252559330981861,Low,numeric__StockOptionLevel; numeric__JobInvolvement; categorical__OverTime_No; numeric__EnvironmentSatisfaction; categorical__OverTime_Yes,validation,Historical synthetic demo; not a current workforce forecast
EMP-22,0.10725185718232921,Low,numeric__TotalWorkingYears; numeric__StockOptionLevel; numeric__JobInvolvement; categorical__JobRole_Laboratory Technician; categorical__OverTime_No,validation,Historical synthetic demo; not a current workforce forecast
EMP-23,0.0085313617219069,Low,numeric__TotalWorkingYears; numeric__EnvironmentSatisfaction; numeric__StockOptionLevel; numeric__MonthlyIncome; numeric__JobSatisfaction,train,Historical synthetic demo; not a current workforce forecast
EMP-24,0.14757785011952618,Low,categorical__OverTime_No; categorical__OverTime_Yes; numeric__StockOptionLevel; numeric__EnvironmentSatisfaction; numeric__TotalWorkingYears,test,Historical synthetic demo; not a current workforce forecast
EMP-26,0.007273012669235319,Low,numeric__JobInvolvement; numeric__TotalWorkingYears; numeric__EnvironmentSatisfaction; categorical__BusinessTravel_Non-Travel; categorical__EducationField_Other,test,Historical synthetic demo; not a current workforce forecast
EMP-27,0.36082013330997076,Elevated,numeric__NumCompaniesWorked; numeric__JobSatisfaction; categorical__JobRole_Sales Representative; numeric__StockOptionLevel; numeric__YearsSinceLastPromotion,test,Historical synthetic demo; not a current workforce forecast
EMP-28,0.016831398578136966,Low,numeric__EnvironmentSatisfaction; numeric__StockOptionLevel; numeric__YearsWithCurrManager; categorical__JobRole_Research Director; numeric__NumCompaniesWorked,train,Historical synthetic demo; not a current workforce forecast
EMP-30,0.03912918069444969,Low,numeric__TotalWorkingYears; numeric__StockOptionLevel; numeric__YearsInCurrentRole; numeric__TrainingTimesLastYear; numeric__JobSatisfaction,validation,Historical synthetic demo; not a current workforce forecast
EMP-31,0.11599036976608183,Low,numeric__JobSatisfaction; numeric__StockOptionLevel; numeric__TotalWorkingYears; numeric__YearsInCurrentRole; numeric__MonthlyIncome,validation,Historical synthetic demo; not a current workforce forecast
EMP-32,0.0009807928366523948,Low,numeric__TotalWorkingYears; numeric__YearsInCurrentRole; numeric__MonthlyIncome; categorical__EducationField_Other; numeric__RelationshipSatisfaction,test,Historical synthetic demo; not a current workforce forecast
EMP-33,0.7984016318449949,Elevated,numeric__JobInvolvement; numeric__JobSatisfaction; numeric__YearsSinceLastPromotion; categorical__OverTime_No; categorical__OverTime_Yes,train,Historical synthetic demo; not a current workforce forecast
EMP-35,0.049761021514025124,Low,numeric__NumCompaniesWorked; numeric__RelationshipSatisfaction; numeric__YearsSinceLastPromotion; numeric__JobSatisfaction; numeric__YearsInCurrentRole,validation,Historical synthetic demo; not a current workforce forecast
EMP-36,0.003394817997086948,Low,numeric__TotalWorkingYears; numeric__YearsWithCurrManager; numeric__EnvironmentSatisfaction; numeric__YearsSinceLastPromotion; numeric__JobSatisfaction,train,Historical synthetic demo; not a current workforce forecast
EMP-38,0.08860820016388644,Low,numeric__TotalWorkingYears; numeric__MonthlyIncome; numeric__JobSatisfaction; numeric__StockOptionLevel; numeric__RelationshipSatisfaction,train,Historical synthetic demo; not a current workforce forecast
EMP-39,0.06586244148088734,Low,categorical__JobRole_Laboratory Technician; numeric__StockOptionLevel; numeric__TotalWorkingYears; numeric__JobSatisfaction; numeric__YearsInCurrentRole,train,Historical synthetic demo; not a current workforce forecast
EMP-40,0.016657404527581382,Low,categorical__OverTime_No; categorical__OverTime_Yes; numeric__StockOptionLevel; numeric__EnvironmentSatisfaction; categorical__EducationField_Other,train,Historical synthetic demo; not a current workforce forecast
EMP-41,0.13134190409683844,Low,categorical__JobRole_Laboratory Technician; numeric__StockOptionLevel; numeric__RelationshipSatisfaction; numeric__EnvironmentSatisfaction; numeric__YearsInCurrentRole,validation,Historical synthetic demo; not a current workforce forecast
EMP-42,0.0154615181375308,Low,categorical__JobRole_Sales Representative; numeric__TotalWorkingYears; numeric__EnvironmentSatisfaction; numeric__YearsInCurrentRole; numeric__TrainingTimesLastYear,train,Historical synthetic demo; not a current workforce forecast
EMP-45,0.3095932135888281,Moderate,categorical__OverTime_No; categorical__OverTime_Yes; numeric__RelationshipSatisfaction; numeric__YearsInCurrentRole; numeric__TotalWorkingYears,train,Historical synthetic demo; not a current workforce forecast
EMP-46,0.002738271642792985,Low,numeric__StockOptionLevel; numeric__JobInvolvement; numeric__EnvironmentSatisfaction; numeric__TotalWorkingYears; numeric__RelationshipSatisfaction,train,Historical synthetic demo; not a current workforce forecast
EMP-47,0.7864263338340391,Elevated,numeric__TotalWorkingYears; categorical__OverTime_No; numeric__EnvironmentSatisfaction; categorical__OverTime_Yes; categorical__JobRole_Sales Representative,validation,Historical synthetic demo; not a current workforce forecast
EMP-49,0.19547336265990514,Moderate,numeric__TotalWorkingYears; categorical__JobRole_Sales Representative; numeric__StockOptionLevel; numeric__RelationshipSatisfaction; numeric__EnvironmentSatisfaction,train,Historical synthetic demo; not a current workforce forecast
EMP-51,0.4021580229699908,Elevated,numeric__NumCompaniesWorked; numeric__JobSatisfaction; categorical__OverTime_No; categorical__OverTime_Yes; numeric__TotalWorkingYears,train,Historical synthetic demo; not a current workforce forecast
EMP-52,0.052498141525624716,Low,numeric__StockOptionLevel; numeric__JobInvolvement; numeric__JobSatisfaction; categorical__BusinessTravel_Travel_Frequently; numeric__RelationshipSatisfaction,train,Historical synthetic demo; not a current workforce forecast
EMP-53,0.055987475928223035,Low,numeric__TotalWorkingYears; categorical__JobRole_Laboratory Technician; numeric__YearsInCurrentRole; categorical__EducationField_Other; numeric__JobSatisfaction,train,Historical synthetic demo; not a current workforce forecast
EMP-54,0.05702824218054456,Low,numeric__TotalWorkingYears; categorical__JobRole_Laboratory Technician; numeric__JobSatisfaction; numeric__EnvironmentSatisfaction; numeric__YearsInCurrentRole,validation,Historical synthetic demo; not a current workforce forecast
EMP-55,0.7784179967917179,Elevated,numeric__TotalWorkingYears; numeric__JobInvolvement; categorical__JobRole_Laboratory Technician; numeric__EnvironmentSatisfaction; numeric__StockOptionLevel,train,Historical synthetic demo; not a current workforce forecast
EMP-56,0.041008754655846615,Low,categorical__BusinessTravel_Travel_Frequently; numeric__StockOptionLevel; numeric__EnvironmentSatisfaction; numeric__TrainingTimesLastYear; numeric__RelationshipSatisfaction,train,Historical synthetic demo; not a current workforce forecast
EMP-57,0.03617115013344924,Low,categorical__JobRole_Laboratory Technician; categorical__BusinessTravel_Travel_Frequently; numeric__StockOptionLevel; numeric__JobSatisfaction; numeric__RelationshipSatisfaction,test,Historical synthetic demo; not a current workforce forecast
EMP-58,0.021339889100576128,Low,numeric__YearsSinceLastPromotion; numeric__YearsInCurrentRole; numeric__TotalWorkingYears; numeric__MonthlyIncome; numeric__StockOptionLevel,validation,Historical synthetic demo; not a current workforce forecast
EMP-60,0.15342326604223253,Low,numeric__YearsSinceLastPromotion; numeric__StockOptionLevel; categorical__BusinessTravel_Non-Travel; numeric__DistanceFromHome; numeric__NumCompaniesWorked,validation,Historical synthetic demo; not a current workforce forecast
EMP-61,0.3569640129240097,Elevated,numeric__StockOptionLevel; numeric__RelationshipSatisfaction; numeric__YearsInCurrentRole; numeric__YearsSinceLastPromotion; numeric__TotalWorkingYears,test,Historical synthetic demo; not a current workforce forecast
EMP-62,0.22830673885005306,Moderate,categorical__OverTime_No; numeric__EnvironmentSatisfaction; categorical__OverTime_Yes; categorical__BusinessTravel_Travel_Frequently; numeric__StockOptionLevel,test,Historical synthetic demo; not a current workforce forecast
EMP-63,0.04599836937699659,Low,numeric__TotalWorkingYears; numeric__JobInvolvement; categorical__JobRole_Laboratory Technician; numeric__StockOptionLevel; numeric__EnvironmentSatisfaction,test,Historical synthetic demo; not a current workforce forecast
EMP-64,0.582229532658436,Elevated,numeric__NumCompaniesWorked; numeric__TotalWorkingYears; categorical__JobRole_Laboratory Technician; categorical__OverTime_No; numeric__EnvironmentSatisfaction,train,Historical synthetic demo; not a current workforce forecast
EMP-65,0.582753094810063,Elevated,numeric__TotalWorkingYears; categorical__JobRole_Laboratory Technician; categorical__OverTime_No; categorical__OverTime_Yes; numeric__StockOptionLevel,train,Historical synthetic demo; not a current workforce forecast
EMP-68,0.4480255790057127,Elevated,numeric__JobSatisfaction; categorical__OverTime_No; categorical__OverTime_Yes; numeric__DistanceFromHome; numeric__NumCompaniesWorked,train,Historical synthetic demo; not a current workforce forecast
EMP-70,0.13379276918426497,Low,numeric__JobSatisfaction; categorical__OverTime_No; categorical__OverTime_Yes; categorical__BusinessTravel_Non-Travel; numeric__YearsInCurrentRole,test,Historical synthetic demo; not a current workforce forecast
EMP-72,0.7016733137457549,Elevated,numeric__NumCompaniesWorked; numeric__TotalWorkingYears; categorical__OverTime_No; categorical__OverTime_Yes; numeric__DistanceFromHome,train,Historical synthetic demo; not a current workforce forecast
EMP-73,0.0755874336681518,Low,numeric__YearsInCurrentRole; numeric__YearsSinceLastPromotion; categorical__OverTime_No; numeric__EnvironmentSatisfaction; categorical__OverTime_Yes,train,Historical synthetic demo; not a current workforce forecast
EMP-74,0.08188870643349484,Low,numeric__JobSatisfaction; categorical__BusinessTravel_Travel_Frequently; numeric__RelationshipSatisfaction; numeric__YearsInCurrentRole; numeric__DistanceFromHome,train,Historical synthetic demo; not a current workforce forecast
EMP-75,0.6454777744314708,Elevated,numeric__TotalWorkingYears; categorical__JobRole_Laboratory Technician; numeric__JobSatisfaction; categorical__OverTime_No; categorical__OverTime_Yes,train,Historical synthetic demo; not a current workforce forecast
EMP-76,0.010515791659978112,Low,categorical__JobRole_Laboratory Technician; numeric__EnvironmentSatisfaction; numeric__JobSatisfaction; numeric__RelationshipSatisfaction; numeric__WorkLifeBalance,test,Historical synthetic demo; not a current workforce forecast
EMP-77,0.012958517339705178,Low,numeric__EnvironmentSatisfaction; numeric__WorkLifeBalance; numeric__TotalWorkingYears; numeric__DistanceFromHome; numeric__YearsSinceLastPromotion,train,Historical synthetic demo; not a current workforce forecast
EMP-78,0.10691235568451134,Low,numeric__YearsSinceLastPromotion; categorical__OverTime_No; numeric__EnvironmentSatisfaction; categorical__OverTime_Yes; numeric__JobSatisfaction,train,Historical synthetic demo; not a current workforce forecast
EMP-79,0.3132405240687821,Moderate,numeric__YearsSinceLastPromotion; numeric__DistanceFromHome; categorical__JobRole_Laboratory Technician; categorical__BusinessTravel_Travel_Frequently; numeric__StockOptionLevel,test,Historical synthetic demo; not a current workforce forecast
EMP-80,0.1775705060851293,Moderate,numeric__YearsSinceLastPromotion; numeric__TotalWorkingYears; numeric__MonthlyIncome; categorical__OverTime_No; categorical__OverTime_Yes,train,Historical synthetic demo; not a current workforce forecast
EMP-81,0.07471802562384273,Low,numeric__TotalWorkingYears; numeric__YearsInCurrentRole; numeric__YearsSinceLastPromotion; numeric__NumCompaniesWorked; numeric__JobSatisfaction,test,Historical synthetic demo; not a current workforce forecast
EMP-83,0.0035153608447865362,Low,numeric__YearsSinceLastPromotion; numeric__StockOptionLevel; numeric__YearsInCurrentRole; numeric__TotalWorkingYears; categorical__JobRole_Healthcare Representative,train,Historical synthetic demo; not a current workforce forecast
EMP-84,0.008510488557523711,Low,numeric__StockOptionLevel; numeric__TotalWorkingYears; categorical__OverTime_No; categorical__OverTime_Yes; numeric__EnvironmentSatisfaction,train,Historical synthetic demo; not a current workforce forecast
EMP-85,0.12539999228946577,Low,categorical__BusinessTravel_Travel_Frequently; numeric__StockOptionLevel; numeric__TotalWorkingYears; numeric__YearsSinceLastPromotion; numeric__JobInvolvement,test,Historical synthetic demo; not a current workforce forecast
EMP-86,0.01308670563369685,Low,numeric__TotalWorkingYears; numeric__JobSatisfaction; numeric__YearsInCurrentRole; numeric__YearsSinceLastPromotion; numeric__YearsWithCurrManager,train,Historical synthetic demo; not a current workforce forecast
EMP-88,0.17069197793773422,Low,numeric__JobSatisfaction; numeric__TotalWorkingYears; categorical__BusinessTravel_Travel_Frequently; numeric__RelationshipSatisfaction; numeric__DistanceFromHome,train,Historical synthetic demo; not a current workforce forecast
EMP-90,0.431772153704905,Elevated,numeric__TotalWorkingYears; categorical__OverTime_No; categorical__OverTime_Yes; numeric__RelationshipSatisfaction; numeric__EnvironmentSatisfaction,test,Historical synthetic demo; not a current workforce forecast
EMP-91,0.31642676622982746,Moderate,numeric__TotalWorkingYears; numeric__NumCompaniesWorked; numeric__EnvironmentSatisfaction; categorical__BusinessTravel_Travel_Frequently; numeric__StockOptionLevel,train,Historical synthetic demo; not a current workforce forecast
EMP-94,0.005818309715323668,Low,numeric__TotalWorkingYears; numeric__NumCompaniesWorked; numeric__RelationshipSatisfaction; numeric__YearsSinceLastPromotion; numeric__DistanceFromHome,train,Historical synthetic demo; not a current workforce forecast
EMP-95,0.06875538474162479,Low,numeric__TotalWorkingYears; numeric__StockOptionLevel; numeric__YearsInCurrentRole; numeric__DistanceFromHome; numeric__YearsWithCurrManager,train,Historical synthetic demo; not a current workforce forecast
EMP-96,0.006411623932804327,Low,numeric__StockOptionLevel; numeric__DistanceFromHome; numeric__YearsSinceLastPromotion; numeric__YearsWithCurrManager; numeric__JobSatisfaction,train,Historical synthetic demo; not a current workforce forecast
EMP-97,0.20424934309882845,Moderate,numeric__JobInvolvement; categorical__JobRole_Laboratory Technician; numeric__TotalWorkingYears; numeric__StockOptionLevel; numeric__YearsInCurrentRole,train,Historical synthetic demo; not a current workforce forecast
EMP-98,0.0060975580389157945,Low,numeric__StockOptionLevel; numeric__JobSatisfaction; numeric__RelationshipSatisfaction; categorical__JobRole_Manufacturing Director; numeric__YearsWithCurrManager,train,Historical synthetic demo; not a current workforce forecast
EMP-100,0.056124051012211525,Low,numeric__YearsInCurrentRole; numeric__JobSatisfaction; numeric__StockOptionLevel; numeric__NumCompaniesWorked; numeric__DistanceFromHome,train,Historical synthetic demo; not a current workforce forecast
EMP-101,0.0878596512625262,Low,numeric__JobSatisfaction; categorical__OverTime_No; categorical__OverTime_Yes; numeric__StockOptionLevel; numeric__EnvironmentSatisfaction,train,Historical synthetic demo; not a current workforce forecast
EMP-102,0.04917114781274002,Low,numeric__EnvironmentSatisfaction; numeric__StockOptionLevel; numeric__RelationshipSatisfaction; numeric__MonthlyIncome; numeric__WorkLifeBalance,validation,Historical synthetic demo; not a current workforce forecast
EMP-103,0.2231012796293345,Moderate,numeric__NumCompaniesWorked; categorical__OverTime_No; categorical__OverTime_Yes; numeric__RelationshipSatisfaction; numeric__YearsSinceLastPromotion,train,Historical synthetic demo; not a current workforce forecast
EMP-104,0.11746315102458207,Low,numeric__StockOptionLevel; categorical__JobRole_Laboratory Technician; categorical__OverTime_No; categorical__OverTime_Yes; numeric__EnvironmentSatisfaction,train,Historical synthetic demo; not a current workforce forecast
EMP-105,0.07499360064643842,Low,numeric__StockOptionLevel; numeric__RelationshipSatisfaction; numeric__TotalWorkingYears; numeric__DistanceFromHome; numeric__YearsSinceLastPromotion,train,Historical synthetic demo; not a current workforce forecast
EMP-106,0.015925887955851863,Low,numeric__TotalWorkingYears; numeric__EnvironmentSatisfaction; numeric__YearsInCurrentRole; numeric__JobSatisfaction; numeric__RelationshipSatisfaction,train,Historical synthetic demo; not a current workforce forecast
EMP-107,0.006957206650463298,Low,numeric__StockOptionLevel; numeric__JobInvolvement; numeric__YearsInCurrentRole; numeric__NumCompaniesWorked; categorical__OverTime_No,train,Historical synthetic demo; not a current workforce forecast
EMP-110,0.08247281420749566,Low,numeric__TotalWorkingYears; numeric__EnvironmentSatisfaction; numeric__StockOptionLevel; numeric__DistanceFromHome; numeric__YearsInCurrentRole,train,Historical synthetic demo; not a current workforce forecast
EMP-112,0.010465591309429737,Low,numeric__TotalWorkingYears; numeric__JobInvolvement; numeric__StockOptionLevel; numeric__RelationshipSatisfaction; numeric__EnvironmentSatisfaction,train,Historical synthetic demo; not a current workforce forecast
EMP-113,0.35675103438666966,Elevated,numeric__TotalWorkingYears; numeric__JobSatisfaction; categorical__JobRole_Sales Representative; numeric__YearsInCurrentRole; numeric__YearsSinceLastPromotion,train,Historical synthetic demo; not a current workforce forecast
EMP-116,0.012920469700500719,Low,numeric__StockOptionLevel; categorical__JobRole_Laboratory Technician; numeric__EnvironmentSatisfaction; numeric__JobSatisfaction; numeric__YearsSinceLastPromotion,train,Historical synthetic demo; not a current workforce forecast
EMP-117,0.006168955831161612,Low,numeric__StockOptionLevel; numeric__YearsSinceLastPromotion; numeric__YearsInCurrentRole; numeric__RelationshipSatisfaction; numeric__JobSatisfaction,train,Historical synthetic demo; not a current workforce forecast
EMP-118,0.03170539690740226,Low,numeric__StockOptionLevel; numeric__JobSatisfaction; numeric__RelationshipSatisfaction; numeric__YearsInCurrentRole; numeric__YearsSinceLastPromotion,train,Historical synthetic demo; not a current workforce forecast
EMP-119,0.03371457399573755,Low,numeric__YearsSinceLastPromotion; numeric__TotalWorkingYears; categorical__BusinessTravel_Travel_Frequently; numeric__YearsWithCurrManager; numeric__MonthlyIncome,train,Historical synthetic demo; not a current workforce forecast
EMP-120,0.2977473325424467,Moderate,numeric__WorkLifeBalance; categorical__OverTime_No; categorical__OverTime_Yes; numeric__StockOptionLevel; numeric__JobSatisfaction,train,Historical synthetic demo; not a current workforce forecast
EMP-121,0.05331035201077508,Low,numeric__StockOptionLevel; categorical__OverTime_No; categorical__OverTime_Yes; numeric__YearsInCurrentRole; numeric__JobInvolvement,train,Historical synthetic demo; not a current workforce forecast
EMP-124,0.17040145165016507,Low,numeric__YearsSinceLastPromotion; numeric__TotalWorkingYears; numeric__JobSatisfaction; categorical__OverTime_No; categorical__OverTime_Yes,train,Historical synthetic demo; not a current workforce forecast
EMP-125,0.11662043824368241,Low,numeric__StockOptionLevel; numeric__RelationshipSatisfaction; numeric__YearsSinceLastPromotion; numeric__TrainingTimesLastYear; numeric__YearsInCurrentRole,train,Historical synthetic demo; not a current workforce forecast
EMP-126,0.07114670784248472,Low,numeric__NumCompaniesWorked; numeric__WorkLifeBalance; numeric__EnvironmentSatisfaction; numeric__RelationshipSatisfaction; numeric__MonthlyIncome,train,Historical synthetic demo; not a current workforce forecast
EMP-128,0.13430381429554047,Low,numeric__TotalWorkingYears; numeric__EnvironmentSatisfaction; numeric__RelationshipSatisfaction; categorical__EducationField_Other; numeric__NumCompaniesWorked,train,Historical synthetic demo; not a current workforce forecast
EMP-129,0.05839760533648451,Low,numeric__TotalWorkingYears; numeric__StockOptionLevel; categorical__BusinessTravel_Non-Travel; numeric__WorkLifeBalance; numeric__YearsSinceLastPromotion,train,Historical synthetic demo; not a current workforce forecast
EMP-131,0.0027709538889116123,Low,numeric__TotalWorkingYears; numeric__YearsInCurrentRole; numeric__StockOptionLevel; numeric__EnvironmentSatisfaction; numeric__MonthlyIncome,train,Historical synthetic demo; not a current workforce forecast
EMP-132,0.08030296683368571,Low,categorical__JobRole_Laboratory Technician; categorical__BusinessTravel_Non-Travel; numeric__DistanceFromHome; numeric__WorkLifeBalance; numeric__TotalWorkingYears,train,Historical synthetic demo; not a current workforce forecast
EMP-133,0.5437129947596295,Elevated,numeric__JobSatisfaction; categorical__OverTime_No; categorical__OverTime_Yes; numeric__StockOptionLevel; numeric__TotalWorkingYears,train,Historical synthetic demo; not a current workforce forecast
EMP-134,0.0678822550960642,Low,numeric__TotalWorkingYears; numeric__JobSatisfaction; numeric__StockOptionLevel; numeric__EnvironmentSatisfaction; numeric__YearsInCurrentRole,train,Historical synthetic demo; not a current workforce forecast
EMP-137,0.6461602434940633,Elevated,numeric__TotalWorkingYears; categorical__JobRole_Laboratory Technician; categorical__OverTime_No; categorical__OverTime_Yes; categorical__BusinessTravel_Travel_Frequently,test,Historical synthetic demo; not a current workforce forecast
EMP-138,0.005956748166963246,Low,numeric__YearsInCurrentRole; numeric__EnvironmentSatisfaction; numeric__StockOptionLevel; categorical__EducationField_Other; numeric__YearsWithCurrManager,train,Historical synthetic demo; not a current workforce forecast
EMP-139,0.004198261205346181,Low,categorical__BusinessTravel_Non-Travel; numeric__YearsInCurrentRole; numeric__WorkLifeBalance; numeric__JobSatisfaction; numeric__TotalWorkingYears,validation,Historical synthetic demo; not a current workforce forecast
EMP-140,0.007079306751711655,Low,numeric__TotalWorkingYears; numeric__NumCompaniesWorked; numeric__MonthlyIncome; categorical__BusinessTravel_Non-Travel; numeric__JobSatisfaction,train,Historical synthetic demo; not a current workforce forecast
EMP-141,0.14552404364538868,Low,numeric__TotalWorkingYears; numeric__MonthlyIncome; categorical__OverTime_No; numeric__EnvironmentSatisfaction; categorical__OverTime_Yes,train,Historical synthetic demo; not a current workforce forecast
EMP-142,0.4698064935541673,Elevated,categorical__OverTime_No; categorical__OverTime_Yes; numeric__StockOptionLevel; numeric__TotalWorkingYears; numeric__RelationshipSatisfaction,train,Historical synthetic demo; not a current workforce forecast
EMP-143,0.016944145392841538,Low,numeric__TotalWorkingYears; numeric__StockOptionLevel; numeric__EnvironmentSatisfaction; numeric__JobSatisfaction; numeric__YearsInCurrentRole,train,Historical synthetic demo; not a current workforce forecast
EMP-144,0.19744505323981432,Moderate,numeric__TotalWorkingYears; categorical__JobRole_Laboratory Technician; numeric__StockOptionLevel; numeric__YearsInCurrentRole; numeric__JobSatisfaction,test,Historical synthetic demo; not a current workforce forecast
EMP-145,0.2311487115092182,Moderate,numeric__YearsSinceLastPromotion; numeric__TotalWorkingYears; numeric__YearsInCurrentRole; numeric__JobSatisfaction; numeric__EnvironmentSatisfaction,train,Historical synthetic demo; not a current workforce forecast
EMP-147,0.5682872091813661,Elevated,numeric__JobInvolvement; categorical__JobRole_Laboratory Technician; categorical__OverTime_No; numeric__EnvironmentSatisfaction; categorical__OverTime_Yes,train,Historical synthetic demo; not a current workforce forecast
EMP-148,0.07056803225103671,Low,numeric__TotalWorkingYears; numeric__MonthlyIncome; numeric__JobInvolvement; numeric__DistanceFromHome; categorical__OverTime_No,train,Historical synthetic demo; not a current workforce forecast
EMP-150,0.11734306268763642,Low,categorical__JobRole_Laboratory Technician; numeric__TotalWorkingYears; numeric__NumCompaniesWorked; numeric__DistanceFromHome; numeric__MonthlyIncome,train,Historical synthetic demo; not a current workforce forecast
EMP-151,0.06341328272194213,Low,numeric__YearsInCurrentRole; numeric__NumCompaniesWorked; numeric__YearsSinceLastPromotion; numeric__YearsWithCurrManager; numeric__JobInvolvement,validation,Historical synthetic demo; not a current workforce forecast
EMP-152,0.047763522967438805,Low,numeric__StockOptionLevel; numeric__RelationshipSatisfaction; numeric__JobSatisfaction; numeric__DistanceFromHome; categorical__OverTime_No,train,Historical synthetic demo; not a current workforce forecast
EMP-153,0.01483368524363774,Low,numeric__JobSatisfaction; numeric__YearsInCurrentRole; numeric__StockOptionLevel; numeric__TrainingTimesLastYear; numeric__YearsSinceLastPromotion,train,Historical synthetic demo; not a current workforce forecast
EMP-154,0.019204524969522678,Low,categorical__BusinessTravel_Travel_Frequently; numeric__TrainingTimesLastYear; numeric__JobSatisfaction; numeric__NumCompaniesWorked; numeric__YearsWithCurrManager,validation,Historical synthetic demo; not a current workforce forecast
EMP-155,0.2439961019286904,Moderate,categorical__JobRole_Laboratory Technician; numeric__EnvironmentSatisfaction; numeric__RelationshipSatisfaction; numeric__YearsInCurrentRole; numeric__TotalWorkingYears,train,Historical synthetic demo; not a current workforce forecast
EMP-158,0.009047470804445484,Low,numeric__TotalWorkingYears; numeric__YearsInCurrentRole; numeric__StockOptionLevel; numeric__MonthlyIncome; numeric__DistanceFromHome,train,Historical synthetic demo; not a current workforce forecast
EMP-159,0.027721696828298118,Low,numeric__StockOptionLevel; numeric__JobInvolvement; numeric__EnvironmentSatisfaction; categorical__BusinessTravel_Travel_Frequently; numeric__DistanceFromHome,train,Historical synthetic demo; not a current workforce forecast
EMP-160,0.031649547043201116,Low,numeric__RelationshipSatisfaction; categorical__BusinessTravel_Non-Travel; numeric__DistanceFromHome; numeric__WorkLifeBalance; numeric__NumCompaniesWorked,train,Historical synthetic demo; not a current workforce forecast
EMP-161,0.31400820965442977,Moderate,numeric__StockOptionLevel; numeric__NumCompaniesWorked; categorical__OverTime_No; categorical__OverTime_Yes; numeric__RelationshipSatisfaction,validation,Historical synthetic demo; not a current workforce forecast
EMP-162,0.012676913297969,Low,numeric__YearsSinceLastPromotion; numeric__YearsInCurrentRole; numeric__TotalWorkingYears; numeric__MonthlyIncome; numeric__YearsWithCurrManager,test,Historical synthetic demo; not a current workforce forecast
EMP-163,0.7623450031829736,Elevated,numeric__JobInvolvement; numeric__YearsSinceLastPromotion; categorical__OverTime_No; categorical__OverTime_Yes; numeric__StockOptionLevel,train,Historical synthetic demo; not a current workforce forecast
EMP-164,0.10687265783710527,Low,numeric__TotalWorkingYears; numeric__StockOptionLevel; categorical__EducationField_Other; numeric__MonthlyIncome; numeric__YearsSinceLastPromotion,train,Historical synthetic demo; not a current workforce forecast
EMP-165,0.00327932811626051,Low,numeric__TotalWorkingYears; numeric__YearsSinceLastPromotion; numeric__YearsInCurrentRole; numeric__EnvironmentSatisfaction; numeric__DistanceFromHome,test,Historical synthetic demo; not a current workforce forecast
EMP-167,0.8142694949408981,Elevated,numeric__TotalWorkingYears; categorical__OverTime_No; categorical__OverTime_Yes; categorical__JobRole_Sales Representative; numeric__StockOptionLevel,train,Historical synthetic demo; not a current workforce forecast
EMP-169,0.08517789637187433,Low,numeric__TotalWorkingYears; categorical__JobRole_Laboratory Technician; numeric__JobSatisfaction; numeric__YearsInCurrentRole; numeric__NumCompaniesWorked,train,Historical synthetic demo; not a current workforce forecast
EMP-170,0.028326040738552386,Low,numeric__YearsInCurrentRole; numeric__JobSatisfaction; numeric__StockOptionLevel; numeric__YearsWithCurrManager; numeric__YearsSinceLastPromotion,train,Historical synthetic demo; not a current workforce forecast
EMP-171,0.06727885229575295,Low,numeric__DistanceFromHome; numeric__JobInvolvement; categorical__BusinessTravel_Travel_Frequently; numeric__StockOptionLevel; numeric__TotalWorkingYears,train,Historical synthetic demo; not a current workforce forecast
EMP-174,0.10420292149081553,Low,categorical__BusinessTravel_Travel_Frequently; numeric__StockOptionLevel; numeric__JobSatisfaction; numeric__RelationshipSatisfaction; numeric__TotalWorkingYears,train,Historical synthetic demo; not a current workforce forecast
EMP-175,0.8041802548099048,Elevated,numeric__JobInvolvement; numeric__TotalWorkingYears; categorical__OverTime_No; categorical__OverTime_Yes; numeric__DistanceFromHome,validation,Historical synthetic demo; not a current workforce forecast
EMP-176,0.07376893085105439,Low,categorical__OverTime_No; categorical__OverTime_Yes; numeric__YearsSinceLastPromotion; numeric__YearsInCurrentRole; numeric__JobInvolvement,train,Historical synthetic demo; not a current workforce forecast
EMP-177,0.031445582527224264,Low,numeric__DistanceFromHome; numeric__YearsSinceLastPromotion; numeric__RelationshipSatisfaction; numeric__TotalWorkingYears; numeric__NumCompaniesWorked,train,Historical synthetic demo; not a current workforce forecast
EMP-178,0.04114425539667692,Low,numeric__StockOptionLevel; numeric__NumCompaniesWorked; numeric__TotalWorkingYears; numeric__TrainingTimesLastYear; numeric__RelationshipSatisfaction,test,Historical synthetic demo; not a current workforce forecast
EMP-179,0.06932162036009154,Low,numeric__JobInvolvement; numeric__EnvironmentSatisfaction; categorical__BusinessTravel_Travel_Frequently; numeric__StockOptionLevel; numeric__TotalWorkingYears,validation,Historical synthetic demo; not a current workforce forecast
EMP-182,0.010823423638146479,Low,numeric__YearsInCurrentRole; numeric__EnvironmentSatisfaction; numeric__YearsSinceLastPromotion; numeric__WorkLifeBalance; numeric__TotalWorkingYears,test,Historical synthetic demo; not a current workforce forecast
EMP-183,0.363762763228305,Elevated,numeric__DistanceFromHome; numeric__EnvironmentSatisfaction; numeric__StockOptionLevel; numeric__TotalWorkingYears; numeric__RelationshipSatisfaction,train,Historical synthetic demo; not a current workforce forecast
EMP-184,0.1621910946392046,Low,numeric__WorkLifeBalance; categorical__OverTime_No; categorical__OverTime_Yes; numeric__StockOptionLevel; numeric__YearsInCurrentRole,train,Historical synthetic demo; not a current workforce forecast
EMP-190,0.4129172251162276,Elevated,categorical__JobRole_Laboratory Technician; numeric__NumCompaniesWorked; numeric__JobSatisfaction; numeric__EnvironmentSatisfaction; numeric__StockOptionLevel,train,Historical synthetic demo; not a current workforce forecast
EMP-192,0.07992343881700045,Low,numeric__DistanceFromHome; numeric__StockOptionLevel; numeric__JobSatisfaction; numeric__YearsSinceLastPromotion; numeric__NumCompaniesWorked,test,Historical synthetic demo; not a current workforce forecast
EMP-193,0.14005757592995965,Low,categorical__OverTime_No; categorical__OverTime_Yes; numeric__TotalWorkingYears; numeric__StockOptionLevel; numeric__EnvironmentSatisfaction,train,Historical synthetic demo; not a current workforce forecast
EMP-194,0.10744260127717027,Low,numeric__TotalWorkingYears; numeric__EnvironmentSatisfaction; numeric__StockOptionLevel; numeric__YearsSinceLastPromotion; numeric__DistanceFromHome,train,Historical synthetic demo; not a current workforce forecast
EMP-195,0.006464064364766116,Low,numeric__StockOptionLevel; numeric__JobInvolvement; categorical__BusinessTravel_Travel_Frequently; numeric__EnvironmentSatisfaction; numeric__WorkLifeBalance,train,Historical synthetic demo; not a current workforce forecast
EMP-197,0.0503174397993327,Low,numeric__JobSatisfaction; numeric__EnvironmentSatisfaction; numeric__RelationshipSatisfaction; numeric__TotalWorkingYears; numeric__NumCompaniesWorked,train,Historical synthetic demo; not a current workforce forecast
EMP-198,0.08188199535442636,Low,categorical__JobRole_Laboratory Technician; numeric__StockOptionLevel; numeric__TotalWorkingYears; numeric__JobSatisfaction; numeric__NumCompaniesWorked,train,Historical synthetic demo; not a current workforce forecast
EMP-199,0.08575770328150961,Low,numeric__YearsSinceLastPromotion; numeric__TotalWorkingYears; numeric__MonthlyIncome; numeric__JobSatisfaction; categorical__BusinessTravel_Travel_Frequently,validation,Historical synthetic demo; not a current workforce forecast
EMP-200,0.08762104149730247,Low,categorical__JobRole_Laboratory Technician; numeric__JobSatisfaction; numeric__YearsInCurrentRole; numeric__TotalWorkingYears; numeric__RelationshipSatisfaction,test,Historical synthetic demo; not a current workforce forecast
EMP-201,0.20592038192111364,Moderate,numeric__TotalWorkingYears; categorical__JobRole_Laboratory Technician; numeric__StockOptionLevel; numeric__YearsInCurrentRole; numeric__RelationshipSatisfaction,train,Historical synthetic demo; not a current workforce forecast
EMP-202,0.03651826889011282,Low,numeric__TotalWorkingYears; numeric__YearsWithCurrManager; numeric__DistanceFromHome; categorical__BusinessTravel_Travel_Frequently; numeric__RelationshipSatisfaction,validation,Historical synthetic demo; not a current workforce forecast
EMP-204,0.01387834486668319,Low,numeric__StockOptionLevel; numeric__RelationshipSatisfaction; numeric__YearsInCurrentRole; numeric__DistanceFromHome; numeric__YearsSinceLastPromotion,train,Historical synthetic demo; not a current workforce forecast
EMP-205,0.3909925878526271,Elevated,numeric__WorkLifeBalance; categorical__OverTime_No; categorical__OverTime_Yes; categorical__JobRole_Sales Representative; numeric__RelationshipSatisfaction,train,Historical synthetic demo; not a current workforce forecast
EMP-206,0.05970446190863639,Low,numeric__YearsWithCurrManager; numeric__NumCompaniesWorked; categorical__JobRole_Laboratory Technician; numeric__TotalWorkingYears; numeric__WorkLifeBalance,validation,Historical synthetic demo; not a current workforce forecast
EMP-207,0.08191877479502642,Low,categorical__BusinessTravel_Travel_Frequently; numeric__StockOptionLevel; numeric__JobSatisfaction; numeric__RelationshipSatisfaction; numeric__YearsInCurrentRole,train,Historical synthetic demo; not a current workforce forecast
EMP-208,0.0058415373903234116,Low,numeric__RelationshipSatisfaction; numeric__EnvironmentSatisfaction; categorical__BusinessTravel_Non-Travel; numeric__DistanceFromHome; numeric__YearsSinceLastPromotion,train,Historical synthetic demo; not a current workforce forecast
EMP-211,0.08121267500320581,Low,numeric__StockOptionLevel; numeric__YearsInCurrentRole; numeric__YearsSinceLastPromotion; numeric__YearsWithCurrManager; numeric__JobInvolvement,validation,Historical synthetic demo; not a current workforce forecast
EMP-214,0.4328009625061537,Elevated,categorical__OverTime_No; categorical__OverTime_Yes; numeric__YearsInCurrentRole; numeric__YearsSinceLastPromotion; numeric__YearsWithCurrManager,train,Historical synthetic demo; not a current workforce forecast
EMP-215,0.04299327635506213,Low,numeric__YearsInCurrentRole; numeric__NumCompaniesWorked; numeric__RelationshipSatisfaction; numeric__YearsWithCurrManager; numeric__JobSatisfaction,train,Historical synthetic demo; not a current workforce forecast
EMP-216,0.2296847369131266,Moderate,categorical__JobRole_Sales Representative; categorical__BusinessTravel_Travel_Frequently; numeric__TotalWorkingYears; numeric__NumCompaniesWorked; numeric__RelationshipSatisfaction,train,Historical synthetic demo; not a current workforce forecast
EMP-217,0.015507121182845638,Low,numeric__TotalWorkingYears; numeric__StockOptionLevel; numeric__RelationshipSatisfaction; numeric__TrainingTimesLastYear; numeric__JobSatisfaction,validation,Historical synthetic demo; not a current workforce forecast
EMP-218,0.05594267072892679,Low,numeric__WorkLifeBalance; numeric__EnvironmentSatisfaction; categorical__BusinessTravel_Non-Travel; numeric__TotalWorkingYears; numeric__NumCompaniesWorked,train,Historical synthetic demo; not a current workforce forecast
EMP-221,0.06668199307372669,Low,numeric__WorkLifeBalance; numeric__TotalWorkingYears; numeric__JobSatisfaction; numeric__DistanceFromHome; numeric__YearsSinceLastPromotion,train,Historical synthetic demo; not a current workforce forecast
EMP-223,0.12895428598704226,Low,numeric__JobInvolvement; numeric__WorkLifeBalance; categorical__OverTime_No; categorical__OverTime_Yes; numeric__DistanceFromHome,train,Historical synthetic demo; not a current workforce forecast
EMP-224,0.10409708129139764,Low,numeric__TotalWorkingYears; categorical__OverTime_No; categorical__OverTime_Yes; categorical__BusinessTravel_Non-Travel; numeric__YearsInCurrentRole,train,Historical synthetic demo; not a current workforce forecast
EMP-226,0.017339574325913546,Low,numeric__MonthlyIncome; numeric__TotalWorkingYears; numeric__StockOptionLevel; numeric__TrainingTimesLastYear; numeric__JobLevel,train,Historical synthetic demo; not a current workforce forecast
EMP-227,0.043896051585644434,Low,numeric__EnvironmentSatisfaction; numeric__RelationshipSatisfaction; numeric__YearsInCurrentRole; numeric__MonthlyIncome; numeric__YearsWithCurrManager,train,Historical synthetic demo; not a current workforce forecast
EMP-228,0.03174208852203184,Low,numeric__YearsSinceLastPromotion; numeric__YearsInCurrentRole; numeric__JobSatisfaction; numeric__EnvironmentSatisfaction; numeric__DistanceFromHome,train,Historical synthetic demo; not a current workforce forecast
EMP-230,0.05300474010989327,Low,numeric__EnvironmentSatisfaction; numeric__StockOptionLevel; numeric__WorkLifeBalance; numeric__JobSatisfaction; numeric__DistanceFromHome,test,Historical synthetic demo; not a current workforce forecast
EMP-231,0.07689980210082603,Low,numeric__StockOptionLevel; numeric__RelationshipSatisfaction; numeric__TotalWorkingYears; numeric__DailyRate; numeric__MonthlyIncome,test,Historical synthetic demo; not a current workforce forecast
EMP-233,0.20536668183448864,Moderate,categorical__OverTime_No; categorical__OverTime_Yes; numeric__TotalWorkingYears; numeric__NumCompaniesWorked; numeric__RelationshipSatisfaction,train,Historical synthetic demo; not a current workforce forecast
EMP-235,0.7711806824799565,Elevated,numeric__TotalWorkingYears; numeric__JobInvolvement; numeric__JobSatisfaction; categorical__JobRole_Sales Representative; categorical__BusinessTravel_Travel_Frequently,train,Historical synthetic demo; not a current workforce forecast
EMP-238,0.29881070625835593,Moderate,numeric__YearsSinceLastPromotion; categorical__JobRole_Laboratory Technician; categorical__BusinessTravel_Travel_Frequently; numeric__StockOptionLevel; numeric__EnvironmentSatisfaction,train,Historical synthetic demo; not a current workforce forecast
EMP-239,0.018207015466310844,Low,numeric__StockOptionLevel; categorical__JobRole_Laboratory Technician; numeric__JobSatisfaction; numeric__YearsSinceLastPromotion; categorical__BusinessTravel_Non-Travel,test,Historical synthetic demo; not a current workforce forecast
EMP-240,0.32092830181245274,Moderate,numeric__JobSatisfaction; categorical__OverTime_No; categorical__OverTime_Yes; numeric__RelationshipSatisfaction; numeric__WorkLifeBalance,train,Historical synthetic demo; not a current workforce forecast
EMP-241,0.09745092322710219,Low,numeric__JobSatisfaction; categorical__OverTime_No; categorical__OverTime_Yes; numeric__TotalWorkingYears; numeric__YearsInCurrentRole,train,Historical synthetic demo; not a current workforce forecast
EMP-242,0.03778602226996909,Low,numeric__TotalWorkingYears; numeric__StockOptionLevel; numeric__RelationshipSatisfaction; numeric__WorkLifeBalance; numeric__JobSatisfaction,validation,Historical synthetic demo; not a current workforce forecast
EMP-243,0.3850635115836303,Elevated,numeric__TotalWorkingYears; categorical__JobRole_Laboratory Technician; numeric__StockOptionLevel; numeric__YearsInCurrentRole; numeric__JobSatisfaction,train,Historical synthetic demo; not a current workforce forecast
EMP-244,0.013934445093384226,Low,numeric__YearsSinceLastPromotion; numeric__StockOptionLevel; numeric__TotalWorkingYears; numeric__YearsInCurrentRole; numeric__JobSatisfaction,validation,Historical synthetic demo; not a current workforce forecast
EMP-245,0.11427325422357186,Low,numeric__TotalWorkingYears; categorical__JobRole_Laboratory Technician; numeric__StockOptionLevel; numeric__JobSatisfaction; numeric__YearsInCurrentRole,validation,Historical synthetic demo; not a current workforce forecast
EMP-246,0.21615433374049192,Moderate,numeric__NumCompaniesWorked; categorical__OverTime_No; categorical__OverTime_Yes; numeric__TotalWorkingYears; numeric__TrainingTimesLastYear,test,Historical synthetic demo; not a current workforce forecast
EMP-247,0.04631946463659384,Low,numeric__DistanceFromHome; numeric__StockOptionLevel; numeric__EnvironmentSatisfaction; numeric__RelationshipSatisfaction; numeric__YearsInCurrentRole,train,Historical synthetic demo; not a current workforce forecast
EMP-248,0.6705357999192066,Elevated,numeric__TotalWorkingYears; categorical__OverTime_No; categorical__OverTime_Yes; categorical__JobRole_Sales Representative; numeric__StockOptionLevel,validation,Historical synthetic demo; not a current workforce forecast
EMP-249,0.08196345561599995,Low,categorical__JobRole_Laboratory Technician; numeric__TotalWorkingYears; numeric__RelationshipSatisfaction; numeric__DistanceFromHome; numeric__YearsSinceLastPromotion,test,Historical synthetic demo; not a current workforce forecast
EMP-250,0.012865052842310865,Low,numeric__StockOptionLevel; numeric__JobInvolvement; numeric__JobSatisfaction; numeric__TotalWorkingYears; numeric__EnvironmentSatisfaction,train,Historical synthetic demo; not a current workforce forecast
EMP-252,0.004512208549823749,Low,numeric__EnvironmentSatisfaction; numeric__RelationshipSatisfaction; numeric__TrainingTimesLastYear; numeric__TotalWorkingYears; numeric__JobSatisfaction,train,Historical synthetic demo; not a current workforce forecast
EMP-253,0.005894488498420008,Low,numeric__YearsSinceLastPromotion; numeric__MonthlyIncome; numeric__TotalWorkingYears; numeric__EnvironmentSatisfaction; numeric__YearsInCurrentRole,test,Historical synthetic demo; not a current workforce forecast
EMP-254,0.0005439744821547064,Low,numeric__TotalWorkingYears; numeric__YearsInCurrentRole; numeric__YearsWithCurrManager; numeric__NumCompaniesWorked; numeric__MonthlyIncome,train,Historical synthetic demo; not a current workforce forecast
EMP-256,0.01967473150270946,Low,categorical__BusinessTravel_Travel_Frequently; numeric__StockOptionLevel; numeric__EnvironmentSatisfaction; numeric__YearsInCurrentRole; numeric__YearsWithCurrManager,train,Historical synthetic demo; not a current workforce forecast
EMP-258,0.002892344097278772,Low,numeric__TotalWorkingYears; numeric__StockOptionLevel; numeric__EnvironmentSatisfaction; numeric__TrainingTimesLastYear; numeric__MonthlyIncome,test,Historical synthetic demo; not a current workforce forecast
EMP-259,0.0013946535487720701,Low,numeric__TotalWorkingYears; numeric__YearsInCurrentRole; numeric__YearsSinceLastPromotion; numeric__MonthlyIncome; numeric__RelationshipSatisfaction,test,Historical synthetic demo; not a current workforce forecast
EMP-260,0.016569335342097636,Low,numeric__StockOptionLevel; numeric__EnvironmentSatisfaction; numeric__TotalWorkingYears; numeric__RelationshipSatisfaction; numeric__YearsSinceLastPromotion,test,Historical synthetic demo; not a current workforce forecast
EMP-261,0.7695707946034953,Elevated,categorical__OverTime_No; categorical__OverTime_Yes; numeric__StockOptionLevel; numeric__RelationshipSatisfaction; numeric__YearsInCurrentRole,train,Historical synthetic demo; not a current workforce forecast
EMP-262,0.0006113800896688164,Low,numeric__StockOptionLevel; numeric__JobInvolvement; numeric__EnvironmentSatisfaction; categorical__BusinessTravel_Non-Travel; numeric__WorkLifeBalance,train,Historical synthetic demo; not a current workforce forecast
EMP-264,0.02499688515685023,Low,numeric__YearsSinceLastPromotion; numeric__NumCompaniesWorked; numeric__TotalWorkingYears; numeric__MonthlyIncome; numeric__EnvironmentSatisfaction,train,Historical synthetic demo; not a current workforce forecast
EMP-267,0.27560237673648597,Moderate,numeric__JobInvolvement; numeric__JobSatisfaction; categorical__OverTime_No; categorical__OverTime_Yes; numeric__RelationshipSatisfaction,train,Historical synthetic demo; not a current workforce forecast
EMP-269,0.3285229332100076,Moderate,categorical__JobRole_Laboratory Technician; categorical__BusinessTravel_Travel_Frequently; numeric__StockOptionLevel; numeric__RelationshipSatisfaction; numeric__TrainingTimesLastYear,validation,Historical synthetic demo; not a current workforce forecast
EMP-270,0.01263413055371287,Low,categorical__BusinessTravel_Non-Travel; numeric__DistanceFromHome; numeric__TrainingTimesLastYear; numeric__YearsSinceLastPromotion; categorical__JobRole_Manufacturing Director,train,Historical synthetic demo; not a current workforce forecast
EMP-271,0.03762017241759284,Low,numeric__NumCompaniesWorked; numeric__StockOptionLevel; numeric__EnvironmentSatisfaction; numeric__YearsInCurrentRole; numeric__YearsSinceLastPromotion,train,Historical synthetic demo; not a current workforce forecast
EMP-273,0.03785774513211656,Low,numeric__DistanceFromHome; numeric__WorkLifeBalance; numeric__RelationshipSatisfaction; numeric__EnvironmentSatisfaction; numeric__JobSatisfaction,train,Historical synthetic demo; not a current workforce forecast
EMP-274,0.37484251949885145,Elevated,numeric__JobSatisfaction; categorical__BusinessTravel_Travel_Frequently; numeric__TotalWorkingYears; numeric__DistanceFromHome; numeric__NumCompaniesWorked,train,Historical synthetic demo; not a current workforce forecast
EMP-275,0.01823389056312505,Low,numeric__StockOptionLevel; categorical__OverTime_No; categorical__OverTime_Yes; numeric__RelationshipSatisfaction; numeric__EnvironmentSatisfaction,test,Historical synthetic demo; not a current workforce forecast
EMP-277,0.07649566210824352,Low,numeric__TotalWorkingYears; categorical__OverTime_No; categorical__OverTime_Yes; categorical__BusinessTravel_Travel_Frequently; numeric__EnvironmentSatisfaction,train,Historical synthetic demo; not a current workforce forecast
EMP-281,0.24917371787036124,Moderate,numeric__NumCompaniesWorked; categorical__JobRole_Laboratory Technician; categorical__OverTime_No; categorical__OverTime_Yes; numeric__WorkLifeBalance,train,Historical synthetic demo; not a current workforce forecast
EMP-282,0.6028158795596368,Elevated,numeric__DistanceFromHome; numeric__NumCompaniesWorked; numeric__JobSatisfaction; categorical__OverTime_No; categorical__OverTime_Yes,train,Historical synthetic demo; not a current workforce forecast
EMP-283,0.018605465395522276,Low,numeric__StockOptionLevel; numeric__DistanceFromHome; numeric__JobSatisfaction; numeric__RelationshipSatisfaction; numeric__YearsWithCurrManager,train,Historical synthetic demo; not a current workforce forecast
EMP-284,0.17794868527643778,Moderate,numeric__TotalWorkingYears; numeric__JobInvolvement; categorical__OverTime_No; categorical__OverTime_Yes; numeric__RelationshipSatisfaction,train,Historical synthetic demo; not a current workforce forecast
EMP-286,0.39990943967547676,Elevated,categorical__JobRole_Laboratory Technician; categorical__BusinessTravel_Travel_Frequently; numeric__StockOptionLevel; numeric__RelationshipSatisfaction; numeric__JobSatisfaction,test,Historical synthetic demo; not a current workforce forecast
EMP-287,0.02387386843693907,Low,numeric__NumCompaniesWorked; numeric__WorkLifeBalance; numeric__TotalWorkingYears; numeric__EnvironmentSatisfaction; categorical__BusinessTravel_Non-Travel,train,Historical synthetic demo; not a current workforce forecast
EMP-288,0.010097975134204431,Low,numeric__NumCompaniesWorked; numeric__JobSatisfaction; numeric__EnvironmentSatisfaction; numeric__TotalWorkingYears; categorical__JobRole_Healthcare Representative,train,Historical synthetic demo; not a current workforce forecast
EMP-291,0.09835593332700476,Low,numeric__YearsSinceLastPromotion; numeric__JobInvolvement; numeric__StockOptionLevel; numeric__EnvironmentSatisfaction; numeric__JobSatisfaction,train,Historical synthetic demo; not a current workforce forecast
EMP-292,0.011304529983110075,Low,numeric__StockOptionLevel; categorical__BusinessTravel_Non-Travel; numeric__YearsSinceLastPromotion; numeric__YearsInCurrentRole; numeric__DistanceFromHome,train,Historical synthetic demo; not a current workforce forecast
EMP-293,0.03320712448865711,Low,categorical__BusinessTravel_Travel_Frequently; numeric__StockOptionLevel; numeric__EnvironmentSatisfaction; numeric__TotalWorkingYears; numeric__RelationshipSatisfaction,train,Historical synthetic demo; not a current workforce forecast
EMP-296,0.006647993773026364,Low,numeric__StockOptionLevel; numeric__WorkLifeBalance; numeric__YearsInCurrentRole; categorical__JobRole_Research Director; numeric__RelationshipSatisfaction,test,Historical synthetic demo; not a current workforce forecast
EMP-297,0.19599858739825088,Moderate,numeric__JobSatisfaction; categorical__OverTime_No; categorical__OverTime_Yes; numeric__StockOptionLevel; numeric__EnvironmentSatisfaction,validation,Historical synthetic demo; not a current workforce forecast
EMP-298,0.0779642866880268,Low,categorical__OverTime_No; categorical__OverTime_Yes; numeric__StockOptionLevel; numeric__EnvironmentSatisfaction; numeric__YearsInCurrentRole,train,Historical synthetic demo; not a current workforce forecast
EMP-299,0.7150356300867107,Elevated,numeric__JobSatisfaction; numeric__DistanceFromHome; categorical__BusinessTravel_Travel_Frequently; numeric__StockOptionLevel; numeric__TrainingTimesLastYear,train,Historical synthetic demo; not a current workforce forecast
EMP-300,0.037331801234941904,Low,numeric__StockOptionLevel; numeric__TotalWorkingYears; numeric__NumCompaniesWorked; numeric__RelationshipSatisfaction; numeric__DistanceFromHome,test,Historical synthetic demo; not a current workforce forecast
EMP-302,0.037636123875240374,Low,numeric__YearsSinceLastPromotion; numeric__TotalWorkingYears; numeric__StockOptionLevel; numeric__EnvironmentSatisfaction; categorical__BusinessTravel_Non-Travel,train,Historical synthetic demo; not a current workforce forecast
EMP-303,0.014486928962491518,Low,numeric__JobSatisfaction; numeric__EnvironmentSatisfaction; numeric__RelationshipSatisfaction; numeric__YearsSinceLastPromotion; numeric__TotalWorkingYears,train,Historical synthetic demo; not a current workforce forecast
EMP-304,0.01813931891384868,Low,numeric__NumCompaniesWorked; numeric__YearsInCurrentRole; categorical__JobRole_Laboratory Technician; numeric__StockOptionLevel; numeric__EnvironmentSatisfaction,train,Historical synthetic demo; not a current workforce forecast
EMP-305,0.1292212205364152,Low,numeric__StockOptionLevel; numeric__NumCompaniesWorked; numeric__TotalWorkingYears; numeric__RelationshipSatisfaction; numeric__YearsInCurrentRole,train,Historical synthetic demo; not a current workforce forecast
EMP-306,0.010422023497907228,Low,numeric__StockOptionLevel; categorical__OverTime_No; categorical__OverTime_Yes; categorical__BusinessTravel_Travel_Frequently; categorical__EducationField_Other,validation,Historical synthetic demo; not a current workforce forecast
EMP-307,0.0051687147694975556,Low,numeric__StockOptionLevel; numeric__YearsWithCurrManager; numeric__YearsInCurrentRole; numeric__EnvironmentSatisfaction; numeric__TrainingTimesLastYear,test,Historical synthetic demo; not a current workforce forecast
EMP-308,0.010123893589995528,Low,numeric__JobInvolvement; categorical__BusinessTravel_Non-Travel; numeric__TotalWorkingYears; numeric__NumCompaniesWorked; numeric__RelationshipSatisfaction,train,Historical synthetic demo; not a current workforce forecast
EMP-309,0.03875620661468225,Low,numeric__RelationshipSatisfaction; numeric__YearsInCurrentRole; numeric__TrainingTimesLastYear; numeric__TotalWorkingYears; numeric__JobSatisfaction,validation,Historical synthetic demo; not a current workforce forecast
EMP-311,0.2043464490808849,Moderate,numeric__EnvironmentSatisfaction; categorical__JobRole_Sales Representative; categorical__BusinessTravel_Travel_Frequently; numeric__YearsSinceLastPromotion; numeric__JobSatisfaction,test,Historical synthetic demo; not a current workforce forecast
EMP-312,0.018601953812952494,Low,numeric__YearsInCurrentRole; categorical__BusinessTravel_Travel_Frequently; numeric__JobSatisfaction; numeric__RelationshipSatisfaction; numeric__TrainingTimesLastYear,test,Historical synthetic demo; not a current workforce forecast
EMP-314,0.045185762933918294,Low,categorical__BusinessTravel_Travel_Frequently; numeric__StockOptionLevel; numeric__RelationshipSatisfaction; numeric__WorkLifeBalance; numeric__DistanceFromHome,train,Historical synthetic demo; not a current workforce forecast
EMP-315,0.3137890100585536,Moderate,numeric__TotalWorkingYears; categorical__OverTime_No; categorical__OverTime_Yes; numeric__StockOptionLevel; numeric__JobSatisfaction,test,Historical synthetic demo; not a current workforce forecast
EMP-316,0.28208635183560554,Moderate,categorical__JobRole_Laboratory Technician; numeric__NumCompaniesWorked; numeric__StockOptionLevel; numeric__TotalWorkingYears; numeric__JobSatisfaction,train,Historical synthetic demo; not a current workforce forecast
EMP-319,0.0027186461996272305,Low,numeric__YearsSinceLastPromotion; numeric__YearsInCurrentRole; numeric__TotalWorkingYears; numeric__MonthlyIncome; numeric__YearsWithCurrManager,validation,Historical synthetic demo; not a current workforce forecast
EMP-321,0.3276492137667237,Moderate,numeric__NumCompaniesWorked; numeric__StockOptionLevel; numeric__TotalWorkingYears; numeric__RelationshipSatisfaction; numeric__YearsInCurrentRole,train,Historical synthetic demo; not a current workforce forecast
EMP-323,0.002015464932919707,Low,numeric__TotalWorkingYears; numeric__MonthlyIncome; numeric__EnvironmentSatisfaction; numeric__YearsInCurrentRole; numeric__JobSatisfaction,train,Historical synthetic demo; not a current workforce forecast
EMP-325,0.3973928177599869,Elevated,categorical__JobRole_Laboratory Technician; numeric__WorkLifeBalance; categorical__OverTime_No; categorical__OverTime_Yes; numeric__JobSatisfaction,train,Historical synthetic demo; not a current workforce forecast
EMP-327,0.00949957036811356,Low,numeric__YearsInCurrentRole; numeric__TotalWorkingYears; numeric__MonthlyIncome; categorical__OverTime_No; categorical__OverTime_Yes,test,Historical synthetic demo; not a current workforce forecast
EMP-328,0.29468545478424085,Moderate,categorical__JobRole_Laboratory Technician; numeric__NumCompaniesWorked; numeric__JobSatisfaction; numeric__EnvironmentSatisfaction; numeric__StockOptionLevel,train,Historical synthetic demo; not a current workforce forecast
EMP-329,0.08016464855052235,Low,numeric__YearsSinceLastPromotion; numeric__TotalWorkingYears; numeric__MonthlyIncome; categorical__OverTime_No; numeric__EnvironmentSatisfaction,train,Historical synthetic demo; not a current workforce forecast
EMP-330,0.1318819262404866,Low,categorical__JobRole_Sales Representative; numeric__RelationshipSatisfaction; numeric__TotalWorkingYears; numeric__TrainingTimesLastYear; numeric__JobSatisfaction,train,Historical synthetic demo; not a current workforce forecast
EMP-331,0.4785372387516065,Elevated,numeric__TotalWorkingYears; categorical__JobRole_Laboratory Technician; numeric__WorkLifeBalance; categorical__OverTime_No; categorical__OverTime_Yes,validation,Historical synthetic demo; not a current workforce forecast
EMP-332,0.025188344389196003,Low,numeric__StockOptionLevel; categorical__JobRole_Laboratory Technician; numeric__NumCompaniesWorked; numeric__TotalWorkingYears; numeric__DistanceFromHome,test,Historical synthetic demo; not a current workforce forecast
EMP-333,0.16302310074509185,Low,numeric__TotalWorkingYears; numeric__DistanceFromHome; numeric__StockOptionLevel; numeric__RelationshipSatisfaction; categorical__BusinessTravel_Non-Travel,validation,Historical synthetic demo; not a current workforce forecast
EMP-334,0.05853669286574729,Low,numeric__StockOptionLevel; numeric__JobSatisfaction; numeric__RelationshipSatisfaction; numeric__YearsInCurrentRole; numeric__TotalWorkingYears,test,Historical synthetic demo; not a current workforce forecast
EMP-335,0.03507378009367425,Low,numeric__StockOptionLevel; numeric__EnvironmentSatisfaction; numeric__RelationshipSatisfaction; numeric__DistanceFromHome; numeric__JobSatisfaction,train,Historical synthetic demo; not a current workforce forecast
EMP-336,0.0011286458324371988,Low,numeric__TotalWorkingYears; numeric__MonthlyIncome; numeric__JobInvolvement; numeric__YearsInCurrentRole; categorical__EducationField_Other,train,Historical synthetic demo; not a current workforce forecast
EMP-337,0.11716812433247524,Low,numeric__NumCompaniesWorked; categorical__BusinessTravel_Travel_Frequently; numeric__RelationshipSatisfaction; numeric__MonthlyIncome; categorical__JobRole_Research Director,test,Historical synthetic demo; not a current workforce forecast
EMP-338,0.04013108927493056,Low,numeric__TotalWorkingYears; numeric__JobSatisfaction; numeric__YearsSinceLastPromotion; numeric__YearsInCurrentRole; numeric__JobInvolvement,test,Historical synthetic demo; not a current workforce forecast
EMP-339,0.032778454774122216,Low,numeric__JobSatisfaction; numeric__EnvironmentSatisfaction; numeric__NumCompaniesWorked; numeric__YearsInCurrentRole; numeric__YearsSinceLastPromotion,validation,Historical synthetic demo; not a current workforce forecast
EMP-340,0.05597743003773861,Low,numeric__JobSatisfaction; numeric__RelationshipSatisfaction; numeric__YearsInCurrentRole; numeric__TotalWorkingYears; numeric__DistanceFromHome,train,Historical synthetic demo; not a current workforce forecast
EMP-341,0.036074172915581806,Low,numeric__JobInvolvement; numeric__EnvironmentSatisfaction; categorical__BusinessTravel_Travel_Frequently; numeric__RelationshipSatisfaction; numeric__YearsSinceLastPromotion,train,Historical synthetic demo; not a current workforce forecast
EMP-342,0.0529603198749068,Low,numeric__StockOptionLevel; numeric__EnvironmentSatisfaction; categorical__BusinessTravel_Travel_Frequently; numeric__YearsInCurrentRole; numeric__NumCompaniesWorked,test,Historical synthetic demo; not a current workforce forecast
EMP-343,0.03580356080353833,Low,numeric__YearsSinceLastPromotion; numeric__TotalWorkingYears; categorical__BusinessTravel_Travel_Frequently; numeric__StockOptionLevel; numeric__NumCompaniesWorked,train,Historical synthetic demo; not a current workforce forecast
EMP-346,0.056611163803766046,Low,numeric__StockOptionLevel; numeric__RelationshipSatisfaction; numeric__TotalWorkingYears; numeric__JobSatisfaction; numeric__MonthlyIncome,train,Historical synthetic demo; not a current workforce forecast
EMP-347,0.19766065468009478,Moderate,numeric__JobInvolvement; numeric__JobSatisfaction; categorical__OverTime_No; categorical__OverTime_Yes; numeric__StockOptionLevel,train,Historical synthetic demo; not a current workforce forecast
EMP-349,0.024717859055972857,Low,numeric__EnvironmentSatisfaction; numeric__JobSatisfaction; numeric__RelationshipSatisfaction; numeric__DistanceFromHome; numeric__YearsSinceLastPromotion,train,Historical synthetic demo; not a current workforce forecast
EMP-350,0.012819187837916255,Low,numeric__StockOptionLevel; numeric__TotalWorkingYears; numeric__EnvironmentSatisfaction; numeric__NumCompaniesWorked; numeric__RelationshipSatisfaction,train,Historical synthetic demo; not a current workforce forecast
EMP-351,0.2961193528470221,Moderate,numeric__YearsSinceLastPromotion; categorical__JobRole_Laboratory Technician; numeric__JobSatisfaction; categorical__OverTime_No; categorical__OverTime_Yes,train,Historical synthetic demo; not a current workforce forecast
EMP-352,0.0008417904266722527,Low,numeric__MonthlyIncome; numeric__TotalWorkingYears; numeric__EnvironmentSatisfaction; categorical__JobRole_Research Director; numeric__NumCompaniesWorked,validation,Historical synthetic demo; not a current workforce forecast
EMP-353,0.11205398167937337,Low,numeric__TotalWorkingYears; numeric__StockOptionLevel; numeric__YearsInCurrentRole; numeric__TrainingTimesLastYear; numeric__JobSatisfaction,train,Historical synthetic demo; not a current workforce forecast
EMP-355,0.5284850726589754,Elevated,numeric__DistanceFromHome; categorical__JobRole_Laboratory Technician; categorical__BusinessTravel_Travel_Frequently; numeric__StockOptionLevel; numeric__TotalWorkingYears,test,Historical synthetic demo; not a current workforce forecast
EMP-359,0.31788007139128266,Moderate,numeric__JobInvolvement; categorical__JobRole_Laboratory Technician; numeric__WorkLifeBalance; numeric__TotalWorkingYears; categorical__BusinessTravel_Travel_Frequently,train,Historical synthetic demo; not a current workforce forecast
EMP-361,0.0177255381242245,Low,numeric__YearsSinceLastPromotion; numeric__EnvironmentSatisfaction; categorical__BusinessTravel_Non-Travel; numeric__TrainingTimesLastYear; numeric__JobSatisfaction,validation,Historical synthetic demo; not a current workforce forecast
EMP-362,0.1919609007221415,Moderate,categorical__JobRole_Laboratory Technician; numeric__JobSatisfaction; numeric__StockOptionLevel; numeric__EnvironmentSatisfaction; numeric__RelationshipSatisfaction,train,Historical synthetic demo; not a current workforce forecast
EMP-363,0.2718488912480745,Moderate,numeric__TotalWorkingYears; numeric__JobInvolvement; numeric__YearsSinceLastPromotion; numeric__MonthlyIncome; categorical__OverTime_No,train,Historical synthetic demo; not a current workforce forecast
EMP-364,0.32106686061749645,Moderate,categorical__JobRole_Laboratory Technician; numeric__WorkLifeBalance; numeric__TotalWorkingYears; numeric__EnvironmentSatisfaction; numeric__StockOptionLevel,train,Historical synthetic demo; not a current workforce forecast
EMP-366,0.08290818418145392,Low,numeric__StockOptionLevel; numeric__EnvironmentSatisfaction; numeric__YearsInCurrentRole; numeric__YearsSinceLastPromotion; numeric__YearsWithCurrManager,train,Historical synthetic demo; not a current workforce forecast
EMP-367,0.07579205838970597,Low,numeric__YearsSinceLastPromotion; numeric__YearsInCurrentRole; numeric__DistanceFromHome; numeric__JobSatisfaction; numeric__NumCompaniesWorked,train,Historical synthetic demo; not a current workforce forecast
EMP-369,0.006580173066501217,Low,numeric__StockOptionLevel; numeric__JobInvolvement; numeric__JobSatisfaction; categorical__BusinessTravel_Non-Travel; numeric__TotalWorkingYears,train,Historical synthetic demo; not a current workforce forecast
EMP-372,0.024829528707262585,Low,numeric__TotalWorkingYears; categorical__OverTime_No; categorical__OverTime_Yes; numeric__StockOptionLevel; numeric__MonthlyIncome,test,Historical synthetic demo; not a current workforce forecast
EMP-373,0.006081996545938398,Low,numeric__YearsSinceLastPromotion; numeric__YearsInCurrentRole; categorical__JobRole_Laboratory Technician; numeric__EnvironmentSatisfaction; numeric__YearsWithCurrManager,validation,Historical synthetic demo; not a current workforce forecast
EMP-374,0.00553374288395168,Low,numeric__TotalWorkingYears; numeric__MonthlyIncome; numeric__YearsWithCurrManager; numeric__JobSatisfaction; numeric__YearsInCurrentRole,train,Historical synthetic demo; not a current workforce forecast
EMP-376,0.3057535589938624,Moderate,numeric__YearsSinceLastPromotion; numeric__DistanceFromHome; categorical__OverTime_No; numeric__EnvironmentSatisfaction; categorical__OverTime_Yes,train,Historical synthetic demo; not a current workforce forecast
EMP-377,0.005621228380060686,Low,numeric__TotalWorkingYears; numeric__EnvironmentSatisfaction; numeric__JobSatisfaction; numeric__RelationshipSatisfaction; numeric__YearsSinceLastPromotion,train,Historical synthetic demo; not a current workforce forecast
EMP-378,0.022537360506854467,Low,numeric__WorkLifeBalance; numeric__TotalWorkingYears; numeric__JobSatisfaction; numeric__TrainingTimesLastYear; numeric__YearsSinceLastPromotion,test,Historical synthetic demo; not a current workforce forecast
EMP-379,0.04186755108388349,Low,numeric__TotalWorkingYears; numeric__StockOptionLevel; numeric__RelationshipSatisfaction; numeric__EnvironmentSatisfaction; numeric__WorkLifeBalance,test,Historical synthetic demo; not a current workforce forecast
EMP-380,0.01639346266781352,Low,numeric__StockOptionLevel; categorical__OverTime_No; numeric__EnvironmentSatisfaction; categorical__OverTime_Yes; numeric__RelationshipSatisfaction,train,Historical synthetic demo; not a current workforce forecast
EMP-381,0.08687760054923677,Low,numeric__JobInvolvement; numeric__NumCompaniesWorked; numeric__YearsSinceLastPromotion; numeric__TrainingTimesLastYear; numeric__DistanceFromHome,train,Historical synthetic demo; not a current workforce forecast
EMP-382,0.5831177300949758,Elevated,numeric__YearsSinceLastPromotion; numeric__JobInvolvement; numeric__JobSatisfaction; categorical__OverTime_No; numeric__EnvironmentSatisfaction,train,Historical synthetic demo; not a current workforce forecast
EMP-384,0.04710701888628423,Low,numeric__WorkLifeBalance; categorical__BusinessTravel_Travel_Frequently; numeric__RelationshipSatisfaction; numeric__TrainingTimesLastYear; numeric__TotalWorkingYears,train,Historical synthetic demo; not a current workforce forecast
EMP-385,0.004042899140410339,Low,numeric__TotalWorkingYears; numeric__MonthlyIncome; numeric__StockOptionLevel; numeric__EnvironmentSatisfaction; numeric__RelationshipSatisfaction,train,Historical synthetic demo; not a current workforce forecast
EMP-386,0.002486610367541853,Low,numeric__StockOptionLevel; numeric__TotalWorkingYears; numeric__MonthlyIncome; categorical__OverTime_No; categorical__OverTime_Yes,train,Historical synthetic demo; not a current workforce forecast
EMP-387,0.025595896018138418,Low,numeric__YearsSinceLastPromotion; numeric__YearsInCurrentRole; numeric__TotalWorkingYears; numeric__StockOptionLevel; numeric__DistanceFromHome,train,Historical synthetic demo; not a current workforce forecast
EMP-388,0.11514382292792023,Low,categorical__BusinessTravel_Travel_Frequently; numeric__StockOptionLevel; numeric__RelationshipSatisfaction; numeric__JobSatisfaction; numeric__YearsSinceLastPromotion,train,Historical synthetic demo; not a current workforce forecast
EMP-389,0.13549569971602005,Low,categorical__JobRole_Laboratory Technician; categorical__OverTime_No; categorical__OverTime_Yes; numeric__JobSatisfaction; numeric__RelationshipSatisfaction,train,Historical synthetic demo; not a current workforce forecast
EMP-390,0.606127471993981,Elevated,numeric__JobSatisfaction; numeric__TotalWorkingYears; categorical__OverTime_No; numeric__EnvironmentSatisfaction; categorical__OverTime_Yes,train,Historical synthetic demo; not a current workforce forecast
EMP-391,0.00418278109461854,Low,numeric__YearsInCurrentRole; numeric__StockOptionLevel; numeric__EnvironmentSatisfaction; numeric__YearsSinceLastPromotion; numeric__JobSatisfaction,validation,Historical synthetic demo; not a current workforce forecast
EMP-392,0.5222041417635114,Elevated,categorical__JobRole_Laboratory Technician; numeric__WorkLifeBalance; categorical__OverTime_No; categorical__OverTime_Yes; categorical__BusinessTravel_Travel_Frequently,train,Historical synthetic demo; not a current workforce forecast
EMP-393,0.05183100806254655,Low,numeric__NumCompaniesWorked; numeric__EnvironmentSatisfaction; numeric__DistanceFromHome; numeric__JobSatisfaction; categorical__JobRole_Healthcare Representative,train,Historical synthetic demo; not a current workforce forecast
EMP-394,0.4996550321645846,Elevated,categorical__JobRole_Laboratory Technician; numeric__TotalWorkingYears; categorical__OverTime_No; numeric__EnvironmentSatisfaction; categorical__OverTime_Yes,train,Historical synthetic demo; not a current workforce forecast
EMP-395,0.0094519126973954,Low,numeric__TotalWorkingYears; numeric__StockOptionLevel; numeric__EnvironmentSatisfaction; numeric__JobSatisfaction; numeric__RelationshipSatisfaction,train,Historical synthetic demo; not a current workforce forecast
EMP-396,0.26829348388272156,Moderate,numeric__NumCompaniesWorked; numeric__TotalWorkingYears; numeric__MonthlyIncome; numeric__JobSatisfaction; categorical__OverTime_No,train,Historical synthetic demo; not a current workforce forecast
EMP-397,0.1934503181542566,Moderate,numeric__YearsSinceLastPromotion; numeric__StockOptionLevel; numeric__YearsInCurrentRole; numeric__RelationshipSatisfaction; numeric__DistanceFromHome,validation,Historical synthetic demo; not a current workforce forecast
EMP-399,0.2914024639299714,Moderate,numeric__TotalWorkingYears; categorical__JobRole_Sales Representative; categorical__BusinessTravel_Travel_Frequently; numeric__EnvironmentSatisfaction; numeric__TrainingTimesLastYear,validation,Historical synthetic demo; not a current workforce forecast
EMP-401,0.4997026448817391,Elevated,numeric__YearsSinceLastPromotion; categorical__OverTime_No; categorical__OverTime_Yes; numeric__StockOptionLevel; numeric__EnvironmentSatisfaction,validation,Historical synthetic demo; not a current workforce forecast
EMP-403,0.10406225518161283,Low,numeric__StockOptionLevel; numeric__TotalWorkingYears; categorical__OverTime_No; categorical__OverTime_Yes; categorical__BusinessTravel_Travel_Frequently,train,Historical synthetic demo; not a current workforce forecast
EMP-404,0.07395925449299677,Low,numeric__TotalWorkingYears; numeric__DistanceFromHome; categorical__BusinessTravel_Travel_Frequently; numeric__MonthlyIncome; numeric__WorkLifeBalance,train,Historical synthetic demo; not a current workforce forecast
EMP-405,0.2684407565329459,Moderate,numeric__TotalWorkingYears; categorical__JobRole_Laboratory Technician; numeric__StockOptionLevel; numeric__YearsInCurrentRole; numeric__MonthlyIncome,train,Historical synthetic demo; not a current workforce forecast
EMP-406,0.01909546814515716,Low,numeric__StockOptionLevel; numeric__YearsSinceLastPromotion; numeric__YearsInCurrentRole; numeric__NumCompaniesWorked; numeric__YearsWithCurrManager,train,Historical synthetic demo; not a current workforce forecast
EMP-407,0.06363989589089779,Low,numeric__StockOptionLevel; numeric__TotalWorkingYears; numeric__JobInvolvement; categorical__JobRole_Laboratory Technician; categorical__BusinessTravel_Travel_Frequently,train,Historical synthetic demo; not a current workforce forecast
EMP-408,0.022195422333065384,Low,numeric__JobInvolvement; numeric__EnvironmentSatisfaction; numeric__YearsInCurrentRole; numeric__RelationshipSatisfaction; numeric__NumCompaniesWorked,train,Historical synthetic demo; not a current workforce forecast
EMP-410,0.006801445684573947,Low,numeric__TotalWorkingYears; numeric__MonthlyIncome; numeric__YearsInCurrentRole; numeric__StockOptionLevel; numeric__EnvironmentSatisfaction,validation,Historical synthetic demo; not a current workforce forecast
EMP-411,0.5085676501543916,Elevated,numeric__TotalWorkingYears; categorical__JobRole_Sales Representative; numeric__StockOptionLevel; numeric__RelationshipSatisfaction; numeric__EnvironmentSatisfaction,test,Historical synthetic demo; not a current workforce forecast
EMP-412,0.023168733508867907,Low,numeric__JobInvolvement; numeric__JobSatisfaction; numeric__StockOptionLevel; numeric__NumCompaniesWorked; categorical__JobRole_Healthcare Representative,train,Historical synthetic demo; not a current workforce forecast
EMP-416,0.09139044735862506,Low,numeric__YearsSinceLastPromotion; numeric__JobInvolvement; numeric__JobSatisfaction; numeric__WorkLifeBalance; numeric__YearsInCurrentRole,validation,Historical synthetic demo; not a current workforce forecast
EMP-417,0.0002945308777271255,Low,numeric__StockOptionLevel; numeric__JobInvolvement; numeric__YearsInCurrentRole; numeric__TotalWorkingYears; numeric__RelationshipSatisfaction,train,Historical synthetic demo; not a current workforce forecast
EMP-419,0.05321954293336949,Low,categorical__JobRole_Laboratory Technician; numeric__NumCompaniesWorked; categorical__BusinessTravel_Non-Travel; numeric__DistanceFromHome; numeric__YearsInCurrentRole,train,Historical synthetic demo; not a current workforce forecast
EMP-420,0.020236251109371287,Low,numeric__EnvironmentSatisfaction; numeric__YearsInCurrentRole; numeric__YearsSinceLastPromotion; numeric__JobInvolvement; numeric__WorkLifeBalance,train,Historical synthetic demo; not a current workforce forecast
EMP-421,0.030244972092365586,Low,numeric__EnvironmentSatisfaction; numeric__TotalWorkingYears; numeric__DistanceFromHome; categorical__JobRole_Research Director; numeric__YearsInCurrentRole,train,Historical synthetic demo; not a current workforce forecast
EMP-422,0.051260588076685654,Low,numeric__JobInvolvement; categorical__OverTime_No; categorical__OverTime_Yes; numeric__EnvironmentSatisfaction; categorical__BusinessTravel_Non-Travel,train,Historical synthetic demo; not a current workforce forecast
EMP-423,0.04360559740977778,Low,categorical__OverTime_No; categorical__OverTime_Yes; numeric__TotalWorkingYears; numeric__JobSatisfaction; numeric__NumCompaniesWorked,train,Historical synthetic demo; not a current workforce forecast
EMP-424,0.5538742059158118,Elevated,numeric__JobSatisfaction; numeric__EnvironmentSatisfaction; numeric__StockOptionLevel; numeric__RelationshipSatisfaction; categorical__EducationField_Human Resources,validation,Historical synthetic demo; not a current workforce forecast
EMP-425,0.17576900402095208,Moderate,numeric__YearsSinceLastPromotion; numeric__TotalWorkingYears; categorical__JobRole_Laboratory Technician; numeric__JobSatisfaction; numeric__EnvironmentSatisfaction,train,Historical synthetic demo; not a current workforce forecast
EMP-426,0.23089294006552954,Moderate,numeric__TotalWorkingYears; numeric__WorkLifeBalance; categorical__OverTime_No; categorical__OverTime_Yes; numeric__JobSatisfaction,train,Historical synthetic demo; not a current workforce forecast
EMP-428,0.06106997160362932,Low,numeric__YearsSinceLastPromotion; numeric__StockOptionLevel; categorical__BusinessTravel_Travel_Frequently; numeric__EnvironmentSatisfaction; numeric__NumCompaniesWorked,train,Historical synthetic demo; not a current workforce forecast
EMP-429,0.10431219598729624,Low,numeric__YearsSinceLastPromotion; numeric__TotalWorkingYears; numeric__MonthlyIncome; numeric__JobSatisfaction; categorical__OverTime_No,train,Historical synthetic demo; not a current workforce forecast
EMP-430,0.08731307021398266,Low,categorical__JobRole_Laboratory Technician; categorical__BusinessTravel_Travel_Frequently; numeric__StockOptionLevel; numeric__RelationshipSatisfaction; numeric__JobSatisfaction,train,Historical synthetic demo; not a current workforce forecast
EMP-431,0.054946374405646516,Low,numeric__TotalWorkingYears; numeric__NumCompaniesWorked; categorical__OverTime_No; categorical__OverTime_Yes; numeric__StockOptionLevel,train,Historical synthetic demo; not a current workforce forecast
EMP-433,0.23714349807166243,Moderate,numeric__YearsSinceLastPromotion; numeric__StockOptionLevel; numeric__RelationshipSatisfaction; numeric__YearsInCurrentRole; numeric__JobInvolvement,train,Historical synthetic demo; not a current workforce forecast
EMP-434,0.3552728448407467,Elevated,numeric__TotalWorkingYears; categorical__OverTime_No; categorical__OverTime_Yes; numeric__StockOptionLevel; numeric__MonthlyIncome,validation,Historical synthetic demo; not a current workforce forecast
EMP-436,0.5023681158289913,Elevated,numeric__YearsSinceLastPromotion; numeric__YearsInCurrentRole; categorical__OverTime_No; categorical__OverTime_Yes; numeric__StockOptionLevel,train,Historical synthetic demo; not a current workforce forecast
EMP-437,0.20743087308624455,Moderate,numeric__TotalWorkingYears; categorical__OverTime_No; categorical__OverTime_Yes; numeric__StockOptionLevel; numeric__RelationshipSatisfaction,train,Historical synthetic demo; not a current workforce forecast
EMP-438,0.001772884866715015,Low,numeric__StockOptionLevel; numeric__EnvironmentSatisfaction; numeric__JobSatisfaction; numeric__RelationshipSatisfaction; numeric__YearsInCurrentRole,train,Historical synthetic demo; not a current workforce forecast
EMP-439,0.030689671591842493,Low,numeric__JobInvolvement; numeric__NumCompaniesWorked; numeric__EnvironmentSatisfaction; numeric__StockOptionLevel; numeric__TrainingTimesLastYear,train,Historical synthetic demo; not a current workforce forecast
EMP-440,0.5026346739418474,Elevated,numeric__JobInvolvement; numeric__TotalWorkingYears; categorical__OverTime_No; numeric__EnvironmentSatisfaction; categorical__OverTime_Yes,train,Historical synthetic demo; not a current workforce forecast
EMP-441,0.001681886155625097,Low,numeric__StockOptionLevel; numeric__DistanceFromHome; numeric__EnvironmentSatisfaction; numeric__JobSatisfaction; numeric__RelationshipSatisfaction,train,Historical synthetic demo; not a current workforce forecast
EMP-442,0.07691156235361936,Low,numeric__YearsSinceLastPromotion; categorical__BusinessTravel_Travel_Frequently; numeric__RelationshipSatisfaction; numeric__YearsInCurrentRole; numeric__YearsWithCurrManager,train,Historical synthetic demo; not a current workforce forecast
EMP-444,0.08809600188575681,Low,numeric__YearsSinceLastPromotion; numeric__MonthlyIncome; numeric__TotalWorkingYears; categorical__BusinessTravel_Travel_Frequently; numeric__RelationshipSatisfaction,validation,Historical synthetic demo; not a current workforce forecast
EMP-445,0.4254861687276192,Elevated,categorical__OverTime_No; categorical__OverTime_Yes; numeric__StockOptionLevel; numeric__RelationshipSatisfaction; numeric__EnvironmentSatisfaction,train,Historical synthetic demo; not a current workforce forecast
EMP-446,0.2263464713330684,Moderate,categorical__BusinessTravel_Travel_Frequently; numeric__StockOptionLevel; numeric__TrainingTimesLastYear; numeric__JobSatisfaction; numeric__YearsSinceLastPromotion,train,Historical synthetic demo; not a current workforce forecast
EMP-447,0.004641155761299077,Low,numeric__MonthlyIncome; numeric__TotalWorkingYears; numeric__EnvironmentSatisfaction; categorical__JobRole_Research Director; numeric__JobLevel,train,Historical synthetic demo; not a current workforce forecast
EMP-448,0.09399797702208428,Low,categorical__JobRole_Laboratory Technician; categorical__BusinessTravel_Travel_Frequently; numeric__WorkLifeBalance; numeric__YearsSinceLastPromotion; numeric__YearsWithCurrManager,test,Historical synthetic demo; not a current workforce forecast
EMP-449,0.15678956283651221,Low,categorical__OverTime_No; categorical__OverTime_Yes; categorical__BusinessTravel_Non-Travel; numeric__TotalWorkingYears; numeric__TrainingTimesLastYear,train,Historical synthetic demo; not a current workforce forecast
EMP-450,0.029381275282631746,Low,numeric__TotalWorkingYears; categorical__BusinessTravel_Travel_Frequently; numeric__StockOptionLevel; numeric__EnvironmentSatisfaction; numeric__RelationshipSatisfaction,train,Historical synthetic demo; not a current workforce forecast
EMP-451,0.20123305469702005,Moderate,numeric__NumCompaniesWorked; numeric__JobSatisfaction; numeric__RelationshipSatisfaction; numeric__YearsInCurrentRole; categorical__JobRole_Healthcare Representative,test,Historical synthetic demo; not a current workforce forecast
EMP-452,0.01589115557808245,Low,numeric__YearsSinceLastPromotion; numeric__NumCompaniesWorked; numeric__StockOptionLevel; numeric__RelationshipSatisfaction; numeric__EnvironmentSatisfaction,test,Historical synthetic demo; not a current workforce forecast
EMP-453,0.12170134857410989,Low,numeric__StockOptionLevel; numeric__JobInvolvement; categorical__OverTime_No; categorical__OverTime_Yes; numeric__TotalWorkingYears,train,Historical synthetic demo; not a current workforce forecast
EMP-454,0.5142553338886915,Elevated,numeric__JobInvolvement; categorical__JobRole_Laboratory Technician; numeric__JobSatisfaction; categorical__OverTime_No; categorical__OverTime_Yes,train,Historical synthetic demo; not a current workforce forecast
EMP-455,0.15969881771387176,Low,numeric__TotalWorkingYears; categorical__JobRole_Laboratory Technician; numeric__StockOptionLevel; categorical__EducationField_Other; numeric__JobSatisfaction,train,Historical synthetic demo; not a current workforce forecast
EMP-456,0.008076154673721308,Low,numeric__StockOptionLevel; numeric__EnvironmentSatisfaction; numeric__YearsInCurrentRole; numeric__JobInvolvement; numeric__NumCompaniesWorked,train,Historical synthetic demo; not a current workforce forecast
EMP-458,0.04962310334171449,Low,numeric__RelationshipSatisfaction; numeric__YearsSinceLastPromotion; numeric__TotalWorkingYears; numeric__JobSatisfaction; numeric__NumCompaniesWorked,test,Historical synthetic demo; not a current workforce forecast
EMP-460,0.009769978906824675,Low,numeric__StockOptionLevel; numeric__NumCompaniesWorked; numeric__EnvironmentSatisfaction; numeric__JobSatisfaction; numeric__YearsSinceLastPromotion,validation,Historical synthetic demo; not a current workforce forecast
EMP-461,0.023303176088712456,Low,numeric__YearsInCurrentRole; categorical__OverTime_No; categorical__OverTime_Yes; categorical__JobRole_Research Director; numeric__JobSatisfaction,train,Historical synthetic demo; not a current workforce forecast
EMP-462,0.05932190427191121,Low,categorical__OverTime_No; categorical__OverTime_Yes; numeric__StockOptionLevel; numeric__YearsInCurrentRole; numeric__JobSatisfaction,train,Historical synthetic demo; not a current workforce forecast
EMP-463,0.22305451010747562,Moderate,numeric__StockOptionLevel; categorical__OverTime_No; categorical__OverTime_Yes; numeric__RelationshipSatisfaction; numeric__EnvironmentSatisfaction,train,Historical synthetic demo; not a current workforce forecast
EMP-464,0.0029525595919247965,Low,numeric__YearsWithCurrManager; numeric__StockOptionLevel; numeric__NumCompaniesWorked; numeric__TotalWorkingYears; numeric__RelationshipSatisfaction,train,Historical synthetic demo; not a current workforce forecast
EMP-465,0.022329660918644207,Low,numeric__StockOptionLevel; numeric__TotalWorkingYears; numeric__DistanceFromHome; numeric__JobSatisfaction; numeric__YearsSinceLastPromotion,validation,Historical synthetic demo; not a current workforce forecast
EMP-466,0.2041516517580102,Moderate,categorical__OverTime_No; categorical__OverTime_Yes; numeric__StockOptionLevel; numeric__EnvironmentSatisfaction; numeric__NumCompaniesWorked,train,Historical synthetic demo; not a current workforce forecast
EMP-467,0.5598683188411488,Elevated,numeric__TotalWorkingYears; categorical__JobRole_Sales Representative; categorical__BusinessTravel_Travel_Frequently; numeric__StockOptionLevel; numeric__RelationshipSatisfaction,test,Historical synthetic demo; not a current workforce forecast
EMP-468,0.05701703488844599,Low,numeric__MonthlyIncome; numeric__EnvironmentSatisfaction; numeric__StockOptionLevel; numeric__YearsInCurrentRole; numeric__DistanceFromHome,train,Historical synthetic demo; not a current workforce forecast
EMP-469,0.040884549587085955,Low,numeric__TotalWorkingYears; numeric__RelationshipSatisfaction; numeric__EnvironmentSatisfaction; categorical__BusinessTravel_Non-Travel; numeric__YearsSinceLastPromotion,train,Historical synthetic demo; not a current workforce forecast
EMP-470,0.24576400338051474,Moderate,numeric__TotalWorkingYears; categorical__OverTime_No; categorical__OverTime_Yes; numeric__NumCompaniesWorked; numeric__TrainingTimesLastYear,train,Historical synthetic demo; not a current workforce forecast
EMP-471,0.03164702151189325,Low,categorical__JobRole_Laboratory Technician; numeric__YearsInCurrentRole; numeric__YearsSinceLastPromotion; numeric__TotalWorkingYears; numeric__DistanceFromHome,train,Historical synthetic demo; not a current workforce forecast
EMP-473,0.2652487519864716,Moderate,numeric__DistanceFromHome; numeric__WorkLifeBalance; numeric__EnvironmentSatisfaction; numeric__YearsInCurrentRole; numeric__MonthlyIncome,train,Historical synthetic demo; not a current workforce forecast
EMP-474,0.08187843866798813,Low,numeric__StockOptionLevel; numeric__JobInvolvement; numeric__JobSatisfaction; numeric__YearsSinceLastPromotion; categorical__OverTime_No,validation,Historical synthetic demo; not a current workforce forecast
EMP-475,0.5151300050414683,Elevated,numeric__TotalWorkingYears; numeric__NumCompaniesWorked; categorical__OverTime_No; categorical__OverTime_Yes; numeric__DistanceFromHome,train,Historical synthetic demo; not a current workforce forecast
EMP-476,0.04247969760641252,Low,numeric__YearsSinceLastPromotion; numeric__DistanceFromHome; numeric__TotalWorkingYears; numeric__NumCompaniesWorked; numeric__YearsInCurrentRole,train,Historical synthetic demo; not a current workforce forecast
EMP-477,0.018100330728405823,Low,numeric__EnvironmentSatisfaction; numeric__StockOptionLevel; numeric__YearsInCurrentRole; numeric__TrainingTimesLastYear; categorical__EducationField_Other,validation,Historical synthetic demo; not a current workforce forecast
EMP-478,0.9317486792629149,Elevated,numeric__TotalWorkingYears; categorical__OverTime_No; numeric__EnvironmentSatisfaction; categorical__OverTime_Yes; categorical__JobRole_Sales Representative,validation,Historical synthetic demo; not a current workforce forecast
EMP-479,0.02638288405751449,Low,numeric__StockOptionLevel; numeric__EnvironmentSatisfaction; categorical__BusinessTravel_Non-Travel; numeric__YearsInCurrentRole; numeric__TrainingTimesLastYear,train,Historical synthetic demo; not a current workforce forecast
EMP-481,0.06977008590875833,Low,numeric__EnvironmentSatisfaction; categorical__BusinessTravel_Travel_Frequently; numeric__YearsWithCurrManager; numeric__RelationshipSatisfaction; numeric__YearsInCurrentRole,train,Historical synthetic demo; not a current workforce forecast
EMP-482,0.009682700083286153,Low,numeric__StockOptionLevel; numeric__EnvironmentSatisfaction; categorical__JobRole_Healthcare Representative; numeric__DistanceFromHome; numeric__YearsInCurrentRole,train,Historical synthetic demo; not a current workforce forecast
EMP-483,0.05538898116946967,Low,numeric__JobInvolvement; categorical__JobRole_Laboratory Technician; categorical__OverTime_No; categorical__OverTime_Yes; numeric__EnvironmentSatisfaction,train,Historical synthetic demo; not a current workforce forecast
EMP-484,0.24320888067912153,Moderate,numeric__TotalWorkingYears; numeric__EnvironmentSatisfaction; categorical__JobRole_Sales Representative; numeric__StockOptionLevel; categorical__BusinessTravel_Non-Travel,train,Historical synthetic demo; not a current workforce forecast
EMP-485,0.7441948838077955,Elevated,numeric__TotalWorkingYears; categorical__OverTime_No; categorical__OverTime_Yes; categorical__JobRole_Sales Representative; numeric__StockOptionLevel,train,Historical synthetic demo; not a current workforce forecast
EMP-486,0.06897221365325686,Low,categorical__JobRole_Laboratory Technician; numeric__JobSatisfaction; numeric__NumCompaniesWorked; numeric__TotalWorkingYears; numeric__YearsSinceLastPromotion,train,Historical synthetic demo; not a current workforce forecast
EMP-487,0.023626551415872103,Low,numeric__StockOptionLevel; categorical__BusinessTravel_Non-Travel; numeric__YearsInCurrentRole; numeric__WorkLifeBalance; numeric__TotalWorkingYears,train,Historical synthetic demo; not a current workforce forecast
EMP-488,0.29092372469822714,Moderate,numeric__YearsSinceLastPromotion; numeric__EnvironmentSatisfaction; categorical__BusinessTravel_Travel_Frequently; numeric__StockOptionLevel; numeric__TrainingTimesLastYear,train,Historical synthetic demo; not a current workforce forecast
EMP-491,0.011066736330341836,Low,numeric__TotalWorkingYears; numeric__StockOptionLevel; numeric__EnvironmentSatisfaction; numeric__NumCompaniesWorked; numeric__JobSatisfaction,train,Historical synthetic demo; not a current workforce forecast
EMP-492,0.33688326731734636,Moderate,numeric__StockOptionLevel; categorical__OverTime_No; categorical__OverTime_Yes; numeric__RelationshipSatisfaction; numeric__TrainingTimesLastYear,train,Historical synthetic demo; not a current workforce forecast
EMP-493,0.27482427152652034,Moderate,numeric__TotalWorkingYears; categorical__OverTime_No; categorical__OverTime_Yes; numeric__StockOptionLevel; numeric__NumCompaniesWorked,validation,Historical synthetic demo; not a current workforce forecast
EMP-494,0.3259763649010297,Moderate,numeric__TotalWorkingYears; numeric__JobInvolvement; categorical__JobRole_Sales Representative; numeric__StockOptionLevel; numeric__YearsInCurrentRole,train,Historical synthetic demo; not a current workforce forecast
EMP-495,0.0617184394207145,Low,numeric__NumCompaniesWorked; numeric__StockOptionLevel; numeric__EnvironmentSatisfaction; numeric__TotalWorkingYears; numeric__DistanceFromHome,train,Historical synthetic demo; not a current workforce forecast
EMP-496,0.09877993057681234,Low,numeric__NumCompaniesWorked; numeric__StockOptionLevel; numeric__YearsInCurrentRole; categorical__JobRole_Healthcare Representative; numeric__TrainingTimesLastYear,validation,Historical synthetic demo; not a current workforce forecast
EMP-497,0.04374323977976534,Low,categorical__JobRole_Laboratory Technician; numeric__TotalWorkingYears; numeric__EnvironmentSatisfaction; numeric__DistanceFromHome; numeric__YearsSinceLastPromotion,train,Historical synthetic demo; not a current workforce forecast
EMP-498,0.03968858077306062,Low,numeric__StockOptionLevel; numeric__TotalWorkingYears; numeric__JobSatisfaction; numeric__RelationshipSatisfaction; numeric__YearsSinceLastPromotion,test,Historical synthetic demo; not a current workforce forecast
EMP-499,0.022687221762577942,Low,numeric__TotalWorkingYears; numeric__NumCompaniesWorked; numeric__StockOptionLevel; categorical__EducationField_Other; categorical__JobRole_Healthcare Representative,train,Historical synthetic demo; not a current workforce forecast
EMP-500,0.013026330125186034,Low,numeric__TotalWorkingYears; numeric__JobSatisfaction; numeric__YearsSinceLastPromotion; numeric__WorkLifeBalance; numeric__YearsInCurrentRole,train,Historical synthetic demo; not a current workforce forecast
EMP-501,0.029365165165508314,Low,numeric__EnvironmentSatisfaction; numeric__TotalWorkingYears; numeric__DistanceFromHome; numeric__YearsInCurrentRole; numeric__MonthlyIncome,test,Historical synthetic demo; not a current workforce forecast
EMP-502,0.5637325394128804,Elevated,numeric__NumCompaniesWorked; numeric__JobInvolvement; categorical__OverTime_No; numeric__EnvironmentSatisfaction; categorical__OverTime_Yes,train,Historical synthetic demo; not a current workforce forecast
EMP-505,0.01059360389968867,Low,numeric__TotalWorkingYears; numeric__MonthlyIncome; categorical__OverTime_No; categorical__OverTime_Yes; numeric__StockOptionLevel,train,Historical synthetic demo; not a current workforce forecast
EMP-507,0.0884487430499183,Low,numeric__TotalWorkingYears; categorical__OverTime_No; categorical__OverTime_Yes; numeric__EnvironmentSatisfaction; numeric__WorkLifeBalance,validation,Historical synthetic demo; not a current workforce forecast
EMP-508,0.3901133563686783,Elevated,numeric__TotalWorkingYears; categorical__JobRole_Sales Representative; numeric__RelationshipSatisfaction; numeric__YearsInCurrentRole; numeric__YearsSinceLastPromotion,train,Historical synthetic demo; not a current workforce forecast
EMP-510,0.10213400466754984,Low,numeric__JobSatisfaction; categorical__BusinessTravel_Travel_Frequently; numeric__StockOptionLevel; numeric__TotalWorkingYears; numeric__NumCompaniesWorked,test,Historical synthetic demo; not a current workforce forecast
EMP-511,0.14339725927351357,Low,numeric__TotalWorkingYears; numeric__EnvironmentSatisfaction; numeric__YearsInCurrentRole; numeric__RelationshipSatisfaction; numeric__MonthlyIncome,train,Historical synthetic demo; not a current workforce forecast
EMP-513,0.11649627161111571,Low,numeric__YearsSinceLastPromotion; numeric__StockOptionLevel; numeric__YearsInCurrentRole; numeric__YearsWithCurrManager; numeric__DistanceFromHome,train,Historical synthetic demo; not a current workforce forecast
EMP-514,0.6440584284535045,Elevated,numeric__NumCompaniesWorked; numeric__TotalWorkingYears; categorical__OverTime_No; categorical__OverTime_Yes; categorical__BusinessTravel_Travel_Frequently,train,Historical synthetic demo; not a current workforce forecast
EMP-515,0.06863295262826742,Low,numeric__YearsSinceLastPromotion; numeric__YearsWithCurrManager; categorical__JobRole_Laboratory Technician; numeric__JobSatisfaction; numeric__EnvironmentSatisfaction,train,Historical synthetic demo; not a current workforce forecast
EMP-516,0.03484177096736795,Low,numeric__StockOptionLevel; numeric__NumCompaniesWorked; numeric__EnvironmentSatisfaction; numeric__TrainingTimesLastYear; numeric__TotalWorkingYears,train,Historical synthetic demo; not a current workforce forecast
EMP-517,0.1448770281178759,Low,categorical__JobRole_Laboratory Technician; numeric__JobSatisfaction; numeric__TrainingTimesLastYear; numeric__DistanceFromHome; numeric__TotalWorkingYears,train,Historical synthetic demo; not a current workforce forecast
EMP-518,0.15366205485877252,Low,categorical__OverTime_No; categorical__OverTime_Yes; numeric__StockOptionLevel; numeric__YearsInCurrentRole; numeric__TotalWorkingYears,train,Historical synthetic demo; not a current workforce forecast
EMP-520,0.006090618741053498,Low,numeric__TotalWorkingYears; numeric__YearsInCurrentRole; numeric__EnvironmentSatisfaction; numeric__MonthlyIncome; categorical__JobRole_Research Director,test,Historical synthetic demo; not a current workforce forecast
EMP-521,0.10855652990279241,Low,categorical__JobRole_Laboratory Technician; numeric__TotalWorkingYears; numeric__YearsInCurrentRole; numeric__NumCompaniesWorked; numeric__YearsSinceLastPromotion,train,Historical synthetic demo; not a current workforce forecast
EMP-522,0.015348143923366803,Low,numeric__TotalWorkingYears; numeric__MonthlyIncome; numeric__JobSatisfaction; numeric__EnvironmentSatisfaction; categorical__JobRole_Research Director,train,Historical synthetic demo; not a current workforce forecast
EMP-523,0.11821913670243889,Low,numeric__NumCompaniesWorked; numeric__RelationshipSatisfaction; categorical__BusinessTravel_Non-Travel; numeric__TotalWorkingYears; numeric__YearsInCurrentRole,train,Historical synthetic demo; not a current workforce forecast
EMP-524,0.02646192419474376,Low,numeric__JobSatisfaction; numeric__WorkLifeBalance; numeric__YearsInCurrentRole; numeric__YearsWithCurrManager; numeric__TrainingTimesLastYear,train,Historical synthetic demo; not a current workforce forecast
EMP-525,0.40458569187336285,Elevated,categorical__JobRole_Laboratory Technician; numeric__NumCompaniesWorked; categorical__BusinessTravel_Travel_Frequently; numeric__RelationshipSatisfaction; numeric__EnvironmentSatisfaction,train,Historical synthetic demo; not a current workforce forecast
EMP-526,0.06717166407052812,Low,categorical__OverTime_No; categorical__OverTime_Yes; numeric__StockOptionLevel; categorical__EducationField_Other; numeric__RelationshipSatisfaction,train,Historical synthetic demo; not a current workforce forecast
EMP-527,0.41862686959945156,Elevated,numeric__TotalWorkingYears; categorical__OverTime_No; categorical__OverTime_Yes; numeric__StockOptionLevel; numeric__JobSatisfaction,validation,Historical synthetic demo; not a current workforce forecast
EMP-529,0.10904531794290637,Low,numeric__YearsSinceLastPromotion; numeric__StockOptionLevel; numeric__YearsInCurrentRole; categorical__OverTime_No; categorical__OverTime_Yes,train,Historical synthetic demo; not a current workforce forecast
EMP-530,0.1693028222544097,Low,numeric__TotalWorkingYears; categorical__JobRole_Laboratory Technician; numeric__JobSatisfaction; numeric__EnvironmentSatisfaction; numeric__DistanceFromHome,train,Historical synthetic demo; not a current workforce forecast
EMP-531,0.024042048589935628,Low,numeric__MonthlyIncome; numeric__TotalWorkingYears; categorical__OverTime_No; categorical__OverTime_Yes; categorical__BusinessTravel_Travel_Frequently,train,Historical synthetic demo; not a current workforce forecast
EMP-532,0.011303221951515879,Low,numeric__TotalWorkingYears; numeric__StockOptionLevel; numeric__NumCompaniesWorked; numeric__YearsSinceLastPromotion; numeric__JobInvolvement,test,Historical synthetic demo; not a current workforce forecast
EMP-533,0.14089579639585798,Low,numeric__StockOptionLevel; numeric__TrainingTimesLastYear; numeric__TotalWorkingYears; numeric__NumCompaniesWorked; numeric__YearsSinceLastPromotion,train,Historical synthetic demo; not a current workforce forecast
EMP-534,0.027035293032155794,Low,numeric__JobInvolvement; numeric__JobSatisfaction; numeric__DistanceFromHome; numeric__YearsSinceLastPromotion; numeric__NumCompaniesWorked,test,Historical synthetic demo; not a current workforce forecast
EMP-536,0.07235033970163966,Low,categorical__JobRole_Laboratory Technician; numeric__JobSatisfaction; numeric__YearsInCurrentRole; numeric__RelationshipSatisfaction; numeric__YearsWithCurrManager,train,Historical synthetic demo; not a current workforce forecast
EMP-538,0.16655400124707567,Low,categorical__JobRole_Laboratory Technician; numeric__JobSatisfaction; numeric__EnvironmentSatisfaction; numeric__TotalWorkingYears; numeric__TrainingTimesLastYear,train,Historical synthetic demo; not a current workforce forecast
EMP-543,0.02145994488351405,Low,numeric__TotalWorkingYears; categorical__OverTime_No; categorical__OverTime_Yes; numeric__StockOptionLevel; numeric__EnvironmentSatisfaction,validation,Historical synthetic demo; not a current workforce forecast
EMP-544,0.019890996830147573,Low,numeric__StockOptionLevel; numeric__EnvironmentSatisfaction; numeric__JobSatisfaction; numeric__RelationshipSatisfaction; numeric__YearsSinceLastPromotion,train,Historical synthetic demo; not a current workforce forecast
EMP-546,0.002940714746391365,Low,numeric__TotalWorkingYears; numeric__MonthlyIncome; numeric__WorkLifeBalance; numeric__StockOptionLevel; numeric__EnvironmentSatisfaction,train,Historical synthetic demo; not a current workforce forecast
EMP-547,0.08310995152441676,Low,numeric__DistanceFromHome; numeric__EnvironmentSatisfaction; categorical__BusinessTravel_Travel_Frequently; numeric__TotalWorkingYears; numeric__YearsSinceLastPromotion,validation,Historical synthetic demo; not a current workforce forecast
EMP-548,0.04461885395161029,Low,numeric__JobInvolvement; numeric__StockOptionLevel; numeric__JobSatisfaction; numeric__YearsSinceLastPromotion; numeric__DistanceFromHome,train,Historical synthetic demo; not a current workforce forecast
EMP-549,0.05954584908189306,Low,numeric__TotalWorkingYears; numeric__YearsSinceLastPromotion; numeric__MonthlyIncome; numeric__JobSatisfaction; numeric__WorkLifeBalance,train,Historical synthetic demo; not a current workforce forecast
EMP-550,0.00310284751975507,Low,numeric__TotalWorkingYears; numeric__TrainingTimesLastYear; numeric__YearsSinceLastPromotion; numeric__DistanceFromHome; numeric__WorkLifeBalance,train,Historical synthetic demo; not a current workforce forecast
EMP-551,0.0035718915914939044,Low,numeric__StockOptionLevel; numeric__DistanceFromHome; categorical__BusinessTravel_Travel_Frequently; numeric__EnvironmentSatisfaction; numeric__WorkLifeBalance,train,Historical synthetic demo; not a current workforce forecast
EMP-554,0.6969992764780457,Elevated,categorical__OverTime_No; numeric__EnvironmentSatisfaction; categorical__OverTime_Yes; categorical__JobRole_Sales Representative; numeric__StockOptionLevel,train,Historical synthetic demo; not a current workforce forecast
EMP-555,0.4525184395781343,Elevated,numeric__TotalWorkingYears; numeric__JobInvolvement; categorical__JobRole_Sales Representative; categorical__BusinessTravel_Travel_Frequently; numeric__EnvironmentSatisfaction,train,Historical synthetic demo; not a current workforce forecast
EMP-556,0.2842768033775788,Moderate,numeric__TotalWorkingYears; categorical__JobRole_Laboratory Technician; categorical__OverTime_No; categorical__OverTime_Yes; categorical__BusinessTravel_Travel_Frequently,test,Historical synthetic demo; not a current workforce forecast
EMP-558,0.0009926042727028727,Low,numeric__YearsInCurrentRole; numeric__MonthlyIncome; numeric__TotalWorkingYears; numeric__StockOptionLevel; numeric__YearsWithCurrManager,train,Historical synthetic demo; not a current workforce forecast
EMP-560,0.050663127035916654,Low,numeric__TotalWorkingYears; numeric__StockOptionLevel; numeric__WorkLifeBalance; numeric__EnvironmentSatisfaction; numeric__DistanceFromHome,train,Historical synthetic demo; not a current workforce forecast
EMP-562,0.03568432733641277,Low,categorical__JobRole_Laboratory Technician; numeric__WorkLifeBalance; categorical__BusinessTravel_Non-Travel; numeric__JobSatisfaction; numeric__MonthlyIncome,train,Historical synthetic demo; not a current workforce forecast
EMP-564,0.01848935858034192,Low,numeric__StockOptionLevel; categorical__JobRole_Research Director; numeric__YearsSinceLastPromotion; numeric__MonthlyIncome; numeric__YearsInCurrentRole,train,Historical synthetic demo; not a current workforce forecast
EMP-565,0.37180419817922394,Elevated,numeric__StockOptionLevel; numeric__DistanceFromHome; numeric__TotalWorkingYears; numeric__WorkLifeBalance; numeric__NumCompaniesWorked,train,Historical synthetic demo; not a current workforce forecast
EMP-566,0.3038810099024464,Moderate,numeric__TotalWorkingYears; numeric__EnvironmentSatisfaction; numeric__StockOptionLevel; numeric__YearsInCurrentRole; numeric__WorkLifeBalance,train,Historical synthetic demo; not a current workforce forecast
EMP-567,0.05109721993642997,Low,numeric__YearsSinceLastPromotion; numeric__JobSatisfaction; numeric__StockOptionLevel; categorical__BusinessTravel_Non-Travel; categorical__EducationField_Other,train,Historical synthetic demo; not a current workforce forecast
EMP-568,0.09036663376901087,Low,numeric__TotalWorkingYears; numeric__DistanceFromHome; numeric__EnvironmentSatisfaction; numeric__YearsInCurrentRole; numeric__MonthlyIncome,train,Historical synthetic demo; not a current workforce forecast
EMP-569,0.046266380790636455,Low,numeric__YearsSinceLastPromotion; numeric__TotalWorkingYears; numeric__DistanceFromHome; numeric__MonthlyIncome; numeric__YearsInCurrentRole,train,Historical synthetic demo; not a current workforce forecast
EMP-571,0.029330339966129305,Low,categorical__JobRole_Laboratory Technician; numeric__YearsSinceLastPromotion; numeric__StockOptionLevel; categorical__BusinessTravel_Non-Travel; numeric__JobSatisfaction,train,Historical synthetic demo; not a current workforce forecast
EMP-573,0.14110655448168516,Low,numeric__YearsSinceLastPromotion; numeric__YearsInCurrentRole; numeric__TotalWorkingYears; numeric__DistanceFromHome; numeric__JobSatisfaction,train,Historical synthetic demo; not a current workforce forecast
EMP-574,0.003727208931900863,Low,numeric__StockOptionLevel; numeric__TotalWorkingYears; numeric__EnvironmentSatisfaction; numeric__YearsInCurrentRole; numeric__JobSatisfaction,train,Historical synthetic demo; not a current workforce forecast
EMP-575,0.026136141130865008,Low,numeric__TotalWorkingYears; numeric__MonthlyIncome; numeric__WorkLifeBalance; numeric__EnvironmentSatisfaction; numeric__StockOptionLevel,test,Historical synthetic demo; not a current workforce forecast
EMP-577,0.3722288464826239,Elevated,numeric__JobInvolvement; categorical__JobRole_Laboratory Technician; numeric__StockOptionLevel; numeric__EnvironmentSatisfaction; numeric__TotalWorkingYears,train,Historical synthetic demo; not a current workforce forecast
EMP-578,0.15024748013939407,Low,categorical__JobRole_Laboratory Technician; numeric__NumCompaniesWorked; numeric__TotalWorkingYears; numeric__StockOptionLevel; numeric__YearsInCurrentRole,train,Historical synthetic demo; not a current workforce forecast
EMP-579,0.012886527134738703,Low,numeric__EnvironmentSatisfaction; numeric__YearsSinceLastPromotion; numeric__DistanceFromHome; numeric__JobInvolvement; numeric__MonthlyIncome,train,Historical synthetic demo; not a current workforce forecast
EMP-580,0.10938736940645857,Low,categorical__OverTime_No; categorical__OverTime_Yes; numeric__JobSatisfaction; numeric__YearsInCurrentRole; numeric__JobInvolvement,train,Historical synthetic demo; not a current workforce forecast
EMP-581,0.0011685972035568395,Low,numeric__TrainingTimesLastYear; numeric__WorkLifeBalance; numeric__RelationshipSatisfaction; numeric__YearsInCurrentRole; numeric__YearsSinceLastPromotion,train,Historical synthetic demo; not a current workforce forecast
EMP-582,0.2253718367420299,Moderate,numeric__YearsSinceLastPromotion; numeric__NumCompaniesWorked; categorical__OverTime_No; categorical__OverTime_Yes; numeric__StockOptionLevel,train,Historical synthetic demo; not a current workforce forecast
EMP-584,0.2433458566970325,Moderate,numeric__StockOptionLevel; numeric__JobInvolvement; categorical__JobRole_Laboratory Technician; numeric__NumCompaniesWorked; numeric__EnvironmentSatisfaction,train,Historical synthetic demo; not a current workforce forecast
EMP-585,0.36063055889067114,Elevated,numeric__TotalWorkingYears; categorical__JobRole_Sales Representative; numeric__StockOptionLevel; numeric__RelationshipSatisfaction; numeric__EnvironmentSatisfaction,train,Historical synthetic demo; not a current workforce forecast
EMP-586,0.09606621846300642,Low,categorical__OverTime_No; categorical__OverTime_Yes; numeric__StockOptionLevel; numeric__EnvironmentSatisfaction; categorical__JobRole_Healthcare Representative,train,Historical synthetic demo; not a current workforce forecast
EMP-587,0.37009199469442233,Elevated,numeric__EnvironmentSatisfaction; categorical__BusinessTravel_Travel_Frequently; numeric__StockOptionLevel; numeric__RelationshipSatisfaction; numeric__YearsInCurrentRole,train,Historical synthetic demo; not a current workforce forecast
EMP-590,0.6628084579571102,Elevated,numeric__StockOptionLevel; numeric__NumCompaniesWorked; numeric__JobSatisfaction; categorical__OverTime_No; categorical__OverTime_Yes,train,Historical synthetic demo; not a current workforce forecast
EMP-591,0.081563999793955,Low,categorical__JobRole_Laboratory Technician; categorical__BusinessTravel_Travel_Frequently; categorical__EducationField_Other; numeric__RelationshipSatisfaction; numeric__TotalWorkingYears,validation,Historical synthetic demo; not a current workforce forecast
EMP-592,0.09719805512278845,Low,numeric__YearsSinceLastPromotion; numeric__StockOptionLevel; categorical__BusinessTravel_Non-Travel; numeric__JobSatisfaction; numeric__RelationshipSatisfaction,train,Historical synthetic demo; not a current workforce forecast
EMP-593,0.4124278074413818,Elevated,numeric__TotalWorkingYears; categorical__JobRole_Laboratory Technician; categorical__BusinessTravel_Travel_Frequently; numeric__StockOptionLevel; numeric__NumCompaniesWorked,test,Historical synthetic demo; not a current workforce forecast
EMP-595,0.08736223675727119,Low,numeric__YearsSinceLastPromotion; numeric__RelationshipSatisfaction; numeric__JobSatisfaction; numeric__DistanceFromHome; numeric__DailyRate,test,Historical synthetic demo; not a current workforce forecast
EMP-597,0.012842655475739756,Low,numeric__TotalWorkingYears; numeric__YearsSinceLastPromotion; numeric__MonthlyIncome; numeric__EnvironmentSatisfaction; numeric__StockOptionLevel,train,Historical synthetic demo; not a current workforce forecast
EMP-599,0.015494388163953836,Low,numeric__NumCompaniesWorked; numeric__StockOptionLevel; numeric__EnvironmentSatisfaction; categorical__BusinessTravel_Non-Travel; numeric__JobSatisfaction,train,Historical synthetic demo; not a current workforce forecast
EMP-600,0.15516143253885706,Low,numeric__NumCompaniesWorked; numeric__YearsSinceLastPromotion; numeric__StockOptionLevel; numeric__YearsInCurrentRole; numeric__DistanceFromHome,train,Historical synthetic demo; not a current workforce forecast
EMP-601,0.019129857232672694,Low,numeric__TotalWorkingYears; numeric__YearsWithCurrManager; numeric__NumCompaniesWorked; numeric__StockOptionLevel; numeric__YearsSinceLastPromotion,test,Historical synthetic demo; not a current workforce forecast
EMP-602,0.14410537329254022,Low,categorical__JobRole_Laboratory Technician; categorical__BusinessTravel_Travel_Frequently; numeric__RelationshipSatisfaction; numeric__YearsSinceLastPromotion; numeric__TotalWorkingYears,validation,Historical synthetic demo; not a current workforce forecast
EMP-604,0.13942137344257677,Low,categorical__OverTime_No; categorical__OverTime_Yes; numeric__StockOptionLevel; numeric__WorkLifeBalance; numeric__JobSatisfaction,train,Historical synthetic demo; not a current workforce forecast
EMP-605,0.07989759839684425,Low,numeric__JobSatisfaction; categorical__OverTime_No; categorical__OverTime_Yes; numeric__EnvironmentSatisfaction; numeric__DistanceFromHome,train,Historical synthetic demo; not a current workforce forecast
EMP-606,0.009833750921609827,Low,numeric__EnvironmentSatisfaction; categorical__EducationField_Other; numeric__WorkLifeBalance; numeric__NumCompaniesWorked; numeric__DistanceFromHome,train,Historical synthetic demo; not a current workforce forecast
EMP-608,0.6098113733488256,Elevated,categorical__OverTime_No; categorical__OverTime_Yes; categorical__BusinessTravel_Travel_Frequently; numeric__NumCompaniesWorked; numeric__TotalWorkingYears,train,Historical synthetic demo; not a current workforce forecast
EMP-611,0.02786619938795419,Low,numeric__StockOptionLevel; numeric__EnvironmentSatisfaction; numeric__WorkLifeBalance; numeric__JobSatisfaction; numeric__TotalWorkingYears,train,Historical synthetic demo; not a current workforce forecast
EMP-612,0.007894202226929733,Low,numeric__JobInvolvement; numeric__MonthlyIncome; numeric__EnvironmentSatisfaction; categorical__JobRole_Research Director; numeric__YearsInCurrentRole,validation,Historical synthetic demo; not a current workforce forecast
EMP-613,0.10798883952298827,Low,numeric__NumCompaniesWorked; numeric__JobSatisfaction; numeric__YearsSinceLastPromotion; numeric__MonthlyIncome; numeric__JobInvolvement,validation,Historical synthetic demo; not a current workforce forecast
EMP-614,0.8506818003437401,Elevated,numeric__TotalWorkingYears; categorical__OverTime_No; categorical__OverTime_Yes; categorical__JobRole_Sales Representative; categorical__BusinessTravel_Travel_Frequently,train,Historical synthetic demo; not a current workforce forecast
EMP-615,0.08161457397541193,Low,numeric__JobInvolvement; numeric__DistanceFromHome; numeric__TotalWorkingYears; numeric__JobSatisfaction; categorical__BusinessTravel_Non-Travel,train,Historical synthetic demo; not a current workforce forecast
EMP-616,0.08407882762421276,Low,categorical__OverTime_No; numeric__EnvironmentSatisfaction; categorical__OverTime_Yes; numeric__StockOptionLevel; numeric__RelationshipSatisfaction,test,Historical synthetic demo; not a current workforce forecast
EMP-618,0.26329037640765446,Moderate,numeric__StockOptionLevel; numeric__DistanceFromHome; numeric__EnvironmentSatisfaction; numeric__RelationshipSatisfaction; numeric__YearsInCurrentRole,train,Historical synthetic demo; not a current workforce forecast
EMP-620,0.07587313726442835,Low,numeric__TotalWorkingYears; numeric__EnvironmentSatisfaction; numeric__StockOptionLevel; numeric__RelationshipSatisfaction; numeric__DistanceFromHome,train,Historical synthetic demo; not a current workforce forecast
EMP-621,0.02374448608746672,Low,numeric__JobInvolvement; numeric__StockOptionLevel; numeric__EnvironmentSatisfaction; numeric__YearsSinceLastPromotion; numeric__JobSatisfaction,train,Historical synthetic demo; not a current workforce forecast
EMP-622,0.9426589905424797,Elevated,numeric__TotalWorkingYears; numeric__JobInvolvement; categorical__JobRole_Laboratory Technician; numeric__WorkLifeBalance; categorical__OverTime_No,train,Historical synthetic demo; not a current workforce forecast
EMP-623,0.015647112950138934,Low,numeric__StockOptionLevel; numeric__WorkLifeBalance; numeric__JobSatisfaction; numeric__RelationshipSatisfaction; numeric__DistanceFromHome,test,Historical synthetic demo; not a current workforce forecast
EMP-624,0.04924748100145251,Low,numeric__TotalWorkingYears; numeric__EnvironmentSatisfaction; categorical__BusinessTravel_Travel_Frequently; numeric__StockOptionLevel; numeric__RelationshipSatisfaction,validation,Historical synthetic demo; not a current workforce forecast
EMP-625,0.034118602841368195,Low,numeric__YearsSinceLastPromotion; numeric__YearsInCurrentRole; numeric__TotalWorkingYears; numeric__MonthlyIncome; numeric__NumCompaniesWorked,train,Historical synthetic demo; not a current workforce forecast
EMP-626,0.047750814176411444,Low,numeric__YearsSinceLastPromotion; numeric__EnvironmentSatisfaction; categorical__BusinessTravel_Non-Travel; numeric__TrainingTimesLastYear; numeric__RelationshipSatisfaction,train,Historical synthetic demo; not a current workforce forecast
EMP-630,0.03990665575464391,Low,numeric__StockOptionLevel; numeric__JobSatisfaction; numeric__YearsSinceLastPromotion; categorical__OverTime_No; categorical__OverTime_Yes,train,Historical synthetic demo; not a current workforce forecast
EMP-631,0.040124750919730445,Low,numeric__NumCompaniesWorked; numeric__JobInvolvement; numeric__StockOptionLevel; numeric__EnvironmentSatisfaction; categorical__BusinessTravel_Non-Travel,train,Historical synthetic demo; not a current workforce forecast
EMP-632,0.1381636515212235,Low,numeric__TotalWorkingYears; numeric__StockOptionLevel; categorical__JobRole_Sales Representative; categorical__BusinessTravel_Travel_Frequently; numeric__EnvironmentSatisfaction,train,Historical synthetic demo; not a current workforce forecast
EMP-634,0.004864812284213057,Low,numeric__YearsInCurrentRole; numeric__TotalWorkingYears; categorical__JobRole_Healthcare Representative; numeric__YearsSinceLastPromotion; numeric__YearsWithCurrManager,validation,Historical synthetic demo; not a current workforce forecast
EMP-635,0.13638693540254054,Low,numeric__NumCompaniesWorked; numeric__DistanceFromHome; numeric__TotalWorkingYears; numeric__YearsSinceLastPromotion; numeric__JobSatisfaction,train,Historical synthetic demo; not a current workforce forecast
EMP-638,0.0016824230798315938,Low,numeric__TotalWorkingYears; numeric__MonthlyIncome; categorical__OverTime_No; categorical__OverTime_Yes; numeric__EnvironmentSatisfaction,test,Historical synthetic demo; not a current workforce forecast
EMP-639,0.051756803089635345,Low,numeric__StockOptionLevel; numeric__JobInvolvement; categorical__OverTime_No; categorical__OverTime_Yes; numeric__TotalWorkingYears,validation,Historical synthetic demo; not a current workforce forecast
EMP-641,0.054088062528149294,Low,numeric__StockOptionLevel; numeric__DistanceFromHome; numeric__EnvironmentSatisfaction; numeric__TotalWorkingYears; numeric__WorkLifeBalance,validation,Historical synthetic demo; not a current workforce forecast
EMP-643,0.11310027573865702,Low,numeric__TotalWorkingYears; categorical__JobRole_Laboratory Technician; numeric__EnvironmentSatisfaction; numeric__YearsInCurrentRole; categorical__EducationField_Other,validation,Historical synthetic demo; not a current workforce forecast
EMP-644,0.035876645270116095,Low,numeric__TotalWorkingYears; numeric__YearsSinceLastPromotion; numeric__MonthlyIncome; numeric__EnvironmentSatisfaction; categorical__BusinessTravel_Travel_Frequently,validation,Historical synthetic demo; not a current workforce forecast
EMP-645,0.25210492461667255,Moderate,categorical__JobRole_Sales Representative; numeric__StockOptionLevel; numeric__TotalWorkingYears; numeric__YearsSinceLastPromotion; numeric__MonthlyIncome,train,Historical synthetic demo; not a current workforce forecast
EMP-647,0.3959452795121185,Elevated,categorical__JobRole_Laboratory Technician; categorical__OverTime_No; numeric__EnvironmentSatisfaction; categorical__OverTime_Yes; categorical__BusinessTravel_Travel_Frequently,validation,Historical synthetic demo; not a current workforce forecast
EMP-648,0.6336940383628765,Elevated,numeric__TotalWorkingYears; numeric__JobSatisfaction; categorical__JobRole_Sales Representative; categorical__BusinessTravel_Travel_Frequently; numeric__YearsInCurrentRole,validation,Historical synthetic demo; not a current workforce forecast
EMP-649,0.07338468607116698,Low,categorical__OverTime_No; categorical__OverTime_Yes; numeric__TotalWorkingYears; numeric__JobSatisfaction; numeric__RelationshipSatisfaction,train,Historical synthetic demo; not a current workforce forecast
EMP-650,0.3959856156684157,Elevated,numeric__JobSatisfaction; numeric__WorkLifeBalance; numeric__StockOptionLevel; numeric__YearsInCurrentRole; numeric__TotalWorkingYears,train,Historical synthetic demo; not a current workforce forecast
EMP-652,0.2789039075335057,Moderate,categorical__JobRole_Laboratory Technician; numeric__EnvironmentSatisfaction; numeric__StockOptionLevel; numeric__DistanceFromHome; categorical__EducationField_Other,test,Historical synthetic demo; not a current workforce forecast
EMP-653,0.00548159076474865,Low,numeric__StockOptionLevel; numeric__JobInvolvement; numeric__EnvironmentSatisfaction; numeric__YearsSinceLastPromotion; numeric__WorkLifeBalance,test,Historical synthetic demo; not a current workforce forecast
EMP-655,0.021056391333307632,Low,numeric__StockOptionLevel; numeric__EnvironmentSatisfaction; numeric__TotalWorkingYears; numeric__NumCompaniesWorked; numeric__TrainingTimesLastYear,train,Historical synthetic demo; not a current workforce forecast
EMP-656,0.14779773565109347,Low,categorical__OverTime_No; categorical__OverTime_Yes; numeric__EnvironmentSatisfaction; numeric__YearsInCurrentRole; numeric__TotalWorkingYears,train,Historical synthetic demo; not a current workforce forecast
EMP-657,0.06186709657465913,Low,numeric__TotalWorkingYears; numeric__StockOptionLevel; numeric__EnvironmentSatisfaction; numeric__YearsInCurrentRole; numeric__WorkLifeBalance,train,Historical synthetic demo; not a current workforce forecast
EMP-659,0.00552834821314999,Low,numeric__StockOptionLevel; numeric__JobSatisfaction; categorical__JobRole_Healthcare Representative; numeric__DistanceFromHome; numeric__YearsInCurrentRole,train,Historical synthetic demo; not a current workforce forecast
EMP-661,0.041213423709195264,Low,numeric__TotalWorkingYears; numeric__MonthlyIncome; categorical__OverTime_No; categorical__OverTime_Yes; numeric__YearsInCurrentRole,train,Historical synthetic demo; not a current workforce forecast
EMP-662,0.10631774347821564,Low,numeric__JobSatisfaction; numeric__StockOptionLevel; numeric__YearsInCurrentRole; numeric__RelationshipSatisfaction; numeric__DistanceFromHome,train,Historical synthetic demo; not a current workforce forecast
EMP-663,0.2540685460811924,Moderate,categorical__JobRole_Laboratory Technician; categorical__OverTime_No; categorical__OverTime_Yes; categorical__BusinessTravel_Travel_Frequently; numeric__EnvironmentSatisfaction,train,Historical synthetic demo; not a current workforce forecast
EMP-664,0.06954554000871713,Low,numeric__TotalWorkingYears; numeric__NumCompaniesWorked; numeric__JobSatisfaction; numeric__WorkLifeBalance; numeric__MonthlyIncome,train,Historical synthetic demo; not a current workforce forecast
EMP-665,0.22826327376255948,Moderate,numeric__EnvironmentSatisfaction; numeric__StockOptionLevel; numeric__WorkLifeBalance; numeric__DistanceFromHome; numeric__YearsSinceLastPromotion,train,Historical synthetic demo; not a current workforce forecast
EMP-666,0.18237583577701466,Moderate,numeric__StockOptionLevel; categorical__OverTime_No; categorical__OverTime_Yes; categorical__JobRole_Sales Representative; numeric__RelationshipSatisfaction,train,Historical synthetic demo; not a current workforce forecast
EMP-667,0.14086662799452804,Low,numeric__JobSatisfaction; numeric__TotalWorkingYears; categorical__JobRole_Sales Representative; numeric__NumCompaniesWorked; numeric__YearsSinceLastPromotion,train,Historical synthetic demo; not a current workforce forecast
EMP-669,0.42039615302879996,Elevated,numeric__TotalWorkingYears; categorical__JobRole_Sales Representative; numeric__StockOptionLevel; numeric__DistanceFromHome; numeric__YearsInCurrentRole,validation,Historical synthetic demo; not a current workforce forecast
EMP-671,0.008646412897755418,Low,numeric__TotalWorkingYears; numeric__MonthlyIncome; categorical__OverTime_No; categorical__OverTime_Yes; numeric__RelationshipSatisfaction,train,Historical synthetic demo; not a current workforce forecast
EMP-675,0.07242482236924318,Low,numeric__TotalWorkingYears; numeric__EnvironmentSatisfaction; numeric__StockOptionLevel; numeric__NumCompaniesWorked; numeric__RelationshipSatisfaction,train,Historical synthetic demo; not a current workforce forecast
EMP-677,0.08386671748087472,Low,numeric__StockOptionLevel; numeric__YearsInCurrentRole; numeric__TotalWorkingYears; numeric__NumCompaniesWorked; numeric__RelationshipSatisfaction,train,Historical synthetic demo; not a current workforce forecast
EMP-679,0.08835598153712104,Low,categorical__OverTime_No; numeric__EnvironmentSatisfaction; categorical__OverTime_Yes; numeric__TotalWorkingYears; numeric__JobSatisfaction,train,Historical synthetic demo; not a current workforce forecast
EMP-680,0.0931492605373798,Low,numeric__TotalWorkingYears; categorical__BusinessTravel_Travel_Frequently; numeric__YearsInCurrentRole; numeric__YearsSinceLastPromotion; numeric__YearsWithCurrManager,train,Historical synthetic demo; not a current workforce forecast
EMP-682,0.06047305617921959,Low,numeric__YearsSinceLastPromotion; numeric__NumCompaniesWorked; numeric__JobSatisfaction; numeric__StockOptionLevel; numeric__EnvironmentSatisfaction,train,Historical synthetic demo; not a current workforce forecast
EMP-683,0.008562119739729975,Low,numeric__YearsSinceLastPromotion; numeric__YearsInCurrentRole; numeric__JobSatisfaction; numeric__RelationshipSatisfaction; numeric__DistanceFromHome,train,Historical synthetic demo; not a current workforce forecast
EMP-684,0.28280887527650594,Moderate,numeric__StockOptionLevel; numeric__JobSatisfaction; numeric__DistanceFromHome; numeric__TotalWorkingYears; numeric__EnvironmentSatisfaction,train,Historical synthetic demo; not a current workforce forecast
EMP-686,0.1991201706692477,Moderate,numeric__TotalWorkingYears; categorical__JobRole_Laboratory Technician; categorical__OverTime_No; categorical__OverTime_Yes; numeric__JobSatisfaction,train,Historical synthetic demo; not a current workforce forecast
EMP-689,0.010593357628024344,Low,numeric__YearsSinceLastPromotion; categorical__EducationField_Other; numeric__DistanceFromHome; categorical__JobRole_Manufacturing Director; numeric__YearsWithCurrManager,train,Historical synthetic demo; not a current workforce forecast
EMP-690,0.10705570398309562,Low,numeric__RelationshipSatisfaction; numeric__YearsInCurrentRole; numeric__TotalWorkingYears; numeric__TrainingTimesLastYear; numeric__DistanceFromHome,train,Historical synthetic demo; not a current workforce forecast
EMP-691,0.0541072857014146,Low,numeric__YearsSinceLastPromotion; numeric__JobInvolvement; numeric__YearsInCurrentRole; numeric__StockOptionLevel; numeric__JobSatisfaction,train,Historical synthetic demo; not a current workforce forecast
EMP-692,0.012121512905845155,Low,numeric__YearsInCurrentRole; numeric__WorkLifeBalance; categorical__BusinessTravel_Travel_Frequently; numeric__JobSatisfaction; categorical__JobRole_Healthcare Representative,train,Historical synthetic demo; not a current workforce forecast
EMP-698,0.05347160994542649,Low,numeric__YearsSinceLastPromotion; numeric__WorkLifeBalance; numeric__DistanceFromHome; numeric__TotalWorkingYears; numeric__JobSatisfaction,train,Historical synthetic demo; not a current workforce forecast
EMP-699,0.1692228735668723,Low,categorical__OverTime_No; categorical__OverTime_Yes; numeric__YearsSinceLastPromotion; numeric__YearsInCurrentRole; numeric__JobInvolvement,train,Historical synthetic demo; not a current workforce forecast
EMP-700,0.08605089196235886,Low,numeric__TotalWorkingYears; numeric__EnvironmentSatisfaction; numeric__StockOptionLevel; numeric__TrainingTimesLastYear; numeric__JobSatisfaction,train,Historical synthetic demo; not a current workforce forecast
EMP-701,0.17510929788834795,Moderate,numeric__TotalWorkingYears; categorical__OverTime_No; categorical__OverTime_Yes; numeric__StockOptionLevel; numeric__EnvironmentSatisfaction,train,Historical synthetic demo; not a current workforce forecast
EMP-702,0.7105736041009565,Elevated,numeric__YearsSinceLastPromotion; numeric__JobSatisfaction; categorical__OverTime_No; numeric__EnvironmentSatisfaction; categorical__OverTime_Yes,validation,Historical synthetic demo; not a current workforce forecast
EMP-704,0.05198275458012999,Low,numeric__TotalWorkingYears; numeric__StockOptionLevel; categorical__JobRole_Laboratory Technician; categorical__BusinessTravel_Non-Travel; numeric__YearsInCurrentRole,train,Historical synthetic demo; not a current workforce forecast
EMP-705,0.057349626163908304,Low,numeric__JobInvolvement; numeric__JobSatisfaction; numeric__TotalWorkingYears; numeric__EnvironmentSatisfaction; numeric__RelationshipSatisfaction,train,Historical synthetic demo; not a current workforce forecast
EMP-707,0.024227342313603763,Low,numeric__TotalWorkingYears; numeric__JobInvolvement; numeric__EnvironmentSatisfaction; numeric__NumCompaniesWorked; numeric__YearsInCurrentRole,train,Historical synthetic demo; not a current workforce forecast
EMP-709,0.07231462324153175,Low,numeric__StockOptionLevel; numeric__RelationshipSatisfaction; numeric__EnvironmentSatisfaction; numeric__JobSatisfaction; numeric__NumCompaniesWorked,validation,Historical synthetic demo; not a current workforce forecast
EMP-710,0.013977760746933179,Low,numeric__JobInvolvement; categorical__BusinessTravel_Travel_Frequently; numeric__JobSatisfaction; numeric__RelationshipSatisfaction; numeric__TrainingTimesLastYear,train,Historical synthetic demo; not a current workforce forecast
EMP-712,0.08042886057026842,Low,numeric__JobInvolvement; numeric__StockOptionLevel; numeric__RelationshipSatisfaction; numeric__DistanceFromHome; numeric__YearsInCurrentRole,train,Historical synthetic demo; not a current workforce forecast
EMP-714,0.03858744181473532,Low,numeric__StockOptionLevel; numeric__JobInvolvement; categorical__OverTime_No; categorical__OverTime_Yes; categorical__BusinessTravel_Travel_Frequently,train,Historical synthetic demo; not a current workforce forecast
EMP-715,0.037201022092083647,Low,numeric__TotalWorkingYears; numeric__JobInvolvement; numeric__StockOptionLevel; numeric__RelationshipSatisfaction; numeric__EnvironmentSatisfaction,test,Historical synthetic demo; not a current workforce forecast
EMP-716,0.010506085142166366,Low,numeric__StockOptionLevel; numeric__DistanceFromHome; numeric__JobInvolvement; categorical__JobRole_Laboratory Technician; numeric__TotalWorkingYears,train,Historical synthetic demo; not a current workforce forecast
EMP-717,0.0352278714826694,Low,numeric__YearsSinceLastPromotion; numeric__StockOptionLevel; numeric__EnvironmentSatisfaction; numeric__WorkLifeBalance; categorical__JobRole_Healthcare Representative,train,Historical synthetic demo; not a current workforce forecast
EMP-720,0.6651380071328414,Elevated,numeric__NumCompaniesWorked; numeric__TotalWorkingYears; numeric__EnvironmentSatisfaction; numeric__StockOptionLevel; numeric__RelationshipSatisfaction,validation,Historical synthetic demo; not a current workforce forecast
EMP-721,0.04824520608230673,Low,numeric__YearsSinceLastPromotion; numeric__TotalWorkingYears; numeric__StockOptionLevel; numeric__RelationshipSatisfaction; numeric__EnvironmentSatisfaction,train,Historical synthetic demo; not a current workforce forecast
EMP-722,0.020465991926046277,Low,numeric__StockOptionLevel; numeric__EnvironmentSatisfaction; numeric__JobSatisfaction; numeric__RelationshipSatisfaction; numeric__YearsSinceLastPromotion,train,Historical synthetic demo; not a current workforce forecast
EMP-723,0.4611233915514974,Elevated,categorical__OverTime_No; categorical__OverTime_Yes; categorical__BusinessTravel_Travel_Frequently; numeric__RelationshipSatisfaction; numeric__TotalWorkingYears,train,Historical synthetic demo; not a current workforce forecast
EMP-724,0.005099354313938582,Low,numeric__JobInvolvement; numeric__StockOptionLevel; numeric__JobSatisfaction; numeric__NumCompaniesWorked; categorical__JobRole_Healthcare Representative,train,Historical synthetic demo; not a current workforce forecast
EMP-725,0.013668789722619604,Low,numeric__JobSatisfaction; numeric__StockOptionLevel; numeric__RelationshipSatisfaction; numeric__DistanceFromHome; numeric__YearsSinceLastPromotion,train,Historical synthetic demo; not a current workforce forecast
EMP-727,0.007908165120946184,Low,numeric__YearsSinceLastPromotion; numeric__StockOptionLevel; numeric__TrainingTimesLastYear; categorical__JobRole_Research Director; numeric__JobSatisfaction,train,Historical synthetic demo; not a current workforce forecast
EMP-728,0.0315417553709969,Low,numeric__TotalWorkingYears; numeric__JobSatisfaction; numeric__StockOptionLevel; numeric__EnvironmentSatisfaction; numeric__RelationshipSatisfaction,train,Historical synthetic demo; not a current workforce forecast
EMP-729,0.09184007576264078,Low,numeric__YearsInCurrentRole; numeric__TotalWorkingYears; numeric__JobSatisfaction; categorical__OverTime_No; categorical__OverTime_Yes,train,Historical synthetic demo; not a current workforce forecast
EMP-730,0.001957910008017958,Low,numeric__TotalWorkingYears; numeric__JobInvolvement; numeric__StockOptionLevel; numeric__MonthlyIncome; categorical__JobRole_Research Director,train,Historical synthetic demo; not a current workforce forecast
EMP-731,0.04360314279193539,Low,numeric__YearsSinceLastPromotion; numeric__StockOptionLevel; numeric__TotalWorkingYears; numeric__MonthlyIncome; numeric__JobSatisfaction,test,Historical synthetic demo; not a current workforce forecast
EMP-732,0.5599102419377633,Elevated,numeric__NumCompaniesWorked; numeric__JobSatisfaction; numeric__EnvironmentSatisfaction; numeric__StockOptionLevel; numeric__RelationshipSatisfaction,train,Historical synthetic demo; not a current workforce forecast
EMP-733,0.015385252550160891,Low,numeric__StockOptionLevel; numeric__JobSatisfaction; categorical__BusinessTravel_Travel_Frequently; numeric__EnvironmentSatisfaction; numeric__WorkLifeBalance,train,Historical synthetic demo; not a current workforce forecast
EMP-734,0.007218364691914225,Low,numeric__TotalWorkingYears; numeric__MonthlyIncome; numeric__EnvironmentSatisfaction; numeric__YearsWithCurrManager; categorical__EducationField_Human Resources,validation,Historical synthetic demo; not a current workforce forecast
EMP-738,0.26948670522629214,Moderate,numeric__TotalWorkingYears; numeric__NumCompaniesWorked; categorical__JobRole_Sales Representative; numeric__EnvironmentSatisfaction; numeric__RelationshipSatisfaction,train,Historical synthetic demo; not a current workforce forecast
EMP-741,0.4486459517473351,Elevated,numeric__JobInvolvement; numeric__NumCompaniesWorked; categorical__OverTime_No; numeric__EnvironmentSatisfaction; categorical__OverTime_Yes,train,Historical synthetic demo; not a current workforce forecast
EMP-742,0.05130394702672619,Low,numeric__NumCompaniesWorked; numeric__JobInvolvement; numeric__JobSatisfaction; numeric__EnvironmentSatisfaction; numeric__RelationshipSatisfaction,train,Historical synthetic demo; not a current workforce forecast
EMP-743,0.09098007617987589,Low,categorical__OverTime_No; categorical__OverTime_Yes; numeric__StockOptionLevel; numeric__YearsInCurrentRole; numeric__WorkLifeBalance,train,Historical synthetic demo; not a current workforce forecast
EMP-744,0.3145540240956507,Moderate,numeric__JobInvolvement; categorical__JobRole_Laboratory Technician; numeric__EnvironmentSatisfaction; numeric__StockOptionLevel; categorical__BusinessTravel_Non-Travel,validation,Historical synthetic demo; not a current workforce forecast
EMP-746,0.2013257255521575,Moderate,numeric__YearsSinceLastPromotion; numeric__TotalWorkingYears; numeric__NumCompaniesWorked; numeric__StockOptionLevel; numeric__YearsWithCurrManager,train,Historical synthetic demo; not a current workforce forecast
EMP-747,0.1498533942086279,Low,numeric__YearsSinceLastPromotion; numeric__DistanceFromHome; numeric__NumCompaniesWorked; numeric__JobSatisfaction; numeric__RelationshipSatisfaction,train,Historical synthetic demo; not a current workforce forecast
EMP-749,0.13632446384768734,Low,numeric__TotalWorkingYears; categorical__JobRole_Sales Representative; numeric__StockOptionLevel; numeric__YearsInCurrentRole; numeric__TrainingTimesLastYear,train,Historical synthetic demo; not a current workforce forecast
EMP-752,0.460796849801154,Elevated,numeric__JobInvolvement; categorical__OverTime_No; categorical__OverTime_Yes; categorical__BusinessTravel_Travel_Frequently; numeric__StockOptionLevel,validation,Historical synthetic demo; not a current workforce forecast
EMP-754,0.09850354303312668,Low,categorical__BusinessTravel_Travel_Frequently; numeric__EnvironmentSatisfaction; numeric__TotalWorkingYears; numeric__JobSatisfaction; numeric__TrainingTimesLastYear,validation,Historical synthetic demo; not a current workforce forecast
EMP-757,0.054519262937244434,Low,numeric__StockOptionLevel; numeric__YearsInCurrentRole; numeric__RelationshipSatisfaction; categorical__JobRole_Healthcare Representative; numeric__YearsSinceLastPromotion,train,Historical synthetic demo; not a current workforce forecast
EMP-758,0.10407507336845488,Low,categorical__JobRole_Laboratory Technician; numeric__JobSatisfaction; numeric__TotalWorkingYears; numeric__WorkLifeBalance; numeric__RelationshipSatisfaction,train,Historical synthetic demo; not a current workforce forecast
EMP-760,0.21393409546011458,Moderate,numeric__NumCompaniesWorked; numeric__JobInvolvement; numeric__WorkLifeBalance; categorical__EducationField_Human Resources; numeric__DistanceFromHome,validation,Historical synthetic demo; not a current workforce forecast
EMP-762,0.009535814108983817,Low,numeric__TotalWorkingYears; numeric__NumCompaniesWorked; numeric__StockOptionLevel; numeric__JobSatisfaction; categorical__JobRole_Healthcare Representative,train,Historical synthetic demo; not a current workforce forecast
EMP-763,0.13246111067312494,Low,numeric__TotalWorkingYears; categorical__OverTime_No; categorical__OverTime_Yes; numeric__StockOptionLevel; numeric__EnvironmentSatisfaction,train,Historical synthetic demo; not a current workforce forecast
EMP-764,0.189811237485505,Moderate,numeric__NumCompaniesWorked; numeric__JobSatisfaction; numeric__WorkLifeBalance; numeric__StockOptionLevel; numeric__RelationshipSatisfaction,validation,Historical synthetic demo; not a current workforce forecast
EMP-766,0.07450774717967035,Low,numeric__TotalWorkingYears; numeric__StockOptionLevel; categorical__JobRole_Sales Representative; numeric__EnvironmentSatisfaction; numeric__RelationshipSatisfaction,validation,Historical synthetic demo; not a current workforce forecast
EMP-769,0.016887879008508206,Low,categorical__JobRole_Laboratory Technician; numeric__TotalWorkingYears; numeric__StockOptionLevel; numeric__EnvironmentSatisfaction; numeric__JobSatisfaction,train,Historical synthetic demo; not a current workforce forecast
EMP-771,0.009707921473368505,Low,numeric__JobSatisfaction; numeric__RelationshipSatisfaction; numeric__EnvironmentSatisfaction; categorical__BusinessTravel_Non-Travel; numeric__YearsInCurrentRole,validation,Historical synthetic demo; not a current workforce forecast
EMP-772,0.06828385516405308,Low,numeric__StockOptionLevel; categorical__JobRole_Laboratory Technician; numeric__EnvironmentSatisfaction; categorical__BusinessTravel_Travel_Frequently; numeric__DistanceFromHome,train,Historical synthetic demo; not a current workforce forecast
EMP-773,0.3770716324808155,Elevated,numeric__WorkLifeBalance; categorical__OverTime_No; categorical__OverTime_Yes; numeric__EnvironmentSatisfaction; numeric__YearsInCurrentRole,validation,Historical synthetic demo; not a current workforce forecast
EMP-775,0.10506036636892628,Low,numeric__JobSatisfaction; numeric__YearsInCurrentRole; numeric__TotalWorkingYears; numeric__YearsSinceLastPromotion; numeric__YearsWithCurrManager,train,Historical synthetic demo; not a current workforce forecast
EMP-776,0.010708605138302307,Low,numeric__TotalWorkingYears; numeric__YearsWithCurrManager; numeric__MonthlyIncome; numeric__JobSatisfaction; numeric__StockOptionLevel,test,Historical synthetic demo; not a current workforce forecast
EMP-780,0.05107907851492092,Low,numeric__YearsSinceLastPromotion; categorical__OverTime_No; categorical__OverTime_Yes; numeric__StockOptionLevel; numeric__EnvironmentSatisfaction,validation,Historical synthetic demo; not a current workforce forecast
EMP-781,0.11161232217889981,Low,numeric__DistanceFromHome; numeric__StockOptionLevel; numeric__TotalWorkingYears; numeric__JobSatisfaction; numeric__TrainingTimesLastYear,train,Historical synthetic demo; not a current workforce forecast
EMP-783,0.46204387158262483,Elevated,numeric__JobInvolvement; categorical__JobRole_Sales Representative; numeric__StockOptionLevel; numeric__RelationshipSatisfaction; numeric__NumCompaniesWorked,train,Historical synthetic demo; not a current workforce forecast
EMP-784,0.049546878199008625,Low,numeric__TotalWorkingYears; numeric__JobInvolvement; numeric__EnvironmentSatisfaction; numeric__StockOptionLevel; numeric__RelationshipSatisfaction,train,Historical synthetic demo; not a current workforce forecast
EMP-785,0.6145591577581887,Elevated,numeric__JobInvolvement; numeric__DistanceFromHome; categorical__OverTime_No; categorical__OverTime_Yes; categorical__BusinessTravel_Travel_Frequently,validation,Historical synthetic demo; not a current workforce forecast
EMP-786,0.012423967871725191,Low,numeric__StockOptionLevel; numeric__EnvironmentSatisfaction; numeric__TotalWorkingYears; categorical__EducationField_Other; numeric__JobSatisfaction,test,Historical synthetic demo; not a current workforce forecast
EMP-787,0.02529141507073191,Low,numeric__TotalWorkingYears; numeric__MonthlyIncome; numeric__JobSatisfaction; categorical__OverTime_No; categorical__OverTime_Yes,train,Historical synthetic demo; not a current workforce forecast
EMP-789,0.10157154657733133,Low,numeric__JobSatisfaction; numeric__EnvironmentSatisfaction; numeric__StockOptionLevel; categorical__BusinessTravel_Non-Travel; numeric__YearsSinceLastPromotion,train,Historical synthetic demo; not a current workforce forecast
EMP-791,0.014093276036344703,Low,numeric__TotalWorkingYears; numeric__RelationshipSatisfaction; numeric__EnvironmentSatisfaction; categorical__BusinessTravel_Non-Travel; numeric__JobSatisfaction,train,Historical synthetic demo; not a current workforce forecast
EMP-792,0.6219352631300114,Elevated,numeric__JobInvolvement; categorical__JobRole_Laboratory Technician; numeric__TotalWorkingYears; numeric__EnvironmentSatisfaction; categorical__BusinessTravel_Travel_Frequently,train,Historical synthetic demo; not a current workforce forecast
EMP-793,0.10821806137328657,Low,numeric__DistanceFromHome; numeric__RelationshipSatisfaction; categorical__JobRole_Healthcare Representative; numeric__WorkLifeBalance; numeric__YearsInCurrentRole,test,Historical synthetic demo; not a current workforce forecast
EMP-796,0.45322790194845153,Elevated,numeric__JobSatisfaction; numeric__StockOptionLevel; numeric__EnvironmentSatisfaction; numeric__TotalWorkingYears; numeric__NumCompaniesWorked,train,Historical synthetic demo; not a current workforce forecast
EMP-797,0.019291019918817893,Low,numeric__JobInvolvement; numeric__StockOptionLevel; numeric__JobSatisfaction; numeric__DistanceFromHome; numeric__YearsInCurrentRole,train,Historical synthetic demo; not a current workforce forecast
EMP-799,0.21598991814284016,Moderate,numeric__NumCompaniesWorked; numeric__StockOptionLevel; numeric__JobSatisfaction; categorical__OverTime_No; categorical__OverTime_Yes,train,Historical synthetic demo; not a current workforce forecast
EMP-800,0.1161445870349431,Low,numeric__TotalWorkingYears; categorical__BusinessTravel_Travel_Frequently; numeric__JobSatisfaction; numeric__NumCompaniesWorked; numeric__YearsInCurrentRole,train,Historical synthetic demo; not a current workforce forecast
EMP-802,0.17507780681251361,Moderate,numeric__StockOptionLevel; numeric__JobSatisfaction; categorical__OverTime_No; categorical__OverTime_Yes; numeric__EnvironmentSatisfaction,validation,Historical synthetic demo; not a current workforce forecast
EMP-803,0.2843496297955568,Moderate,numeric__JobInvolvement; numeric__JobSatisfaction; categorical__OverTime_No; numeric__EnvironmentSatisfaction; categorical__OverTime_Yes,test,Historical synthetic demo; not a current workforce forecast
EMP-804,0.06868598550311364,Low,numeric__JobSatisfaction; numeric__StockOptionLevel; numeric__TotalWorkingYears; numeric__DistanceFromHome; numeric__JobInvolvement,train,Historical synthetic demo; not a current workforce forecast
EMP-805,0.31190450790517327,Moderate,numeric__TotalWorkingYears; numeric__EnvironmentSatisfaction; categorical__JobRole_Sales Representative; numeric__JobSatisfaction; numeric__YearsSinceLastPromotion,train,Historical synthetic demo; not a current workforce forecast
EMP-806,0.051506725614591665,Low,numeric__StockOptionLevel; numeric__JobInvolvement; categorical__JobRole_Laboratory Technician; numeric__EnvironmentSatisfaction; numeric__TotalWorkingYears,test,Historical synthetic demo; not a current workforce forecast
EMP-807,0.011495207531725862,Low,numeric__JobInvolvement; categorical__BusinessTravel_Travel_Frequently; numeric__RelationshipSatisfaction; categorical__JobRole_Healthcare Representative; numeric__TotalWorkingYears,train,Historical synthetic demo; not a current workforce forecast
EMP-808,0.18709276740832298,Moderate,numeric__JobSatisfaction; numeric__TotalWorkingYears; numeric__NumCompaniesWorked; numeric__YearsInCurrentRole; numeric__TrainingTimesLastYear,train,Historical synthetic demo; not a current workforce forecast
EMP-809,0.051781168783195004,Low,numeric__YearsSinceLastPromotion; numeric__TotalWorkingYears; numeric__MonthlyIncome; categorical__BusinessTravel_Travel_Frequently; numeric__JobSatisfaction,train,Historical synthetic demo; not a current workforce forecast
EMP-811,0.23783746414258528,Moderate,numeric__TotalWorkingYears; numeric__StockOptionLevel; numeric__JobInvolvement; categorical__JobRole_Laboratory Technician; numeric__JobSatisfaction,train,Historical synthetic demo; not a current workforce forecast
EMP-812,0.0386549174483242,Low,numeric__StockOptionLevel; numeric__TotalWorkingYears; categorical__JobRole_Laboratory Technician; categorical__BusinessTravel_Non-Travel; numeric__YearsInCurrentRole,validation,Historical synthetic demo; not a current workforce forecast
EMP-813,0.093925786608779,Low,numeric__NumCompaniesWorked; categorical__JobRole_Laboratory Technician; numeric__EnvironmentSatisfaction; numeric__YearsInCurrentRole; numeric__TotalWorkingYears,train,Historical synthetic demo; not a current workforce forecast
EMP-815,0.0018310687752768414,Low,numeric__TotalWorkingYears; numeric__MonthlyIncome; numeric__StockOptionLevel; categorical__JobRole_Research Director; numeric__RelationshipSatisfaction,train,Historical synthetic demo; not a current workforce forecast
EMP-816,0.723781420412353,Elevated,numeric__TotalWorkingYears; categorical__JobRole_Laboratory Technician; numeric__JobSatisfaction; categorical__OverTime_No; categorical__OverTime_Yes,train,Historical synthetic demo; not a current workforce forecast
EMP-817,0.004125734149100179,Low,numeric__StockOptionLevel; numeric__YearsInCurrentRole; numeric__WorkLifeBalance; categorical__JobRole_Research Director; numeric__NumCompaniesWorked,train,Historical synthetic demo; not a current workforce forecast
EMP-819,0.5968406198580871,Elevated,numeric__JobSatisfaction; numeric__EnvironmentSatisfaction; numeric__StockOptionLevel; numeric__TotalWorkingYears; numeric__YearsSinceLastPromotion,train,Historical synthetic demo; not a current workforce forecast
EMP-820,0.007604817264043208,Low,numeric__TotalWorkingYears; numeric__YearsInCurrentRole; numeric__MonthlyIncome; categorical__OverTime_No; categorical__OverTime_Yes,train,Historical synthetic demo; not a current workforce forecast
EMP-823,0.010959515551875213,Low,numeric__RelationshipSatisfaction; categorical__EducationField_Other; numeric__NumCompaniesWorked; numeric__DistanceFromHome; numeric__YearsSinceLastPromotion,train,Historical synthetic demo; not a current workforce forecast
EMP-824,0.004519046714395591,Low,numeric__JobInvolvement; numeric__DistanceFromHome; numeric__YearsSinceLastPromotion; numeric__MonthlyIncome; numeric__NumCompaniesWorked,validation,Historical synthetic demo; not a current workforce forecast
EMP-825,0.019627042843747108,Low,numeric__TotalWorkingYears; numeric__YearsSinceLastPromotion; numeric__YearsInCurrentRole; numeric__MonthlyIncome; numeric__NumCompaniesWorked,train,Historical synthetic demo; not a current workforce forecast
EMP-826,0.029039271943988837,Low,numeric__JobInvolvement; numeric__StockOptionLevel; numeric__EnvironmentSatisfaction; numeric__TotalWorkingYears; numeric__TrainingTimesLastYear,test,Historical synthetic demo; not a current workforce forecast
EMP-827,0.07504408928506538,Low,numeric__NumCompaniesWorked; categorical__OverTime_No; categorical__OverTime_Yes; numeric__EnvironmentSatisfaction; numeric__JobSatisfaction,train,Historical synthetic demo; not a current workforce forecast
EMP-828,0.07509289853431374,Low,numeric__TotalWorkingYears; numeric__StockOptionLevel; numeric__NumCompaniesWorked; numeric__RelationshipSatisfaction; numeric__DistanceFromHome,train,Historical synthetic demo; not a current workforce forecast
EMP-829,0.20490739041145595,Moderate,categorical__EducationField_Human Resources; numeric__YearsSinceLastPromotion; numeric__TotalWorkingYears; numeric__MonthlyIncome; numeric__YearsInCurrentRole,test,Historical synthetic demo; not a current workforce forecast
EMP-830,0.005772309038711949,Low,numeric__YearsInCurrentRole; numeric__YearsSinceLastPromotion; numeric__JobInvolvement; categorical__JobRole_Manufacturing Director; numeric__YearsWithCurrManager,train,Historical synthetic demo; not a current workforce forecast
EMP-832,0.5032915952831205,Elevated,categorical__JobRole_Laboratory Technician; numeric__EnvironmentSatisfaction; categorical__BusinessTravel_Travel_Frequently; numeric__StockOptionLevel; numeric__YearsInCurrentRole,train,Historical synthetic demo; not a current workforce forecast
EMP-833,0.23235470190820873,Moderate,categorical__OverTime_No; categorical__OverTime_Yes; numeric__StockOptionLevel; numeric__YearsInCurrentRole; numeric__JobSatisfaction,test,Historical synthetic demo; not a current workforce forecast
EMP-834,0.09712649736988732,Low,numeric__TotalWorkingYears; numeric__StockOptionLevel; numeric__YearsInCurrentRole; numeric__RelationshipSatisfaction; numeric__YearsSinceLastPromotion,test,Historical synthetic demo; not a current workforce forecast
EMP-836,0.052809113059853134,Low,numeric__YearsSinceLastPromotion; numeric__DistanceFromHome; numeric__RelationshipSatisfaction; numeric__YearsInCurrentRole; numeric__JobSatisfaction,test,Historical synthetic demo; not a current workforce forecast
EMP-837,0.22123946691566038,Moderate,numeric__JobSatisfaction; numeric__EnvironmentSatisfaction; categorical__BusinessTravel_Travel_Frequently; categorical__JobRole_Healthcare Representative; numeric__JobInvolvement,validation,Historical synthetic demo; not a current workforce forecast
EMP-838,0.09415077925149373,Low,categorical__BusinessTravel_Travel_Frequently; numeric__StockOptionLevel; numeric__TotalWorkingYears; numeric__JobSatisfaction; numeric__YearsInCurrentRole,train,Historical synthetic demo; not a current workforce forecast
EMP-840,0.020244029416506937,Low,numeric__StockOptionLevel; numeric__YearsSinceLastPromotion; numeric__RelationshipSatisfaction; numeric__WorkLifeBalance; numeric__JobSatisfaction,train,Historical synthetic demo; not a current workforce forecast
EMP-842,0.1253886045151836,Low,numeric__YearsSinceLastPromotion; numeric__StockOptionLevel; numeric__JobSatisfaction; numeric__DistanceFromHome; numeric__WorkLifeBalance,train,Historical synthetic demo; not a current workforce forecast
EMP-843,0.02160636266927219,Low,numeric__TotalWorkingYears; numeric__MonthlyIncome; numeric__JobSatisfaction; numeric__NumCompaniesWorked; categorical__JobRole_Research Director,train,Historical synthetic demo; not a current workforce forecast
EMP-844,0.036197267180174526,Low,categorical__OverTime_No; categorical__OverTime_Yes; categorical__JobRole_Research Director; numeric__JobSatisfaction; numeric__MonthlyIncome,train,Historical synthetic demo; not a current workforce forecast
EMP-845,0.005892104652777924,Low,numeric__StockOptionLevel; categorical__EducationField_Other; numeric__WorkLifeBalance; numeric__TotalWorkingYears; categorical__JobRole_Manufacturing Director,validation,Historical synthetic demo; not a current workforce forecast
EMP-846,0.6580753860275195,Elevated,numeric__YearsSinceLastPromotion; categorical__OverTime_No; categorical__OverTime_Yes; numeric__StockOptionLevel; numeric__RelationshipSatisfaction,train,Historical synthetic demo; not a current workforce forecast
EMP-847,0.06943981873160938,Low,numeric__TotalWorkingYears; numeric__WorkLifeBalance; numeric__JobSatisfaction; numeric__NumCompaniesWorked; categorical__EducationField_Human Resources,validation,Historical synthetic demo; not a current workforce forecast
EMP-848,0.19176443049518122,Moderate,categorical__OverTime_No; categorical__OverTime_Yes; categorical__BusinessTravel_Travel_Frequently; numeric__RelationshipSatisfaction; numeric__TotalWorkingYears,train,Historical synthetic demo; not a current workforce forecast
EMP-850,0.0032542519016769216,Low,numeric__StockOptionLevel; numeric__TotalWorkingYears; numeric__EnvironmentSatisfaction; categorical__BusinessTravel_Non-Travel; numeric__YearsInCurrentRole,train,Historical synthetic demo; not a current workforce forecast
EMP-851,0.0149806342653535,Low,numeric__TotalWorkingYears; numeric__YearsWithCurrManager; numeric__MonthlyIncome; numeric__DistanceFromHome; numeric__EnvironmentSatisfaction,train,Historical synthetic demo; not a current workforce forecast
EMP-852,0.09057360504526174,Low,numeric__NumCompaniesWorked; numeric__StockOptionLevel; numeric__EnvironmentSatisfaction; numeric__RelationshipSatisfaction; categorical__JobRole_Healthcare Representative,validation,Historical synthetic demo; not a current workforce forecast
EMP-854,0.25285438752144457,Moderate,numeric__JobInvolvement; numeric__NumCompaniesWorked; numeric__JobSatisfaction; numeric__EnvironmentSatisfaction; numeric__StockOptionLevel,train,Historical synthetic demo; not a current workforce forecast
EMP-855,0.035149812240738126,Low,numeric__JobInvolvement; numeric__JobSatisfaction; numeric__EnvironmentSatisfaction; numeric__RelationshipSatisfaction; numeric__TrainingTimesLastYear,train,Historical synthetic demo; not a current workforce forecast
EMP-856,0.19117443684713833,Moderate,numeric__DistanceFromHome; numeric__JobSatisfaction; numeric__StockOptionLevel; numeric__TotalWorkingYears; numeric__RelationshipSatisfaction,train,Historical synthetic demo; not a current workforce forecast
EMP-857,0.0220958282483509,Low,numeric__YearsInCurrentRole; categorical__OverTime_No; categorical__OverTime_Yes; numeric__YearsWithCurrManager; numeric__TotalWorkingYears,test,Historical synthetic demo; not a current workforce forecast
EMP-859,0.08379971595525551,Low,numeric__JobSatisfaction; numeric__YearsSinceLastPromotion; numeric__TotalWorkingYears; numeric__YearsInCurrentRole; numeric__DailyRate,train,Historical synthetic demo; not a current workforce forecast
EMP-861,0.1371777585386879,Low,numeric__NumCompaniesWorked; categorical__BusinessTravel_Travel_Frequently; numeric__JobSatisfaction; numeric__YearsSinceLastPromotion; numeric__JobInvolvement,train,Historical synthetic demo; not a current workforce forecast
EMP-862,0.060948032348114425,Low,numeric__TotalWorkingYears; numeric__NumCompaniesWorked; categorical__OverTime_No; numeric__EnvironmentSatisfaction; categorical__OverTime_Yes,train,Historical synthetic demo; not a current workforce forecast
EMP-864,0.1421218910525968,Low,numeric__JobSatisfaction; categorical__OverTime_No; categorical__OverTime_Yes; numeric__EnvironmentSatisfaction; numeric__TotalWorkingYears,train,Historical synthetic demo; not a current workforce forecast
EMP-865,0.02204719910562285,Low,numeric__JobInvolvement; numeric__NumCompaniesWorked; numeric__WorkLifeBalance; numeric__TotalWorkingYears; categorical__JobRole_Research Scientist,train,Historical synthetic demo; not a current workforce forecast
EMP-867,0.009628103011246704,Low,numeric__TotalWorkingYears; categorical__BusinessTravel_Travel_Frequently; numeric__StockOptionLevel; numeric__DistanceFromHome; numeric__MonthlyIncome,train,Historical synthetic demo; not a current workforce forecast
EMP-868,0.05816710366769149,Low,numeric__StockOptionLevel; numeric__EnvironmentSatisfaction; numeric__YearsInCurrentRole; numeric__RelationshipSatisfaction; numeric__YearsSinceLastPromotion,train,Historical synthetic demo; not a current workforce forecast
EMP-869,0.024018296122253233,Low,numeric__TrainingTimesLastYear; numeric__TotalWorkingYears; numeric__JobSatisfaction; numeric__YearsInCurrentRole; numeric__RelationshipSatisfaction,train,Historical synthetic demo; not a current workforce forecast
EMP-872,0.07437334986568503,Low,numeric__StockOptionLevel; numeric__TotalWorkingYears; numeric__WorkLifeBalance; numeric__RelationshipSatisfaction; numeric__EnvironmentSatisfaction,train,Historical synthetic demo; not a current workforce forecast
EMP-874,0.19827661464262547,Moderate,numeric__JobInvolvement; categorical__JobRole_Laboratory Technician; categorical__OverTime_No; numeric__EnvironmentSatisfaction; categorical__OverTime_Yes,train,Historical synthetic demo; not a current workforce forecast
EMP-875,0.38123678290178004,Elevated,categorical__OverTime_No; categorical__OverTime_Yes; categorical__BusinessTravel_Travel_Frequently; numeric__StockOptionLevel; numeric__JobSatisfaction,train,Historical synthetic demo; not a current workforce forecast
EMP-878,0.20119357189058565,Moderate,numeric__JobSatisfaction; numeric__EnvironmentSatisfaction; numeric__StockOptionLevel; numeric__TotalWorkingYears; numeric__NumCompaniesWorked,train,Historical synthetic demo; not a current workforce forecast
EMP-879,0.2594805069201907,Moderate,numeric__JobSatisfaction; numeric__TotalWorkingYears; categorical__OverTime_No; categorical__OverTime_Yes; numeric__StockOptionLevel,validation,Historical synthetic demo; not a current workforce forecast
EMP-880,0.013696501584014871,Low,numeric__YearsInCurrentRole; numeric__YearsWithCurrManager; categorical__OverTime_No; categorical__OverTime_Yes; numeric__EnvironmentSatisfaction,train,Historical synthetic demo; not a current workforce forecast
EMP-881,0.5936903749267181,Elevated,numeric__YearsSinceLastPromotion; categorical__OverTime_No; categorical__OverTime_Yes; categorical__BusinessTravel_Travel_Frequently; numeric__DistanceFromHome,test,Historical synthetic demo; not a current workforce forecast
EMP-882,0.030134177617789172,Low,numeric__TotalWorkingYears; categorical__JobRole_Laboratory Technician; numeric__EnvironmentSatisfaction; categorical__BusinessTravel_Non-Travel; numeric__YearsInCurrentRole,train,Historical synthetic demo; not a current workforce forecast
EMP-885,0.40048952230421225,Elevated,numeric__JobSatisfaction; numeric__TotalWorkingYears; numeric__StockOptionLevel; numeric__RelationshipSatisfaction; numeric__WorkLifeBalance,test,Historical synthetic demo; not a current workforce forecast
EMP-887,0.053058998709956486,Low,numeric__JobSatisfaction; numeric__TotalWorkingYears; numeric__DistanceFromHome; numeric__YearsSinceLastPromotion; numeric__YearsInCurrentRole,train,Historical synthetic demo; not a current workforce forecast
EMP-888,0.14296367504060148,Low,categorical__JobRole_Laboratory Technician; numeric__EnvironmentSatisfaction; numeric__StockOptionLevel; categorical__BusinessTravel_Non-Travel; numeric__TotalWorkingYears,train,Historical synthetic demo; not a current workforce forecast
EMP-889,0.10419469345117496,Low,categorical__BusinessTravel_Travel_Frequently; numeric__YearsSinceLastPromotion; numeric__RelationshipSatisfaction; numeric__YearsInCurrentRole; numeric__JobSatisfaction,train,Historical synthetic demo; not a current workforce forecast
EMP-893,0.22401300076746034,Moderate,numeric__TotalWorkingYears; categorical__JobRole_Sales Representative; numeric__NumCompaniesWorked; numeric__RelationshipSatisfaction; numeric__YearsInCurrentRole,train,Historical synthetic demo; not a current workforce forecast
EMP-894,0.08213591145762321,Low,numeric__JobInvolvement; categorical__JobRole_Laboratory Technician; categorical__OverTime_No; categorical__OverTime_Yes; numeric__JobSatisfaction,train,Historical synthetic demo; not a current workforce forecast
EMP-895,0.05643504903253624,Low,categorical__OverTime_No; categorical__OverTime_Yes; numeric__EnvironmentSatisfaction; numeric__JobSatisfaction; numeric__YearsSinceLastPromotion,test,Historical synthetic demo; not a current workforce forecast
EMP-896,0.3329076632883235,Moderate,numeric__StockOptionLevel; numeric__TotalWorkingYears; categorical__OverTime_No; categorical__OverTime_Yes; categorical__JobRole_Sales Representative,test,Historical synthetic demo; not a current workforce forecast
EMP-897,0.03188582476529809,Low,numeric__TotalWorkingYears; numeric__EnvironmentSatisfaction; numeric__YearsInCurrentRole; numeric__JobSatisfaction; numeric__NumCompaniesWorked,train,Historical synthetic demo; not a current workforce forecast
EMP-899,0.06873260135739637,Low,numeric__YearsInCurrentRole; numeric__StockOptionLevel; numeric__DistanceFromHome; numeric__RelationshipSatisfaction; numeric__EnvironmentSatisfaction,train,Historical synthetic demo; not a current workforce forecast
EMP-900,0.24044901654787618,Moderate,categorical__JobRole_Sales Representative; categorical__BusinessTravel_Travel_Frequently; numeric__JobSatisfaction; numeric__DistanceFromHome; numeric__YearsSinceLastPromotion,train,Historical synthetic demo; not a current workforce forecast
EMP-901,0.003779671824814848,Low,numeric__TotalWorkingYears; numeric__StockOptionLevel; numeric__EnvironmentSatisfaction; numeric__MonthlyIncome; numeric__NumCompaniesWorked,test,Historical synthetic demo; not a current workforce forecast
EMP-902,0.051520562651427224,Low,categorical__BusinessTravel_Travel_Frequently; numeric__EnvironmentSatisfaction; numeric__JobSatisfaction; categorical__JobRole_Healthcare Representative; numeric__DistanceFromHome,train,Historical synthetic demo; not a current workforce forecast
EMP-903,0.3224804812934966,Moderate,numeric__YearsSinceLastPromotion; categorical__OverTime_No; categorical__OverTime_Yes; numeric__RelationshipSatisfaction; numeric__JobSatisfaction,train,Historical synthetic demo; not a current workforce forecast
EMP-904,0.3354378317771539,Moderate,categorical__OverTime_No; numeric__EnvironmentSatisfaction; categorical__OverTime_Yes; numeric__StockOptionLevel; categorical__BusinessTravel_Non-Travel,train,Historical synthetic demo; not a current workforce forecast
EMP-905,0.010970311098705398,Low,numeric__YearsSinceLastPromotion; numeric__TotalWorkingYears; numeric__MonthlyIncome; numeric__JobSatisfaction; numeric__EnvironmentSatisfaction,train,Historical synthetic demo; not a current workforce forecast
EMP-909,0.014686428763848356,Low,numeric__NumCompaniesWorked; numeric__StockOptionLevel; numeric__EnvironmentSatisfaction; numeric__JobSatisfaction; numeric__YearsSinceLastPromotion,train,Historical synthetic demo; not a current workforce forecast
EMP-910,0.15729160176883547,Low,categorical__OverTime_No; categorical__OverTime_Yes; numeric__EnvironmentSatisfaction; numeric__WorkLifeBalance; numeric__TotalWorkingYears,validation,Historical synthetic demo; not a current workforce forecast
EMP-911,0.8609548469042143,Elevated,numeric__TotalWorkingYears; categorical__JobRole_Laboratory Technician; numeric__WorkLifeBalance; categorical__OverTime_No; numeric__EnvironmentSatisfaction,test,Historical synthetic demo; not a current workforce forecast
EMP-912,0.03166478551531318,Low,numeric__StockOptionLevel; categorical__JobRole_Laboratory Technician; numeric__EnvironmentSatisfaction; numeric__NumCompaniesWorked; numeric__JobSatisfaction,train,Historical synthetic demo; not a current workforce forecast
EMP-913,0.5370233139361991,Elevated,numeric__YearsSinceLastPromotion; numeric__JobSatisfaction; categorical__OverTime_No; categorical__OverTime_Yes; numeric__StockOptionLevel,train,Historical synthetic demo; not a current workforce forecast
EMP-916,0.13224079093161736,Low,numeric__TotalWorkingYears; numeric__EnvironmentSatisfaction; numeric__StockOptionLevel; numeric__JobSatisfaction; numeric__YearsSinceLastPromotion,train,Historical synthetic demo; not a current workforce forecast
EMP-918,0.7183360451141584,Elevated,numeric__NumCompaniesWorked; numeric__TotalWorkingYears; categorical__JobRole_Laboratory Technician; categorical__OverTime_No; categorical__OverTime_Yes,train,Historical synthetic demo; not a current workforce forecast
EMP-920,0.13324881602536487,Low,numeric__TotalWorkingYears; numeric__EnvironmentSatisfaction; numeric__YearsInCurrentRole; numeric__WorkLifeBalance; numeric__YearsSinceLastPromotion,train,Historical synthetic demo; not a current workforce forecast
EMP-922,0.2768100764617141,Moderate,numeric__TotalWorkingYears; categorical__JobRole_Sales Representative; numeric__StockOptionLevel; numeric__RelationshipSatisfaction; numeric__YearsSinceLastPromotion,train,Historical synthetic demo; not a current workforce forecast
EMP-923,0.06865608707134013,Low,numeric__TotalWorkingYears; numeric__StockOptionLevel; numeric__RelationshipSatisfaction; numeric__EnvironmentSatisfaction; numeric__YearsInCurrentRole,validation,Historical synthetic demo; not a current workforce forecast
EMP-924,0.027268671157731805,Low,categorical__OverTime_No; categorical__OverTime_Yes; numeric__RelationshipSatisfaction; numeric__YearsWithCurrManager; numeric__JobSatisfaction,train,Historical synthetic demo; not a current workforce forecast
EMP-925,0.5588364158385992,Elevated,numeric__TotalWorkingYears; categorical__OverTime_No; categorical__OverTime_Yes; categorical__JobRole_Sales Representative; numeric__StockOptionLevel,validation,Historical synthetic demo; not a current workforce forecast
EMP-926,0.14643421033075732,Low,numeric__TotalWorkingYears; categorical__OverTime_No; categorical__OverTime_Yes; numeric__RelationshipSatisfaction; numeric__WorkLifeBalance,train,Historical synthetic demo; not a current workforce forecast
EMP-927,0.48528805097702443,Elevated,numeric__JobInvolvement; categorical__JobRole_Laboratory Technician; categorical__OverTime_No; categorical__OverTime_Yes; numeric__JobSatisfaction,train,Historical synthetic demo; not a current workforce forecast
EMP-930,0.05382166913292928,Low,numeric__TotalWorkingYears; numeric__NumCompaniesWorked; numeric__YearsInCurrentRole; numeric__MonthlyIncome; categorical__JobRole_Research Scientist,test,Historical synthetic demo; not a current workforce forecast
EMP-932,0.7021018761208354,Elevated,categorical__JobRole_Laboratory Technician; numeric__NumCompaniesWorked; numeric__JobSatisfaction; numeric__WorkLifeBalance; categorical__OverTime_No,train,Historical synthetic demo; not a current workforce forecast
EMP-933,0.08541640047002887,Low,numeric__TotalWorkingYears; numeric__StockOptionLevel; numeric__YearsInCurrentRole; numeric__YearsSinceLastPromotion; numeric__YearsWithCurrManager,validation,Historical synthetic demo; not a current workforce forecast
EMP-934,0.17688141855859923,Moderate,numeric__TotalWorkingYears; numeric__StockOptionLevel; categorical__JobRole_Laboratory Technician; numeric__YearsInCurrentRole; numeric__YearsWithCurrManager,validation,Historical synthetic demo; not a current workforce forecast
EMP-936,0.19214443837964282,Moderate,numeric__NumCompaniesWorked; numeric__StockOptionLevel; numeric__RelationshipSatisfaction; numeric__TrainingTimesLastYear; numeric__YearsSinceLastPromotion,train,Historical synthetic demo; not a current workforce forecast
EMP-939,0.3516986042114517,Elevated,numeric__JobSatisfaction; categorical__OverTime_No; categorical__OverTime_Yes; numeric__StockOptionLevel; numeric__TotalWorkingYears,train,Historical synthetic demo; not a current workforce forecast
EMP-940,0.034839971086110304,Low,numeric__TotalWorkingYears; categorical__OverTime_No; categorical__OverTime_Yes; numeric__YearsInCurrentRole; numeric__RelationshipSatisfaction,train,Historical synthetic demo; not a current workforce forecast
EMP-941,0.3524031843441122,Elevated,categorical__JobRole_Sales Representative; numeric__StockOptionLevel; numeric__YearsSinceLastPromotion; numeric__WorkLifeBalance; numeric__MonthlyIncome,test,Historical synthetic demo; not a current workforce forecast
EMP-942,0.033000362039977894,Low,numeric__WorkLifeBalance; categorical__OverTime_No; categorical__OverTime_Yes; numeric__EnvironmentSatisfaction; numeric__JobSatisfaction,train,Historical synthetic demo; not a current workforce forecast
EMP-944,0.022568395464495294,Low,numeric__TotalWorkingYears; categorical__JobRole_Laboratory Technician; numeric__EnvironmentSatisfaction; numeric__YearsInCurrentRole; categorical__EducationField_Other,train,Historical synthetic demo; not a current workforce forecast
EMP-945,0.02687825218599292,Low,numeric__StockOptionLevel; numeric__RelationshipSatisfaction; numeric__EnvironmentSatisfaction; numeric__YearsInCurrentRole; numeric__DistanceFromHome,train,Historical synthetic demo; not a current workforce forecast
EMP-947,0.02022753678344245,Low,numeric__EnvironmentSatisfaction; categorical__BusinessTravel_Non-Travel; numeric__RelationshipSatisfaction; numeric__YearsInCurrentRole; numeric__DistanceFromHome,train,Historical synthetic demo; not a current workforce forecast
EMP-949,0.016587146486990532,Low,numeric__StockOptionLevel; numeric__TrainingTimesLastYear; categorical__EducationField_Other; numeric__JobSatisfaction; numeric__YearsSinceLastPromotion,validation,Historical synthetic demo; not a current workforce forecast
EMP-950,0.003266199498032925,Low,numeric__YearsInCurrentRole; numeric__JobSatisfaction; numeric__EnvironmentSatisfaction; numeric__YearsWithCurrManager; numeric__YearsSinceLastPromotion,train,Historical synthetic demo; not a current workforce forecast
EMP-951,0.1936453142237804,Moderate,categorical__JobRole_Laboratory Technician; numeric__TotalWorkingYears; numeric__StockOptionLevel; categorical__BusinessTravel_Non-Travel; numeric__YearsInCurrentRole,train,Historical synthetic demo; not a current workforce forecast
EMP-952,0.5738484242929259,Elevated,numeric__StockOptionLevel; numeric__TotalWorkingYears; categorical__OverTime_No; categorical__OverTime_Yes; categorical__JobRole_Sales Representative,train,Historical synthetic demo; not a current workforce forecast
EMP-954,0.39874513338919554,Elevated,numeric__EnvironmentSatisfaction; numeric__YearsInCurrentRole; numeric__YearsSinceLastPromotion; numeric__YearsWithCurrManager; numeric__JobInvolvement,test,Historical synthetic demo; not a current workforce forecast
EMP-956,0.20289329499518624,Moderate,numeric__JobSatisfaction; categorical__BusinessTravel_Travel_Frequently; numeric__StockOptionLevel; numeric__TotalWorkingYears; numeric__DistanceFromHome,train,Historical synthetic demo; not a current workforce forecast
EMP-957,0.03590515462198683,Low,numeric__YearsWithCurrManager; numeric__YearsInCurrentRole; categorical__JobRole_Laboratory Technician; numeric__TotalWorkingYears; numeric__JobSatisfaction,validation,Historical synthetic demo; not a current workforce forecast
EMP-958,0.013979185894915175,Low,categorical__JobRole_Laboratory Technician; numeric__StockOptionLevel; numeric__TrainingTimesLastYear; numeric__YearsInCurrentRole; numeric__YearsWithCurrManager,train,Historical synthetic demo; not a current workforce forecast
EMP-959,0.8021871973565365,Elevated,numeric__TotalWorkingYears; categorical__OverTime_No; categorical__OverTime_Yes; categorical__JobRole_Sales Representative; numeric__StockOptionLevel,test,Historical synthetic demo; not a current workforce forecast
EMP-960,0.6531954923867034,Elevated,numeric__TotalWorkingYears; categorical__JobRole_Laboratory Technician; numeric__JobSatisfaction; numeric__EnvironmentSatisfaction; numeric__StockOptionLevel,validation,Historical synthetic demo; not a current workforce forecast
EMP-961,0.0652925410352152,Low,numeric__YearsSinceLastPromotion; numeric__StockOptionLevel; numeric__WorkLifeBalance; categorical__OverTime_No; categorical__OverTime_Yes,train,Historical synthetic demo; not a current workforce forecast
EMP-964,0.40200017865317555,Elevated,numeric__NumCompaniesWorked; numeric__TotalWorkingYears; categorical__OverTime_No; categorical__OverTime_Yes; categorical__BusinessTravel_Travel_Frequently,train,Historical synthetic demo; not a current workforce forecast
EMP-966,0.024883468635321565,Low,numeric__JobSatisfaction; numeric__YearsSinceLastPromotion; numeric__WorkLifeBalance; numeric__TotalWorkingYears; numeric__DistanceFromHome,train,Historical synthetic demo; not a current workforce forecast
EMP-967,0.07030166620891169,Low,categorical__OverTime_No; categorical__OverTime_Yes; numeric__RelationshipSatisfaction; numeric__TrainingTimesLastYear; numeric__JobSatisfaction,train,Historical synthetic demo; not a current workforce forecast
EMP-969,0.06731006844052502,Low,numeric__StockOptionLevel; numeric__RelationshipSatisfaction; numeric__YearsInCurrentRole; numeric__TotalWorkingYears; numeric__JobSatisfaction,train,Historical synthetic demo; not a current workforce forecast
EMP-970,0.6409008667352019,Elevated,numeric__YearsSinceLastPromotion; numeric__WorkLifeBalance; numeric__EnvironmentSatisfaction; numeric__StockOptionLevel; numeric__YearsInCurrentRole,train,Historical synthetic demo; not a current workforce forecast
EMP-972,0.03810987641654335,Low,categorical__JobRole_Laboratory Technician; numeric__StockOptionLevel; categorical__BusinessTravel_Non-Travel; numeric__TrainingTimesLastYear; numeric__YearsSinceLastPromotion,train,Historical synthetic demo; not a current workforce forecast
EMP-974,0.23618972552141126,Moderate,numeric__TotalWorkingYears; categorical__JobRole_Sales Representative; categorical__BusinessTravel_Travel_Frequently; numeric__JobSatisfaction; numeric__YearsInCurrentRole,validation,Historical synthetic demo; not a current workforce forecast
EMP-975,0.14833667567937106,Low,numeric__TotalWorkingYears; numeric__StockOptionLevel; numeric__YearsWithCurrManager; numeric__YearsInCurrentRole; numeric__DistanceFromHome,train,Historical synthetic demo; not a current workforce forecast
EMP-976,0.002495903090815262,Low,numeric__TotalWorkingYears; numeric__YearsSinceLastPromotion; numeric__MonthlyIncome; numeric__EnvironmentSatisfaction; numeric__JobSatisfaction,train,Historical synthetic demo; not a current workforce forecast
EMP-977,0.09865229081121825,Low,numeric__StockOptionLevel; numeric__RelationshipSatisfaction; numeric__EnvironmentSatisfaction; numeric__YearsInCurrentRole; numeric__TotalWorkingYears,test,Historical synthetic demo; not a current workforce forecast
EMP-981,0.030052817334203688,Low,numeric__YearsSinceLastPromotion; numeric__YearsInCurrentRole; numeric__TotalWorkingYears; numeric__MonthlyIncome; numeric__NumCompaniesWorked,train,Historical synthetic demo; not a current workforce forecast
EMP-982,0.12365603621351415,Low,numeric__YearsSinceLastPromotion; numeric__RelationshipSatisfaction; categorical__EducationField_Other; numeric__WorkLifeBalance; numeric__NumCompaniesWorked,train,Historical synthetic demo; not a current workforce forecast
EMP-983,0.3669027388971346,Elevated,categorical__OverTime_No; categorical__OverTime_Yes; numeric__StockOptionLevel; categorical__BusinessTravel_Non-Travel; numeric__TotalWorkingYears,train,Historical synthetic demo; not a current workforce forecast
EMP-984,0.008181872395877308,Low,numeric__EnvironmentSatisfaction; numeric__NumCompaniesWorked; numeric__YearsInCurrentRole; numeric__JobSatisfaction; numeric__YearsSinceLastPromotion,validation,Historical synthetic demo; not a current workforce forecast
EMP-985,0.013596697628986002,Low,numeric__JobInvolvement; numeric__EnvironmentSatisfaction; numeric__StockOptionLevel; numeric__NumCompaniesWorked; numeric__RelationshipSatisfaction,train,Historical synthetic demo; not a current workforce forecast
EMP-986,0.1622641323321412,Low,numeric__TotalWorkingYears; numeric__JobInvolvement; categorical__OverTime_No; categorical__OverTime_Yes; numeric__StockOptionLevel,train,Historical synthetic demo; not a current workforce forecast
EMP-987,0.019531214201931334,Low,numeric__JobInvolvement; numeric__TotalWorkingYears; numeric__YearsInCurrentRole; categorical__OverTime_No; categorical__OverTime_Yes,train,Historical synthetic demo; not a current workforce forecast
EMP-990,0.006502744688152881,Low,numeric__StockOptionLevel; numeric__EnvironmentSatisfaction; categorical__BusinessTravel_Non-Travel; numeric__JobSatisfaction; numeric__RelationshipSatisfaction,train,Historical synthetic demo; not a current workforce forecast
EMP-991,0.5983843949797993,Elevated,numeric__TotalWorkingYears; numeric__JobSatisfaction; categorical__OverTime_No; categorical__OverTime_Yes; numeric__StockOptionLevel,validation,Historical synthetic demo; not a current workforce forecast
EMP-992,0.03674165487068901,Low,numeric__MonthlyIncome; numeric__YearsSinceLastPromotion; numeric__StockOptionLevel; numeric__EnvironmentSatisfaction; categorical__BusinessTravel_Non-Travel,train,Historical synthetic demo; not a current workforce forecast
EMP-994,0.4832401887516349,Elevated,numeric__TotalWorkingYears; numeric__JobSatisfaction; categorical__OverTime_No; categorical__OverTime_Yes; numeric__StockOptionLevel,test,Historical synthetic demo; not a current workforce forecast
EMP-995,0.10519279007149465,Low,numeric__TotalWorkingYears; numeric__StockOptionLevel; numeric__RelationshipSatisfaction; numeric__JobSatisfaction; numeric__YearsSinceLastPromotion,train,Historical synthetic demo; not a current workforce forecast
EMP-996,0.006976544717125556,Low,numeric__StockOptionLevel; categorical__JobRole_Laboratory Technician; numeric__EnvironmentSatisfaction; numeric__JobSatisfaction; numeric__RelationshipSatisfaction,train,Historical synthetic demo; not a current workforce forecast
EMP-997,0.0016017559948844076,Low,numeric__TotalWorkingYears; numeric__NumCompaniesWorked; numeric__MonthlyIncome; numeric__EnvironmentSatisfaction; categorical__JobRole_Research Director,train,Historical synthetic demo; not a current workforce forecast
EMP-998,0.12024323735184765,Low,numeric__JobInvolvement; categorical__OverTime_No; categorical__OverTime_Yes; categorical__BusinessTravel_Travel_Frequently; numeric__RelationshipSatisfaction,test,Historical synthetic demo; not a current workforce forecast
EMP-999,0.0016293404497921455,Low,numeric__YearsInCurrentRole; numeric__MonthlyIncome; numeric__TotalWorkingYears; numeric__EnvironmentSatisfaction; categorical__BusinessTravel_Travel_Frequently,train,Historical synthetic demo; not a current workforce forecast
EMP-1001,0.547967502419955,Elevated,numeric__NumCompaniesWorked; numeric__TotalWorkingYears; categorical__JobRole_Laboratory Technician; numeric__YearsInCurrentRole; numeric__JobSatisfaction,train,Historical synthetic demo; not a current workforce forecast
EMP-1002,0.15418663865139756,Low,categorical__JobRole_Laboratory Technician; numeric__JobSatisfaction; categorical__OverTime_No; categorical__OverTime_Yes; numeric__EnvironmentSatisfaction,train,Historical synthetic demo; not a current workforce forecast
EMP-1003,0.14132263260880734,Low,categorical__OverTime_No; categorical__OverTime_Yes; numeric__StockOptionLevel; numeric__EnvironmentSatisfaction; numeric__YearsInCurrentRole,train,Historical synthetic demo; not a current workforce forecast
EMP-1004,0.7145424473689306,Elevated,categorical__OverTime_No; numeric__EnvironmentSatisfaction; categorical__OverTime_Yes; numeric__StockOptionLevel; numeric__DistanceFromHome,train,Historical synthetic demo; not a current workforce forecast
EMP-1005,0.00621863053197584,Low,numeric__TotalWorkingYears; numeric__YearsInCurrentRole; categorical__OverTime_No; categorical__OverTime_Yes; numeric__EnvironmentSatisfaction,train,Historical synthetic demo; not a current workforce forecast
EMP-1006,0.11161708138805972,Low,numeric__TotalWorkingYears; categorical__BusinessTravel_Travel_Frequently; numeric__TrainingTimesLastYear; numeric__YearsInCurrentRole; numeric__NumCompaniesWorked,validation,Historical synthetic demo; not a current workforce forecast
EMP-1007,0.006867080182432075,Low,numeric__EnvironmentSatisfaction; numeric__NumCompaniesWorked; numeric__YearsSinceLastPromotion; categorical__JobRole_Manufacturing Director; numeric__MonthlyIncome,train,Historical synthetic demo; not a current workforce forecast
EMP-1009,0.02314985608034279,Low,numeric__StockOptionLevel; numeric__TotalWorkingYears; numeric__EnvironmentSatisfaction; numeric__TrainingTimesLastYear; numeric__YearsInCurrentRole,validation,Historical synthetic demo; not a current workforce forecast
EMP-1010,0.4788789651590167,Elevated,categorical__JobRole_Laboratory Technician; numeric__WorkLifeBalance; numeric__TotalWorkingYears; categorical__OverTime_No; categorical__OverTime_Yes,test,Historical synthetic demo; not a current workforce forecast
EMP-1011,0.07486461956603552,Low,numeric__TotalWorkingYears; numeric__JobSatisfaction; categorical__BusinessTravel_Travel_Frequently; numeric__DistanceFromHome; numeric__YearsSinceLastPromotion,train,Historical synthetic demo; not a current workforce forecast
EMP-1012,0.04754634065785402,Low,numeric__TotalWorkingYears; numeric__StockOptionLevel; categorical__BusinessTravel_Non-Travel; numeric__YearsInCurrentRole; numeric__JobSatisfaction,train,Historical synthetic demo; not a current workforce forecast
EMP-1013,0.008588735449331565,Low,numeric__TotalWorkingYears; numeric__NumCompaniesWorked; numeric__YearsSinceLastPromotion; categorical__JobRole_Manufacturing Director; numeric__YearsWithCurrManager,train,Historical synthetic demo; not a current workforce forecast
EMP-1014,0.1652945672127049,Low,numeric__YearsSinceLastPromotion; numeric__YearsInCurrentRole; categorical__OverTime_No; categorical__OverTime_Yes; numeric__DistanceFromHome,test,Historical synthetic demo; not a current workforce forecast
EMP-1015,0.014609968362355914,Low,numeric__StockOptionLevel; numeric__JobInvolvement; numeric__JobSatisfaction; categorical__OverTime_No; categorical__OverTime_Yes,train,Historical synthetic demo; not a current workforce forecast
EMP-1016,0.6072096350623316,Elevated,numeric__TotalWorkingYears; numeric__JobSatisfaction; categorical__OverTime_No; categorical__OverTime_Yes; numeric__StockOptionLevel,train,Historical synthetic demo; not a current workforce forecast
EMP-1017,0.5492284721810404,Elevated,numeric__TotalWorkingYears; categorical__JobRole_Laboratory Technician; categorical__BusinessTravel_Travel_Frequently; numeric__StockOptionLevel; numeric__RelationshipSatisfaction,test,Historical synthetic demo; not a current workforce forecast
EMP-1018,0.007445987738124791,Low,numeric__JobInvolvement; numeric__StockOptionLevel; numeric__EnvironmentSatisfaction; numeric__JobSatisfaction; numeric__TotalWorkingYears,train,Historical synthetic demo; not a current workforce forecast
EMP-1019,0.6177116215891697,Elevated,numeric__JobInvolvement; numeric__TotalWorkingYears; categorical__JobRole_Laboratory Technician; numeric__JobSatisfaction; numeric__RelationshipSatisfaction,train,Historical synthetic demo; not a current workforce forecast
EMP-1022,0.06373260686578296,Low,numeric__EnvironmentSatisfaction; numeric__TotalWorkingYears; numeric__StockOptionLevel; numeric__TrainingTimesLastYear; numeric__RelationshipSatisfaction,train,Historical synthetic demo; not a current workforce forecast
EMP-1024,0.007323709450603529,Low,numeric__TotalWorkingYears; numeric__YearsInCurrentRole; numeric__NumCompaniesWorked; numeric__StockOptionLevel; categorical__JobRole_Healthcare Representative,train,Historical synthetic demo; not a current workforce forecast
EMP-1025,0.06240018820426134,Low,numeric__StockOptionLevel; numeric__EnvironmentSatisfaction; numeric__TrainingTimesLastYear; numeric__NumCompaniesWorked; numeric__TotalWorkingYears,train,Historical synthetic demo; not a current workforce forecast
EMP-1026,0.0072860305357963125,Low,numeric__YearsSinceLastPromotion; numeric__TotalWorkingYears; numeric__EnvironmentSatisfaction; numeric__JobSatisfaction; numeric__MonthlyIncome,train,Historical synthetic demo; not a current workforce forecast
EMP-1027,0.039066318759155165,Low,numeric__TotalWorkingYears; numeric__EnvironmentSatisfaction; numeric__JobSatisfaction; numeric__NumCompaniesWorked; numeric__DistanceFromHome,train,Historical synthetic demo; not a current workforce forecast
EMP-1028,0.11817151077848563,Low,numeric__TotalWorkingYears; categorical__JobRole_Laboratory Technician; numeric__RelationshipSatisfaction; categorical__EducationField_Other; numeric__JobSatisfaction,train,Historical synthetic demo; not a current workforce forecast
EMP-1029,0.03622110974902686,Low,numeric__MonthlyIncome; numeric__TotalWorkingYears; numeric__StockOptionLevel; numeric__EnvironmentSatisfaction; numeric__YearsInCurrentRole,train,Historical synthetic demo; not a current workforce forecast
EMP-1030,0.22646701587203677,Moderate,categorical__JobRole_Laboratory Technician; numeric__EnvironmentSatisfaction; numeric__StockOptionLevel; numeric__YearsInCurrentRole; numeric__JobSatisfaction,test,Historical synthetic demo; not a current workforce forecast
EMP-1032,0.053710831113787695,Low,numeric__TotalWorkingYears; categorical__OverTime_No; categorical__OverTime_Yes; numeric__StockOptionLevel; numeric__RelationshipSatisfaction,train,Historical synthetic demo; not a current workforce forecast
EMP-1033,0.5677257315871703,Elevated,numeric__JobInvolvement; numeric__WorkLifeBalance; numeric__EnvironmentSatisfaction; numeric__StockOptionLevel; numeric__RelationshipSatisfaction,test,Historical synthetic demo; not a current workforce forecast
EMP-1034,0.07787919961797854,Low,numeric__StockOptionLevel; numeric__YearsSinceLastPromotion; categorical__OverTime_No; categorical__OverTime_Yes; categorical__BusinessTravel_Travel_Frequently,test,Historical synthetic demo; not a current workforce forecast
EMP-1035,0.0014732773242083054,Low,numeric__YearsInCurrentRole; numeric__MonthlyIncome; numeric__StockOptionLevel; numeric__JobInvolvement; numeric__TotalWorkingYears,train,Historical synthetic demo; not a current workforce forecast
EMP-1036,0.36052371334173394,Elevated,numeric__NumCompaniesWorked; categorical__OverTime_No; categorical__OverTime_Yes; numeric__TotalWorkingYears; numeric__StockOptionLevel,test,Historical synthetic demo; not a current workforce forecast
EMP-1037,0.5946211623142225,Elevated,numeric__NumCompaniesWorked; numeric__JobInvolvement; numeric__DistanceFromHome; numeric__JobSatisfaction; numeric__StockOptionLevel,train,Historical synthetic demo; not a current workforce forecast
EMP-1038,0.005844848023582247,Low,numeric__TotalWorkingYears; numeric__YearsInCurrentRole; numeric__MonthlyIncome; numeric__JobInvolvement; numeric__YearsSinceLastPromotion,test,Historical synthetic demo; not a current workforce forecast
EMP-1039,0.031367509643557875,Low,numeric__YearsSinceLastPromotion; numeric__TotalWorkingYears; numeric__YearsInCurrentRole; numeric__DistanceFromHome; numeric__JobInvolvement,train,Historical synthetic demo; not a current workforce forecast
EMP-1040,0.002444948081761968,Low,numeric__YearsWithCurrManager; numeric__TotalWorkingYears; numeric__RelationshipSatisfaction; numeric__EnvironmentSatisfaction; categorical__BusinessTravel_Non-Travel,train,Historical synthetic demo; not a current workforce forecast
EMP-1042,0.11363830453390805,Low,numeric__YearsSinceLastPromotion; numeric__YearsInCurrentRole; numeric__YearsWithCurrManager; numeric__JobInvolvement; categorical__JobRole_Laboratory Technician,train,Historical synthetic demo; not a current workforce forecast
EMP-1043,0.1130557272475519,Low,numeric__TotalWorkingYears; numeric__JobSatisfaction; categorical__OverTime_No; categorical__OverTime_Yes; categorical__BusinessTravel_Travel_Frequently,train,Historical synthetic demo; not a current workforce forecast
EMP-1044,0.1910564659466565,Moderate,numeric__TotalWorkingYears; categorical__JobRole_Sales Representative; numeric__StockOptionLevel; categorical__BusinessTravel_Non-Travel; numeric__JobSatisfaction,train,Historical synthetic demo; not a current workforce forecast
EMP-1045,0.002570127865427554,Low,numeric__TotalWorkingYears; numeric__MonthlyIncome; numeric__EnvironmentSatisfaction; numeric__WorkLifeBalance; numeric__JobSatisfaction,validation,Historical synthetic demo; not a current workforce forecast
EMP-1046,0.2627121197401751,Moderate,numeric__NumCompaniesWorked; numeric__YearsSinceLastPromotion; numeric__DistanceFromHome; categorical__JobRole_Laboratory Technician; numeric__StockOptionLevel,train,Historical synthetic demo; not a current workforce forecast
EMP-1047,0.008192794435146917,Low,numeric__JobInvolvement; numeric__JobSatisfaction; numeric__YearsInCurrentRole; numeric__NumCompaniesWorked; numeric__RelationshipSatisfaction,train,Historical synthetic demo; not a current workforce forecast
EMP-1048,0.17932960746998045,Moderate,numeric__WorkLifeBalance; categorical__OverTime_No; categorical__OverTime_Yes; numeric__JobSatisfaction; numeric__DistanceFromHome,train,Historical synthetic demo; not a current workforce forecast
EMP-1049,0.312119197522833,Moderate,numeric__StockOptionLevel; numeric__RelationshipSatisfaction; numeric__DistanceFromHome; numeric__TotalWorkingYears; numeric__YearsSinceLastPromotion,train,Historical synthetic demo; not a current workforce forecast
EMP-1050,0.08719088835780943,Low,numeric__TotalWorkingYears; numeric__YearsSinceLastPromotion; categorical__BusinessTravel_Travel_Frequently; numeric__YearsWithCurrManager; numeric__RelationshipSatisfaction,train,Historical synthetic demo; not a current workforce forecast
EMP-1052,0.335708428069663,Moderate,categorical__JobRole_Laboratory Technician; numeric__NumCompaniesWorked; numeric__EnvironmentSatisfaction; numeric__YearsInCurrentRole; categorical__EducationField_Other,train,Historical synthetic demo; not a current workforce forecast
EMP-1053,0.774026141540203,Elevated,numeric__JobSatisfaction; categorical__OverTime_No; numeric__EnvironmentSatisfaction; categorical__OverTime_Yes; categorical__BusinessTravel_Travel_Frequently,test,Historical synthetic demo; not a current workforce forecast
EMP-1055,0.3207249718766422,Moderate,numeric__TotalWorkingYears; categorical__OverTime_No; categorical__OverTime_Yes; categorical__JobRole_Sales Representative; numeric__YearsInCurrentRole,test,Historical synthetic demo; not a current workforce forecast
EMP-1056,0.2504344241437736,Moderate,numeric__TotalWorkingYears; categorical__JobRole_Sales Representative; numeric__StockOptionLevel; numeric__EnvironmentSatisfaction; numeric__YearsInCurrentRole,validation,Historical synthetic demo; not a current workforce forecast
EMP-1060,0.05988661773061793,Low,categorical__BusinessTravel_Travel_Frequently; numeric__RelationshipSatisfaction; categorical__EducationField_Other; numeric__TotalWorkingYears; numeric__YearsInCurrentRole,validation,Historical synthetic demo; not a current workforce forecast
EMP-1061,0.020115088768771196,Low,numeric__TotalWorkingYears; numeric__MonthlyIncome; numeric__YearsSinceLastPromotion; categorical__OverTime_No; categorical__OverTime_Yes,test,Historical synthetic demo; not a current workforce forecast
EMP-1062,0.07275001136186617,Low,numeric__StockOptionLevel; numeric__RelationshipSatisfaction; numeric__EnvironmentSatisfaction; categorical__EducationField_Other; categorical__JobRole_Healthcare Representative,validation,Historical synthetic demo; not a current workforce forecast
EMP-1066,0.34119446610811205,Moderate,numeric__YearsSinceLastPromotion; numeric__JobSatisfaction; numeric__DistanceFromHome; numeric__TotalWorkingYears; numeric__WorkLifeBalance,train,Historical synthetic demo; not a current workforce forecast
EMP-1068,0.046005369848032864,Low,numeric__StockOptionLevel; numeric__TotalWorkingYears; numeric__EnvironmentSatisfaction; categorical__BusinessTravel_Travel_Frequently; numeric__TrainingTimesLastYear,train,Historical synthetic demo; not a current workforce forecast
EMP-1069,0.0024170077934897605,Low,numeric__NumCompaniesWorked; numeric__TotalWorkingYears; numeric__MonthlyIncome; numeric__StockOptionLevel; numeric__EnvironmentSatisfaction,validation,Historical synthetic demo; not a current workforce forecast
EMP-1070,0.15193809099251643,Low,numeric__YearsSinceLastPromotion; numeric__NumCompaniesWorked; numeric__YearsWithCurrManager; numeric__DistanceFromHome; numeric__JobInvolvement,validation,Historical synthetic demo; not a current workforce forecast
EMP-1071,0.02295269004928528,Low,numeric__EnvironmentSatisfaction; categorical__BusinessTravel_Travel_Frequently; numeric__TotalWorkingYears; numeric__YearsSinceLastPromotion; numeric__MonthlyIncome,validation,Historical synthetic demo; not a current workforce forecast
EMP-1073,0.029574016783268035,Low,numeric__YearsSinceLastPromotion; numeric__StockOptionLevel; numeric__EnvironmentSatisfaction; numeric__JobSatisfaction; numeric__NumCompaniesWorked,test,Historical synthetic demo; not a current workforce forecast
EMP-1074,0.026149745019050197,Low,numeric__TotalWorkingYears; numeric__MonthlyIncome; numeric__NumCompaniesWorked; numeric__JobSatisfaction; numeric__YearsSinceLastPromotion,train,Historical synthetic demo; not a current workforce forecast
EMP-1076,0.0476979828644208,Low,numeric__DistanceFromHome; numeric__YearsInCurrentRole; numeric__TotalWorkingYears; numeric__JobSatisfaction; numeric__TrainingTimesLastYear,train,Historical synthetic demo; not a current workforce forecast
EMP-1077,0.7018935221386401,Elevated,numeric__TotalWorkingYears; categorical__OverTime_No; categorical__OverTime_Yes; categorical__JobRole_Sales Representative; categorical__BusinessTravel_Travel_Frequently,train,Historical synthetic demo; not a current workforce forecast
EMP-1079,0.6258186397878794,Elevated,numeric__TotalWorkingYears; categorical__JobRole_Laboratory Technician; numeric__JobSatisfaction; numeric__StockOptionLevel; numeric__RelationshipSatisfaction,train,Historical synthetic demo; not a current workforce forecast
EMP-1080,0.02316859294848169,Low,numeric__StockOptionLevel; numeric__YearsInCurrentRole; numeric__NumCompaniesWorked; numeric__JobSatisfaction; categorical__OverTime_No,train,Historical synthetic demo; not a current workforce forecast
EMP-1081,0.0510063169796807,Low,numeric__StockOptionLevel; numeric__NumCompaniesWorked; categorical__OverTime_No; numeric__EnvironmentSatisfaction; categorical__OverTime_Yes,validation,Historical synthetic demo; not a current workforce forecast
EMP-1082,0.14304115597138634,Low,numeric__JobSatisfaction; numeric__StockOptionLevel; numeric__RelationshipSatisfaction; categorical__BusinessTravel_Non-Travel; numeric__DistanceFromHome,validation,Historical synthetic demo; not a current workforce forecast
EMP-1083,0.2601716005728052,Moderate,numeric__StockOptionLevel; categorical__JobRole_Laboratory Technician; numeric__JobSatisfaction; numeric__EnvironmentSatisfaction; numeric__RelationshipSatisfaction,train,Historical synthetic demo; not a current workforce forecast
EMP-1084,0.033252458126680345,Low,numeric__JobSatisfaction; categorical__EducationField_Other; numeric__TotalWorkingYears; numeric__NumCompaniesWorked; numeric__DistanceFromHome,test,Historical synthetic demo; not a current workforce forecast
EMP-1085,0.01788065863316975,Low,numeric__JobInvolvement; numeric__StockOptionLevel; numeric__YearsSinceLastPromotion; numeric__YearsWithCurrManager; numeric__NumCompaniesWorked,train,Historical synthetic demo; not a current workforce forecast
EMP-1088,0.008976078227661924,Low,numeric__TotalWorkingYears; numeric__RelationshipSatisfaction; numeric__YearsInCurrentRole; numeric__NumCompaniesWorked; categorical__JobRole_Healthcare Representative,train,Historical synthetic demo; not a current workforce forecast
EMP-1092,0.03250152041198218,Low,numeric__YearsSinceLastPromotion; numeric__YearsInCurrentRole; numeric__EnvironmentSatisfaction; numeric__TrainingTimesLastYear; numeric__JobSatisfaction,train,Historical synthetic demo; not a current workforce forecast
EMP-1094,0.021947188860416543,Low,numeric__StockOptionLevel; numeric__TotalWorkingYears; numeric__JobInvolvement; categorical__JobRole_Laboratory Technician; numeric__EnvironmentSatisfaction,train,Historical synthetic demo; not a current workforce forecast
EMP-1096,0.008942256376520708,Low,numeric__TotalWorkingYears; categorical__BusinessTravel_Travel_Frequently; numeric__EnvironmentSatisfaction; numeric__DistanceFromHome; numeric__YearsInCurrentRole,test,Historical synthetic demo; not a current workforce forecast
EMP-1097,0.005805425779769578,Low,numeric__StockOptionLevel; categorical__EducationField_Other; numeric__WorkLifeBalance; numeric__RelationshipSatisfaction; numeric__YearsInCurrentRole,test,Historical synthetic demo; not a current workforce forecast
EMP-1098,0.04674336410836251,Low,numeric__TotalWorkingYears; numeric__NumCompaniesWorked; numeric__JobSatisfaction; numeric__RelationshipSatisfaction; numeric__DistanceFromHome,validation,Historical synthetic demo; not a current workforce forecast
EMP-1099,0.022217100410066748,Low,numeric__EnvironmentSatisfaction; numeric__JobSatisfaction; categorical__JobRole_Healthcare Representative; numeric__YearsInCurrentRole; numeric__JobInvolvement,train,Historical synthetic demo; not a current workforce forecast
EMP-1100,0.31253629067300165,Moderate,numeric__JobSatisfaction; categorical__OverTime_No; categorical__OverTime_Yes; numeric__StockOptionLevel; numeric__RelationshipSatisfaction,train,Historical synthetic demo; not a current workforce forecast
EMP-1101,0.16175311781272467,Low,numeric__DistanceFromHome; numeric__EnvironmentSatisfaction; categorical__BusinessTravel_Travel_Frequently; numeric__StockOptionLevel; numeric__JobInvolvement,train,Historical synthetic demo; not a current workforce forecast
EMP-1102,0.1715586266249065,Low,numeric__TotalWorkingYears; categorical__JobRole_Laboratory Technician; numeric__EnvironmentSatisfaction; numeric__RelationshipSatisfaction; numeric__TrainingTimesLastYear,train,Historical synthetic demo; not a current workforce forecast
EMP-1103,0.10547826516885153,Low,numeric__EnvironmentSatisfaction; categorical__BusinessTravel_Travel_Frequently; numeric__StockOptionLevel; numeric__TotalWorkingYears; numeric__JobSatisfaction,test,Historical synthetic demo; not a current workforce forecast
EMP-1105,0.044688113377063556,Low,numeric__StockOptionLevel; categorical__OverTime_No; categorical__OverTime_Yes; numeric__EnvironmentSatisfaction; numeric__YearsInCurrentRole,validation,Historical synthetic demo; not a current workforce forecast
EMP-1106,0.1125316155820295,Low,categorical__JobRole_Laboratory Technician; categorical__OverTime_No; categorical__OverTime_Yes; numeric__EnvironmentSatisfaction; numeric__YearsSinceLastPromotion,train,Historical synthetic demo; not a current workforce forecast
EMP-1107,0.43251995387882575,Elevated,numeric__TotalWorkingYears; categorical__JobRole_Laboratory Technician; numeric__EnvironmentSatisfaction; numeric__TrainingTimesLastYear; numeric__YearsInCurrentRole,train,Historical synthetic demo; not a current workforce forecast
EMP-1108,0.8766641032044022,Elevated,numeric__TotalWorkingYears; categorical__OverTime_No; numeric__EnvironmentSatisfaction; categorical__OverTime_Yes; numeric__StockOptionLevel,train,Historical synthetic demo; not a current workforce forecast
EMP-1109,0.011739420317707819,Low,numeric__YearsSinceLastPromotion; numeric__TotalWorkingYears; numeric__MonthlyIncome; numeric__JobSatisfaction; numeric__EnvironmentSatisfaction,validation,Historical synthetic demo; not a current workforce forecast
EMP-1111,0.49578153712857953,Elevated,numeric__TotalWorkingYears; numeric__StockOptionLevel; categorical__JobRole_Laboratory Technician; numeric__EnvironmentSatisfaction; categorical__BusinessTravel_Travel_Frequently,train,Historical synthetic demo; not a current workforce forecast
EMP-1113,0.26670424940347953,Moderate,numeric__TotalWorkingYears; categorical__OverTime_No; categorical__OverTime_Yes; categorical__BusinessTravel_Travel_Frequently; numeric__StockOptionLevel,validation,Historical synthetic demo; not a current workforce forecast
EMP-1114,0.08694074716264054,Low,numeric__TotalWorkingYears; categorical__BusinessTravel_Travel_Frequently; numeric__EnvironmentSatisfaction; numeric__NumCompaniesWorked; numeric__YearsSinceLastPromotion,train,Historical synthetic demo; not a current workforce forecast
EMP-1115,0.004711177909992295,Low,numeric__StockOptionLevel; categorical__BusinessTravel_Non-Travel; numeric__YearsInCurrentRole; numeric__TotalWorkingYears; numeric__JobSatisfaction,train,Historical synthetic demo; not a current workforce forecast
EMP-1116,0.003386795374937848,Low,numeric__TotalWorkingYears; numeric__JobInvolvement; numeric__MonthlyIncome; numeric__EnvironmentSatisfaction; numeric__StockOptionLevel,train,Historical synthetic demo; not a current workforce forecast
EMP-1117,0.009214612948595642,Low,numeric__YearsInCurrentRole; numeric__YearsWithCurrManager; categorical__BusinessTravel_Non-Travel; numeric__RelationshipSatisfaction; numeric__YearsSinceLastPromotion,train,Historical synthetic demo; not a current workforce forecast
EMP-1118,0.02760144287604431,Low,numeric__NumCompaniesWorked; numeric__StockOptionLevel; numeric__TotalWorkingYears; numeric__RelationshipSatisfaction; categorical__JobRole_Healthcare Representative,test,Historical synthetic demo; not a current workforce forecast
EMP-1119,0.10526224039621214,Low,numeric__StockOptionLevel; categorical__OverTime_No; categorical__OverTime_Yes; numeric__NumCompaniesWorked; numeric__JobInvolvement,train,Historical synthetic demo; not a current workforce forecast
EMP-1120,0.03224844584456093,Low,numeric__DistanceFromHome; numeric__RelationshipSatisfaction; numeric__JobSatisfaction; numeric__MonthlyIncome; numeric__TrainingTimesLastYear,train,Historical synthetic demo; not a current workforce forecast
EMP-1121,0.001497172552760375,Low,numeric__StockOptionLevel; numeric__EnvironmentSatisfaction; numeric__NumCompaniesWorked; numeric__DistanceFromHome; numeric__JobSatisfaction,train,Historical synthetic demo; not a current workforce forecast
EMP-1124,0.010686559311967474,Low,numeric__TotalWorkingYears; numeric__MonthlyIncome; numeric__EnvironmentSatisfaction; numeric__YearsInCurrentRole; numeric__RelationshipSatisfaction,train,Historical synthetic demo; not a current workforce forecast
EMP-1125,0.2654770558576286,Moderate,numeric__NumCompaniesWorked; numeric__StockOptionLevel; numeric__EnvironmentSatisfaction; numeric__YearsInCurrentRole; numeric__YearsSinceLastPromotion,train,Historical synthetic demo; not a current workforce forecast
EMP-1126,0.09372542153209452,Low,numeric__NumCompaniesWorked; numeric__DistanceFromHome; numeric__JobSatisfaction; categorical__BusinessTravel_Travel_Frequently; numeric__TotalWorkingYears,train,Historical synthetic demo; not a current workforce forecast
EMP-1127,0.013985591273221003,Low,numeric__StockOptionLevel; numeric__YearsSinceLastPromotion; numeric__TotalWorkingYears; numeric__NumCompaniesWorked; numeric__EnvironmentSatisfaction,train,Historical synthetic demo; not a current workforce forecast
EMP-1128,0.010519721188136225,Low,numeric__MonthlyIncome; numeric__TotalWorkingYears; numeric__StockOptionLevel; numeric__RelationshipSatisfaction; numeric__WorkLifeBalance,train,Historical synthetic demo; not a current workforce forecast
EMP-1131,0.22899946308537583,Moderate,numeric__TotalWorkingYears; categorical__OverTime_No; categorical__OverTime_Yes; numeric__StockOptionLevel; numeric__EnvironmentSatisfaction,train,Historical synthetic demo; not a current workforce forecast
EMP-1132,0.21190091008597678,Moderate,numeric__NumCompaniesWorked; categorical__JobRole_Laboratory Technician; numeric__StockOptionLevel; categorical__BusinessTravel_Non-Travel; numeric__YearsSinceLastPromotion,train,Historical synthetic demo; not a current workforce forecast
EMP-1133,0.01608436450348151,Low,numeric__EnvironmentSatisfaction; numeric__StockOptionLevel; numeric__RelationshipSatisfaction; categorical__BusinessTravel_Non-Travel; numeric__TotalWorkingYears,train,Historical synthetic demo; not a current workforce forecast
EMP-1135,0.24657579142315386,Moderate,numeric__TotalWorkingYears; numeric__JobInvolvement; categorical__JobRole_Sales Representative; categorical__BusinessTravel_Travel_Frequently; numeric__RelationshipSatisfaction,test,Historical synthetic demo; not a current workforce forecast
EMP-1136,0.24395697187583282,Moderate,numeric__WorkLifeBalance; numeric__EnvironmentSatisfaction; numeric__StockOptionLevel; numeric__RelationshipSatisfaction; numeric__TotalWorkingYears,validation,Historical synthetic demo; not a current workforce forecast
EMP-1137,0.05352705685908709,Low,numeric__TotalWorkingYears; categorical__BusinessTravel_Travel_Frequently; numeric__EnvironmentSatisfaction; numeric__JobSatisfaction; numeric__RelationshipSatisfaction,train,Historical synthetic demo; not a current workforce forecast
EMP-1138,0.041710951653514995,Low,numeric__TotalWorkingYears; numeric__EnvironmentSatisfaction; numeric__NumCompaniesWorked; numeric__MonthlyIncome; numeric__YearsInCurrentRole,test,Historical synthetic demo; not a current workforce forecast
EMP-1140,0.049763050943644596,Low,numeric__TotalWorkingYears; categorical__BusinessTravel_Travel_Frequently; numeric__StockOptionLevel; numeric__EnvironmentSatisfaction; numeric__RelationshipSatisfaction,validation,Historical synthetic demo; not a current workforce forecast
EMP-1143,0.01992820060692151,Low,numeric__StockOptionLevel; categorical__BusinessTravel_Travel_Frequently; numeric__EnvironmentSatisfaction; numeric__NumCompaniesWorked; numeric__RelationshipSatisfaction,validation,Historical synthetic demo; not a current workforce forecast
EMP-1148,0.5558134803275241,Elevated,numeric__JobInvolvement; numeric__DistanceFromHome; categorical__JobRole_Laboratory Technician; numeric__StockOptionLevel; numeric__RelationshipSatisfaction,validation,Historical synthetic demo; not a current workforce forecast
EMP-1150,0.1106825663145436,Low,categorical__OverTime_No; categorical__OverTime_Yes; numeric__JobSatisfaction; numeric__JobInvolvement; numeric__WorkLifeBalance,test,Historical synthetic demo; not a current workforce forecast
EMP-1152,0.035987927993782316,Low,numeric__JobInvolvement; numeric__YearsSinceLastPromotion; numeric__WorkLifeBalance; numeric__TotalWorkingYears; numeric__RelationshipSatisfaction,train,Historical synthetic demo; not a current workforce forecast
EMP-1154,0.3041783784389839,Moderate,numeric__TotalWorkingYears; categorical__OverTime_No; categorical__OverTime_Yes; categorical__BusinessTravel_Travel_Frequently; numeric__YearsInCurrentRole,train,Historical synthetic demo; not a current workforce forecast
EMP-1156,0.18147479544368983,Moderate,numeric__TotalWorkingYears; categorical__JobRole_Laboratory Technician; numeric__StockOptionLevel; categorical__BusinessTravel_Non-Travel; numeric__YearsInCurrentRole,train,Historical synthetic demo; not a current workforce forecast
EMP-1157,0.7307944404210379,Elevated,numeric__JobSatisfaction; categorical__OverTime_No; numeric__EnvironmentSatisfaction; categorical__OverTime_Yes; numeric__StockOptionLevel,test,Historical synthetic demo; not a current workforce forecast
EMP-1158,0.5443008889545433,Elevated,categorical__JobRole_Laboratory Technician; categorical__OverTime_No; categorical__OverTime_Yes; numeric__RelationshipSatisfaction; numeric__YearsInCurrentRole,train,Historical synthetic demo; not a current workforce forecast
EMP-1160,0.21652678031945466,Moderate,numeric__TotalWorkingYears; categorical__JobRole_Laboratory Technician; categorical__BusinessTravel_Travel_Frequently; numeric__TrainingTimesLastYear; numeric__YearsInCurrentRole,train,Historical synthetic demo; not a current workforce forecast
EMP-1161,0.0531215102532304,Low,numeric__StockOptionLevel; numeric__NumCompaniesWorked; numeric__DistanceFromHome; numeric__JobSatisfaction; categorical__JobRole_Healthcare Representative,test,Historical synthetic demo; not a current workforce forecast
EMP-1162,0.060898612395622394,Low,numeric__TotalWorkingYears; numeric__EnvironmentSatisfaction; numeric__TrainingTimesLastYear; numeric__YearsInCurrentRole; numeric__JobInvolvement,train,Historical synthetic demo; not a current workforce forecast
EMP-1163,0.1625817867135351,Low,numeric__StockOptionLevel; numeric__RelationshipSatisfaction; numeric__TotalWorkingYears; numeric__WorkLifeBalance; numeric__NumCompaniesWorked,train,Historical synthetic demo; not a current workforce forecast
EMP-1164,0.1735478217100744,Low,numeric__WorkLifeBalance; numeric__StockOptionLevel; numeric__TotalWorkingYears; numeric__NumCompaniesWorked; numeric__RelationshipSatisfaction,train,Historical synthetic demo; not a current workforce forecast
EMP-1165,0.21952010551683135,Moderate,numeric__JobSatisfaction; numeric__WorkLifeBalance; numeric__RelationshipSatisfaction; numeric__EnvironmentSatisfaction; numeric__DistanceFromHome,train,Historical synthetic demo; not a current workforce forecast
EMP-1166,0.03078628843995874,Low,numeric__NumCompaniesWorked; numeric__TotalWorkingYears; numeric__YearsWithCurrManager; categorical__BusinessTravel_Travel_Frequently; numeric__StockOptionLevel,train,Historical synthetic demo; not a current workforce forecast
EMP-1167,0.6297813297326927,Elevated,numeric__YearsSinceLastPromotion; numeric__TotalWorkingYears; numeric__YearsWithCurrManager; numeric__JobSatisfaction; categorical__OverTime_No,train,Historical synthetic demo; not a current workforce forecast
EMP-1171,0.17807757047352363,Moderate,numeric__NumCompaniesWorked; numeric__JobSatisfaction; numeric__StockOptionLevel; numeric__WorkLifeBalance; numeric__RelationshipSatisfaction,train,Historical synthetic demo; not a current workforce forecast
EMP-1172,0.10476645969257233,Low,categorical__JobRole_Laboratory Technician; numeric__EnvironmentSatisfaction; numeric__YearsInCurrentRole; numeric__NumCompaniesWorked; numeric__DistanceFromHome,test,Historical synthetic demo; not a current workforce forecast
EMP-1173,0.315135337827201,Moderate,numeric__NumCompaniesWorked; categorical__JobRole_Laboratory Technician; numeric__StockOptionLevel; numeric__EnvironmentSatisfaction; numeric__DistanceFromHome,test,Historical synthetic demo; not a current workforce forecast
EMP-1175,0.3964261609667961,Elevated,numeric__TotalWorkingYears; categorical__JobRole_Laboratory Technician; categorical__OverTime_No; categorical__OverTime_Yes; numeric__StockOptionLevel,train,Historical synthetic demo; not a current workforce forecast
EMP-1177,0.0126361843079409,Low,numeric__JobInvolvement; categorical__JobRole_Laboratory Technician; numeric__EnvironmentSatisfaction; numeric__JobSatisfaction; numeric__YearsSinceLastPromotion,test,Historical synthetic demo; not a current workforce forecast
EMP-1179,0.08275296848678881,Low,numeric__RelationshipSatisfaction; numeric__JobInvolvement; numeric__NumCompaniesWorked; categorical__OverTime_No; categorical__OverTime_Yes,train,Historical synthetic demo; not a current workforce forecast
EMP-1180,0.3103087711787866,Moderate,numeric__WorkLifeBalance; numeric__DistanceFromHome; categorical__OverTime_No; categorical__OverTime_Yes; categorical__BusinessTravel_Travel_Frequently,train,Historical synthetic demo; not a current workforce forecast
EMP-1182,0.021484737105674646,Low,numeric__YearsSinceLastPromotion; numeric__WorkLifeBalance; numeric__DistanceFromHome; numeric__JobInvolvement; numeric__JobSatisfaction,validation,Historical synthetic demo; not a current workforce forecast
EMP-1184,0.02432799634252715,Low,numeric__JobSatisfaction; categorical__BusinessTravel_Travel_Frequently; numeric__StockOptionLevel; numeric__EnvironmentSatisfaction; numeric__YearsInCurrentRole,train,Historical synthetic demo; not a current workforce forecast
EMP-1185,0.13045373521501916,Low,numeric__TotalWorkingYears; categorical__JobRole_Laboratory Technician; categorical__BusinessTravel_Travel_Frequently; numeric__EnvironmentSatisfaction; categorical__EducationField_Other,train,Historical synthetic demo; not a current workforce forecast
EMP-1188,0.7218741749433758,Elevated,numeric__NumCompaniesWorked; numeric__JobInvolvement; numeric__EnvironmentSatisfaction; numeric__StockOptionLevel; numeric__TotalWorkingYears,train,Historical synthetic demo; not a current workforce forecast
EMP-1190,0.04421556082067238,Low,numeric__StockOptionLevel; numeric__TotalWorkingYears; numeric__JobSatisfaction; categorical__JobRole_Sales Representative; categorical__BusinessTravel_Non-Travel,validation,Historical synthetic demo; not a current workforce forecast
EMP-1191,0.008503303975295449,Low,numeric__TotalWorkingYears; numeric__MonthlyIncome; numeric__JobSatisfaction; numeric__EnvironmentSatisfaction; numeric__RelationshipSatisfaction,train,Historical synthetic demo; not a current workforce forecast
EMP-1192,0.016526808087385783,Low,categorical__JobRole_Laboratory Technician; numeric__RelationshipSatisfaction; numeric__JobSatisfaction; numeric__TrainingTimesLastYear; numeric__YearsInCurrentRole,train,Historical synthetic demo; not a current workforce forecast
EMP-1193,0.10200053866733746,Low,numeric__TotalWorkingYears; numeric__JobSatisfaction; numeric__StockOptionLevel; numeric__YearsInCurrentRole; numeric__YearsSinceLastPromotion,train,Historical synthetic demo; not a current workforce forecast
EMP-1195,0.19828522763298115,Moderate,categorical__OverTime_No; numeric__EnvironmentSatisfaction; categorical__OverTime_Yes; numeric__TotalWorkingYears; numeric__YearsSinceLastPromotion,validation,Historical synthetic demo; not a current workforce forecast
EMP-1196,0.005237666110924649,Low,numeric__EnvironmentSatisfaction; numeric__YearsWithCurrManager; numeric__JobSatisfaction; numeric__YearsInCurrentRole; numeric__DistanceFromHome,train,Historical synthetic demo; not a current workforce forecast
EMP-1198,0.5790330733867181,Elevated,numeric__TotalWorkingYears; categorical__JobRole_Laboratory Technician; numeric__EnvironmentSatisfaction; numeric__StockOptionLevel; numeric__RelationshipSatisfaction,train,Historical synthetic demo; not a current workforce forecast
EMP-1200,0.09386273698333299,Low,categorical__OverTime_No; categorical__OverTime_Yes; numeric__StockOptionLevel; numeric__TotalWorkingYears; numeric__YearsSinceLastPromotion,test,Historical synthetic demo; not a current workforce forecast
EMP-1201,0.0013804648721930013,Low,numeric__TotalWorkingYears; numeric__MonthlyIncome; numeric__EnvironmentSatisfaction; numeric__TrainingTimesLastYear; numeric__JobLevel,train,Historical synthetic demo; not a current workforce forecast
EMP-1202,0.4344487035262542,Elevated,numeric__JobInvolvement; categorical__OverTime_No; categorical__OverTime_Yes; numeric__RelationshipSatisfaction; numeric__TotalWorkingYears,train,Historical synthetic demo; not a current workforce forecast
EMP-1203,0.23210509895063394,Moderate,numeric__TotalWorkingYears; categorical__OverTime_No; categorical__OverTime_Yes; categorical__BusinessTravel_Travel_Frequently; numeric__YearsInCurrentRole,validation,Historical synthetic demo; not a current workforce forecast
EMP-1204,0.12749701514496062,Low,numeric__YearsSinceLastPromotion; numeric__TotalWorkingYears; numeric__YearsInCurrentRole; numeric__NumCompaniesWorked; numeric__MonthlyIncome,train,Historical synthetic demo; not a current workforce forecast
EMP-1206,0.07232153349837225,Low,numeric__JobInvolvement; numeric__StockOptionLevel; numeric__EnvironmentSatisfaction; categorical__BusinessTravel_Non-Travel; numeric__YearsInCurrentRole,train,Historical synthetic demo; not a current workforce forecast
EMP-1207,0.05515736065152394,Low,numeric__TotalWorkingYears; numeric__RelationshipSatisfaction; categorical__EducationField_Human Resources; numeric__DistanceFromHome; numeric__DailyRate,train,Historical synthetic demo; not a current workforce forecast
EMP-1210,0.4541001308952492,Elevated,numeric__JobSatisfaction; numeric__WorkLifeBalance; numeric__TotalWorkingYears; numeric__EnvironmentSatisfaction; numeric__RelationshipSatisfaction,test,Historical synthetic demo; not a current workforce forecast
EMP-1211,0.07130144159268362,Low,numeric__StockOptionLevel; numeric__NumCompaniesWorked; numeric__DistanceFromHome; numeric__JobSatisfaction; numeric__YearsSinceLastPromotion,train,Historical synthetic demo; not a current workforce forecast
EMP-1212,0.08495679350443873,Low,numeric__StockOptionLevel; numeric__TotalWorkingYears; categorical__BusinessTravel_Travel_Frequently; numeric__YearsInCurrentRole; numeric__RelationshipSatisfaction,train,Historical synthetic demo; not a current workforce forecast
EMP-1215,0.004645810251701009,Low,numeric__TotalWorkingYears; numeric__MonthlyIncome; numeric__JobSatisfaction; categorical__BusinessTravel_Travel_Frequently; numeric__EnvironmentSatisfaction,validation,Historical synthetic demo; not a current workforce forecast
EMP-1216,0.04599682149743118,Low,numeric__StockOptionLevel; categorical__JobRole_Laboratory Technician; numeric__JobSatisfaction; numeric__EnvironmentSatisfaction; numeric__TotalWorkingYears,train,Historical synthetic demo; not a current workforce forecast
EMP-1217,0.00806320324218185,Low,numeric__TotalWorkingYears; numeric__MonthlyIncome; numeric__RelationshipSatisfaction; numeric__EnvironmentSatisfaction; categorical__JobRole_Research Director,train,Historical synthetic demo; not a current workforce forecast
EMP-1218,0.02163019462105899,Low,numeric__StockOptionLevel; numeric__JobSatisfaction; categorical__OverTime_No; categorical__OverTime_Yes; numeric__RelationshipSatisfaction,train,Historical synthetic demo; not a current workforce forecast
EMP-1219,0.3324017303905159,Moderate,numeric__TotalWorkingYears; categorical__JobRole_Laboratory Technician; numeric__WorkLifeBalance; numeric__RelationshipSatisfaction; numeric__EnvironmentSatisfaction,train,Historical synthetic demo; not a current workforce forecast
EMP-1220,0.20997099376628192,Moderate,categorical__BusinessTravel_Travel_Frequently; numeric__DistanceFromHome; numeric__RelationshipSatisfaction; numeric__YearsSinceLastPromotion; numeric__WorkLifeBalance,train,Historical synthetic demo; not a current workforce forecast
EMP-1221,0.04239548256979722,Low,numeric__JobInvolvement; categorical__JobRole_Laboratory Technician; numeric__TotalWorkingYears; numeric__MonthlyIncome; numeric__NumCompaniesWorked,train,Historical synthetic demo; not a current workforce forecast
EMP-1224,0.031230451081603827,Low,numeric__StockOptionLevel; numeric__YearsSinceLastPromotion; categorical__JobRole_Laboratory Technician; numeric__RelationshipSatisfaction; numeric__YearsWithCurrManager,validation,Historical synthetic demo; not a current workforce forecast
EMP-1225,0.014523635718637228,Low,numeric__YearsSinceLastPromotion; numeric__YearsWithCurrManager; numeric__DistanceFromHome; numeric__YearsInCurrentRole; numeric__TotalWorkingYears,test,Historical synthetic demo; not a current workforce forecast
EMP-1226,0.21665432795554662,Moderate,numeric__TotalWorkingYears; numeric__JobInvolvement; categorical__JobRole_Sales Representative; numeric__StockOptionLevel; numeric__JobSatisfaction,train,Historical synthetic demo; not a current workforce forecast
EMP-1228,0.01073842611277832,Low,numeric__EnvironmentSatisfaction; numeric__JobSatisfaction; numeric__DistanceFromHome; numeric__WorkLifeBalance; categorical__JobRole_Manufacturing Director,train,Historical synthetic demo; not a current workforce forecast
EMP-1231,0.026776668468929822,Low,numeric__JobInvolvement; numeric__NumCompaniesWorked; numeric__JobSatisfaction; numeric__RelationshipSatisfaction; numeric__EnvironmentSatisfaction,test,Historical synthetic demo; not a current workforce forecast
EMP-1233,0.0457061303658805,Low,numeric__JobInvolvement; categorical__OverTime_No; categorical__OverTime_Yes; numeric__JobSatisfaction; numeric__NumCompaniesWorked,train,Historical synthetic demo; not a current workforce forecast
EMP-1234,0.356939169665586,Elevated,numeric__TotalWorkingYears; categorical__JobRole_Laboratory Technician; categorical__BusinessTravel_Travel_Frequently; categorical__EducationField_Other; numeric__YearsInCurrentRole,train,Historical synthetic demo; not a current workforce forecast
EMP-1235,0.06807841368751928,Low,categorical__OverTime_No; categorical__OverTime_Yes; categorical__BusinessTravel_Travel_Frequently; numeric__StockOptionLevel; numeric__EnvironmentSatisfaction,train,Historical synthetic demo; not a current workforce forecast
EMP-1237,0.207078008417739,Moderate,numeric__JobInvolvement; numeric__YearsSinceLastPromotion; numeric__JobSatisfaction; categorical__OverTime_No; categorical__OverTime_Yes,train,Historical synthetic demo; not a current workforce forecast
EMP-1238,0.006775329695210883,Low,numeric__YearsInCurrentRole; numeric__EnvironmentSatisfaction; numeric__JobSatisfaction; numeric__YearsWithCurrManager; numeric__NumCompaniesWorked,test,Historical synthetic demo; not a current workforce forecast
EMP-1239,0.42822829764764664,Elevated,numeric__NumCompaniesWorked; numeric__WorkLifeBalance; numeric__TotalWorkingYears; numeric__YearsInCurrentRole; numeric__JobInvolvement,train,Historical synthetic demo; not a current workforce forecast
EMP-1240,0.06333695779730689,Low,numeric__TotalWorkingYears; numeric__StockOptionLevel; numeric__JobSatisfaction; numeric__NumCompaniesWorked; numeric__YearsWithCurrManager,train,Historical synthetic demo; not a current workforce forecast
EMP-1241,0.03628734914636826,Low,categorical__OverTime_No; categorical__OverTime_Yes; numeric__RelationshipSatisfaction; numeric__EnvironmentSatisfaction; numeric__YearsInCurrentRole,train,Historical synthetic demo; not a current workforce forecast
EMP-1242,0.41143493989766455,Elevated,numeric__TotalWorkingYears; numeric__JobSatisfaction; numeric__DistanceFromHome; categorical__OverTime_No; numeric__EnvironmentSatisfaction,train,Historical synthetic demo; not a current workforce forecast
EMP-1243,0.09809175193307722,Low,categorical__OverTime_No; categorical__OverTime_Yes; numeric__YearsWithCurrManager; categorical__BusinessTravel_Non-Travel; numeric__TrainingTimesLastYear,train,Historical synthetic demo; not a current workforce forecast
EMP-1244,0.17443770714864895,Low,numeric__StockOptionLevel; numeric__JobSatisfaction; numeric__YearsSinceLastPromotion; categorical__OverTime_No; numeric__EnvironmentSatisfaction,train,Historical synthetic demo; not a current workforce forecast
EMP-1245,0.012904430128483158,Low,numeric__TotalWorkingYears; numeric__NumCompaniesWorked; numeric__WorkLifeBalance; categorical__BusinessTravel_Travel_Frequently; numeric__RelationshipSatisfaction,train,Historical synthetic demo; not a current workforce forecast
EMP-1246,0.008466560613863772,Low,numeric__YearsSinceLastPromotion; numeric__JobInvolvement; numeric__EnvironmentSatisfaction; numeric__JobSatisfaction; numeric__RelationshipSatisfaction,validation,Historical synthetic demo; not a current workforce forecast
EMP-1248,0.4779840481205442,Elevated,numeric__TotalWorkingYears; categorical__OverTime_No; numeric__EnvironmentSatisfaction; categorical__OverTime_Yes; numeric__StockOptionLevel,train,Historical synthetic demo; not a current workforce forecast
EMP-1249,0.007660654534452021,Low,numeric__StockOptionLevel; numeric__TotalWorkingYears; numeric__EnvironmentSatisfaction; numeric__RelationshipSatisfaction; numeric__JobSatisfaction,train,Historical synthetic demo; not a current workforce forecast
EMP-1250,0.00047723202319359913,Low,numeric__TotalWorkingYears; numeric__MonthlyIncome; numeric__StockOptionLevel; numeric__RelationshipSatisfaction; numeric__EnvironmentSatisfaction,validation,Historical synthetic demo; not a current workforce forecast
EMP-1251,0.19480693792653825,Moderate,numeric__JobSatisfaction; categorical__OverTime_No; categorical__OverTime_Yes; numeric__StockOptionLevel; numeric__TotalWorkingYears,train,Historical synthetic demo; not a current workforce forecast
EMP-1252,0.0450474114934028,Low,numeric__JobSatisfaction; numeric__StockOptionLevel; numeric__DistanceFromHome; numeric__YearsInCurrentRole; categorical__JobRole_Healthcare Representative,train,Historical synthetic demo; not a current workforce forecast
EMP-1254,0.06937293260620211,Low,numeric__StockOptionLevel; numeric__JobSatisfaction; numeric__YearsInCurrentRole; numeric__RelationshipSatisfaction; numeric__YearsSinceLastPromotion,test,Historical synthetic demo; not a current workforce forecast
EMP-1255,0.0020171404851312817,Low,numeric__TotalWorkingYears; numeric__MonthlyIncome; numeric__JobInvolvement; categorical__JobRole_Research Director; numeric__JobSatisfaction,test,Historical synthetic demo; not a current workforce forecast
EMP-1256,0.011458184939519405,Low,numeric__TotalWorkingYears; numeric__MonthlyIncome; numeric__EnvironmentSatisfaction; numeric__YearsInCurrentRole; numeric__WorkLifeBalance,test,Historical synthetic demo; not a current workforce forecast
EMP-1257,0.04556565268249587,Low,numeric__YearsInCurrentRole; categorical__BusinessTravel_Travel_Frequently; numeric__StockOptionLevel; numeric__YearsSinceLastPromotion; numeric__DistanceFromHome,train,Historical synthetic demo; not a current workforce forecast
EMP-1258,0.17429875780181164,Low,numeric__JobInvolvement; categorical__JobRole_Laboratory Technician; numeric__StockOptionLevel; numeric__EnvironmentSatisfaction; numeric__YearsInCurrentRole,validation,Historical synthetic demo; not a current workforce forecast
EMP-1259,0.011313245657999448,Low,numeric__StockOptionLevel; numeric__TotalWorkingYears; numeric__EnvironmentSatisfaction; numeric__YearsSinceLastPromotion; numeric__MonthlyIncome,train,Historical synthetic demo; not a current workforce forecast
EMP-1260,0.05055849917316076,Low,numeric__StockOptionLevel; categorical__OverTime_No; categorical__OverTime_Yes; numeric__YearsInCurrentRole; numeric__TotalWorkingYears,train,Historical synthetic demo; not a current workforce forecast
EMP-1263,0.004675105538572019,Low,numeric__TotalWorkingYears; numeric__MonthlyIncome; numeric__StockOptionLevel; numeric__EnvironmentSatisfaction; numeric__YearsInCurrentRole,train,Historical synthetic demo; not a current workforce forecast
EMP-1264,0.0029404995127381237,Low,numeric__StockOptionLevel; numeric__MonthlyIncome; numeric__EnvironmentSatisfaction; categorical__JobRole_Research Director; numeric__JobSatisfaction,train,Historical synthetic demo; not a current workforce forecast
EMP-1265,0.044294579717191876,Low,numeric__TotalWorkingYears; numeric__JobInvolvement; numeric__StockOptionLevel; numeric__YearsInCurrentRole; numeric__NumCompaniesWorked,train,Historical synthetic demo; not a current workforce forecast
EMP-1267,0.008951497583559934,Low,numeric__TotalWorkingYears; numeric__MonthlyIncome; numeric__NumCompaniesWorked; numeric__YearsInCurrentRole; numeric__YearsWithCurrManager,train,Historical synthetic demo; not a current workforce forecast
EMP-1268,0.008946013541079248,Low,numeric__StockOptionLevel; numeric__JobInvolvement; categorical__OverTime_No; categorical__OverTime_Yes; numeric__EnvironmentSatisfaction,validation,Historical synthetic demo; not a current workforce forecast
EMP-1269,0.3362589279770876,Moderate,numeric__TotalWorkingYears; numeric__JobInvolvement; categorical__OverTime_No; categorical__OverTime_Yes; numeric__StockOptionLevel,train,Historical synthetic demo; not a current workforce forecast
EMP-1270,0.021427275829695766,Low,numeric__TotalWorkingYears; numeric__EnvironmentSatisfaction; numeric__YearsInCurrentRole; numeric__RelationshipSatisfaction; numeric__MonthlyIncome,train,Historical synthetic demo; not a current workforce forecast
EMP-1273,0.9157744912056006,Elevated,numeric__TotalWorkingYears; numeric__JobInvolvement; categorical__OverTime_No; categorical__OverTime_Yes; categorical__JobRole_Sales Representative,test,Historical synthetic demo; not a current workforce forecast
EMP-1275,0.1871676602876365,Moderate,categorical__OverTime_No; categorical__OverTime_Yes; numeric__StockOptionLevel; numeric__JobSatisfaction; numeric__TotalWorkingYears,train,Historical synthetic demo; not a current workforce forecast
EMP-1277,0.1517140824261957,Low,numeric__TotalWorkingYears; numeric__MonthlyIncome; numeric__JobInvolvement; numeric__YearsInCurrentRole; categorical__OverTime_No,train,Historical synthetic demo; not a current workforce forecast
EMP-1278,0.04466830157494291,Low,numeric__YearsSinceLastPromotion; numeric__TotalWorkingYears; categorical__OverTime_No; categorical__OverTime_Yes; numeric__EnvironmentSatisfaction,train,Historical synthetic demo; not a current workforce forecast
EMP-1279,0.8450087576666158,Elevated,numeric__TotalWorkingYears; categorical__JobRole_Laboratory Technician; numeric__WorkLifeBalance; numeric__EnvironmentSatisfaction; categorical__BusinessTravel_Travel_Frequently,test,Historical synthetic demo; not a current workforce forecast
EMP-1280,0.009607852486052667,Low,numeric__TotalWorkingYears; numeric__MonthlyIncome; numeric__EnvironmentSatisfaction; numeric__YearsSinceLastPromotion; numeric__JobLevel,validation,Historical synthetic demo; not a current workforce forecast
EMP-1281,0.4273830080957271,Elevated,numeric__TotalWorkingYears; numeric__JobSatisfaction; categorical__OverTime_No; categorical__OverTime_Yes; numeric__StockOptionLevel,train,Historical synthetic demo; not a current workforce forecast
EMP-1282,0.1442794786390424,Low,numeric__TotalWorkingYears; numeric__YearsSinceLastPromotion; numeric__MonthlyIncome; numeric__YearsInCurrentRole; categorical__OverTime_No,train,Historical synthetic demo; not a current workforce forecast
EMP-1283,0.005018560627649271,Low,numeric__TotalWorkingYears; numeric__StockOptionLevel; numeric__EnvironmentSatisfaction; numeric__TrainingTimesLastYear; numeric__NumCompaniesWorked,validation,Historical synthetic demo; not a current workforce forecast
EMP-1285,0.07421953573437388,Low,numeric__StockOptionLevel; categorical__JobRole_Laboratory Technician; categorical__BusinessTravel_Travel_Frequently; numeric__YearsSinceLastPromotion; numeric__WorkLifeBalance,train,Historical synthetic demo; not a current workforce forecast
EMP-1286,0.5074816310638308,Elevated,categorical__JobRole_Laboratory Technician; numeric__TotalWorkingYears; categorical__OverTime_No; categorical__OverTime_Yes; categorical__BusinessTravel_Travel_Frequently,train,Historical synthetic demo; not a current workforce forecast
EMP-1288,0.0024373258257835806,Low,numeric__YearsSinceLastPromotion; numeric__TotalWorkingYears; numeric__MonthlyIncome; numeric__StockOptionLevel; numeric__JobInvolvement,validation,Historical synthetic demo; not a current workforce forecast
EMP-1289,0.015845061083353075,Low,numeric__StockOptionLevel; categorical__BusinessTravel_Travel_Frequently; numeric__YearsInCurrentRole; numeric__WorkLifeBalance; numeric__RelationshipSatisfaction,train,Historical synthetic demo; not a current workforce forecast
EMP-1291,0.14040023757458775,Low,numeric__TotalWorkingYears; categorical__OverTime_No; categorical__OverTime_Yes; numeric__StockOptionLevel; numeric__NumCompaniesWorked,train,Historical synthetic demo; not a current workforce forecast
EMP-1292,0.16453892263036302,Low,numeric__JobInvolvement; categorical__OverTime_No; categorical__OverTime_Yes; numeric__StockOptionLevel; numeric__YearsInCurrentRole,train,Historical synthetic demo; not a current workforce forecast
EMP-1293,0.026845821277466056,Low,numeric__YearsSinceLastPromotion; numeric__YearsWithCurrManager; numeric__TotalWorkingYears; numeric__StockOptionLevel; numeric__EnvironmentSatisfaction,train,Historical synthetic demo; not a current workforce forecast
EMP-1294,0.0671055972112345,Low,numeric__YearsInCurrentRole; numeric__NumCompaniesWorked; categorical__OverTime_No; categorical__OverTime_Yes; numeric__StockOptionLevel,train,Historical synthetic demo; not a current workforce forecast
EMP-1295,0.009275262491384608,Low,numeric__EnvironmentSatisfaction; numeric__JobSatisfaction; numeric__RelationshipSatisfaction; categorical__JobRole_Healthcare Representative; numeric__YearsSinceLastPromotion,validation,Historical synthetic demo; not a current workforce forecast
EMP-1296,0.5871991332097787,Elevated,numeric__TotalWorkingYears; categorical__JobRole_Laboratory Technician; categorical__OverTime_No; categorical__OverTime_Yes; categorical__BusinessTravel_Travel_Frequently,test,Historical synthetic demo; not a current workforce forecast
EMP-1297,0.5434256242956677,Elevated,numeric__YearsSinceLastPromotion; categorical__JobRole_Laboratory Technician; categorical__BusinessTravel_Travel_Frequently; numeric__StockOptionLevel; numeric__YearsInCurrentRole,test,Historical synthetic demo; not a current workforce forecast
EMP-1298,0.0972708486230762,Low,numeric__NumCompaniesWorked; categorical__OverTime_No; categorical__OverTime_Yes; numeric__StockOptionLevel; categorical__BusinessTravel_Non-Travel,train,Historical synthetic demo; not a current workforce forecast
EMP-1299,0.4523557468270845,Elevated,numeric__StockOptionLevel; numeric__YearsSinceLastPromotion; categorical__JobRole_Laboratory Technician; categorical__OverTime_No; categorical__OverTime_Yes,train,Historical synthetic demo; not a current workforce forecast
EMP-1301,0.15654045803689262,Low,numeric__JobSatisfaction; numeric__TotalWorkingYears; numeric__StockOptionLevel; numeric__EnvironmentSatisfaction; numeric__DistanceFromHome,train,Historical synthetic demo; not a current workforce forecast
EMP-1303,0.06682908448542037,Low,numeric__TotalWorkingYears; numeric__StockOptionLevel; numeric__EnvironmentSatisfaction; numeric__RelationshipSatisfaction; numeric__DistanceFromHome,validation,Historical synthetic demo; not a current workforce forecast
EMP-1304,0.0015509918936504993,Low,numeric__StockOptionLevel; numeric__JobInvolvement; numeric__WorkLifeBalance; numeric__JobSatisfaction; numeric__YearsSinceLastPromotion,train,Historical synthetic demo; not a current workforce forecast
EMP-1306,0.09169024975239642,Low,numeric__TotalWorkingYears; numeric__MonthlyIncome; categorical__BusinessTravel_Travel_Frequently; numeric__StockOptionLevel; numeric__DistanceFromHome,train,Historical synthetic demo; not a current workforce forecast
EMP-1307,0.17746981178386703,Moderate,numeric__YearsSinceLastPromotion; numeric__StockOptionLevel; numeric__TotalWorkingYears; numeric__MonthlyIncome; categorical__OverTime_No,train,Historical synthetic demo; not a current workforce forecast
EMP-1308,0.0465205403452767,Low,numeric__TotalWorkingYears; numeric__StockOptionLevel; numeric__EnvironmentSatisfaction; numeric__DistanceFromHome; numeric__RelationshipSatisfaction,train,Historical synthetic demo; not a current workforce forecast
EMP-1309,0.04051798388432096,Low,categorical__JobRole_Laboratory Technician; numeric__RelationshipSatisfaction; numeric__EnvironmentSatisfaction; numeric__NumCompaniesWorked; numeric__YearsWithCurrManager,train,Historical synthetic demo; not a current workforce forecast
EMP-1310,0.18588828287112522,Moderate,numeric__JobSatisfaction; numeric__StockOptionLevel; numeric__RelationshipSatisfaction; numeric__TotalWorkingYears; numeric__DistanceFromHome,train,Historical synthetic demo; not a current workforce forecast
EMP-1311,0.20265187962646045,Moderate,categorical__JobRole_Laboratory Technician; numeric__YearsSinceLastPromotion; numeric__EnvironmentSatisfaction; numeric__RelationshipSatisfaction; numeric__TrainingTimesLastYear,test,Historical synthetic demo; not a current workforce forecast
EMP-1312,0.049782406766648364,Low,numeric__StockOptionLevel; numeric__RelationshipSatisfaction; numeric__EnvironmentSatisfaction; numeric__TrainingTimesLastYear; categorical__JobRole_Healthcare Representative,train,Historical synthetic demo; not a current workforce forecast
EMP-1314,0.09158781368681361,Low,numeric__JobSatisfaction; numeric__StockOptionLevel; numeric__EnvironmentSatisfaction; numeric__NumCompaniesWorked; numeric__YearsSinceLastPromotion,train,Historical synthetic demo; not a current workforce forecast
EMP-1315,0.008803793010813963,Low,numeric__StockOptionLevel; numeric__JobInvolvement; numeric__YearsSinceLastPromotion; categorical__JobRole_Laboratory Technician; numeric__RelationshipSatisfaction,train,Historical synthetic demo; not a current workforce forecast
EMP-1317,0.14336625060374625,Low,numeric__TotalWorkingYears; numeric__DistanceFromHome; numeric__MonthlyIncome; numeric__JobSatisfaction; categorical__OverTime_No,train,Historical synthetic demo; not a current workforce forecast
EMP-1318,0.6797345180363716,Elevated,categorical__OverTime_No; categorical__OverTime_Yes; numeric__StockOptionLevel; numeric__DistanceFromHome; numeric__EnvironmentSatisfaction,test,Historical synthetic demo; not a current workforce forecast
EMP-1319,0.7395350368101785,Elevated,numeric__NumCompaniesWorked; numeric__YearsSinceLastPromotion; categorical__OverTime_No; categorical__OverTime_Yes; numeric__StockOptionLevel,train,Historical synthetic demo; not a current workforce forecast
EMP-1321,0.07126166187976442,Low,numeric__StockOptionLevel; numeric__JobSatisfaction; categorical__OverTime_No; categorical__OverTime_Yes; numeric__YearsInCurrentRole,train,Historical synthetic demo; not a current workforce forecast
EMP-1322,0.0587696290488898,Low,numeric__EnvironmentSatisfaction; numeric__StockOptionLevel; numeric__RelationshipSatisfaction; numeric__TrainingTimesLastYear; numeric__NumCompaniesWorked,train,Historical synthetic demo; not a current workforce forecast
EMP-1324,0.10818315965870416,Low,numeric__YearsSinceLastPromotion; categorical__OverTime_No; categorical__OverTime_Yes; numeric__RelationshipSatisfaction; numeric__EnvironmentSatisfaction,test,Historical synthetic demo; not a current workforce forecast
EMP-1329,0.37580592347717323,Elevated,numeric__YearsSinceLastPromotion; numeric__JobInvolvement; numeric__TotalWorkingYears; numeric__StockOptionLevel; numeric__RelationshipSatisfaction,test,Historical synthetic demo; not a current workforce forecast
EMP-1331,0.7810251091509574,Elevated,numeric__TotalWorkingYears; categorical__OverTime_No; categorical__OverTime_Yes; categorical__JobRole_Sales Representative; categorical__BusinessTravel_Travel_Frequently,train,Historical synthetic demo; not a current workforce forecast
EMP-1333,0.21040815626974116,Moderate,categorical__JobRole_Laboratory Technician; numeric__JobSatisfaction; numeric__EnvironmentSatisfaction; numeric__StockOptionLevel; numeric__WorkLifeBalance,validation,Historical synthetic demo; not a current workforce forecast
EMP-1334,0.011140066445413552,Low,numeric__TotalWorkingYears; numeric__MonthlyIncome; categorical__OverTime_No; categorical__OverTime_Yes; numeric__StockOptionLevel,train,Historical synthetic demo; not a current workforce forecast
EMP-1336,0.0055389388274612854,Low,numeric__YearsSinceLastPromotion; numeric__TotalWorkingYears; numeric__MonthlyIncome; numeric__JobInvolvement; numeric__EnvironmentSatisfaction,test,Historical synthetic demo; not a current workforce forecast
EMP-1338,0.0185429208397408,Low,numeric__TotalWorkingYears; numeric__MonthlyIncome; numeric__YearsSinceLastPromotion; numeric__StockOptionLevel; numeric__RelationshipSatisfaction,validation,Historical synthetic demo; not a current workforce forecast
EMP-1340,0.10953542558473019,Low,numeric__NumCompaniesWorked; categorical__BusinessTravel_Non-Travel; numeric__TotalWorkingYears; numeric__TrainingTimesLastYear; numeric__YearsSinceLastPromotion,train,Historical synthetic demo; not a current workforce forecast
EMP-1344,0.003415866526541245,Low,numeric__EnvironmentSatisfaction; numeric__TrainingTimesLastYear; numeric__JobSatisfaction; numeric__NumCompaniesWorked; numeric__RelationshipSatisfaction,validation,Historical synthetic demo; not a current workforce forecast
EMP-1346,0.01635013865472394,Low,numeric__YearsSinceLastPromotion; numeric__StockOptionLevel; numeric__JobSatisfaction; numeric__YearsInCurrentRole; numeric__DistanceFromHome,train,Historical synthetic demo; not a current workforce forecast
EMP-1349,0.05978493046553582,Low,numeric__JobSatisfaction; categorical__BusinessTravel_Travel_Frequently; numeric__NumCompaniesWorked; numeric__RelationshipSatisfaction; numeric__DistanceFromHome,validation,Historical synthetic demo; not a current workforce forecast
EMP-1350,0.23109588050689264,Moderate,categorical__OverTime_No; categorical__OverTime_Yes; categorical__BusinessTravel_Travel_Frequently; numeric__StockOptionLevel; numeric__TotalWorkingYears,test,Historical synthetic demo; not a current workforce forecast
EMP-1352,0.009294035617776975,Low,numeric__TotalWorkingYears; categorical__OverTime_No; categorical__OverTime_Yes; numeric__YearsInCurrentRole; numeric__MonthlyIncome,train,Historical synthetic demo; not a current workforce forecast
EMP-1355,0.030317786527330744,Low,numeric__JobSatisfaction; numeric__RelationshipSatisfaction; numeric__DistanceFromHome; numeric__YearsInCurrentRole; numeric__EnvironmentSatisfaction,train,Historical synthetic demo; not a current workforce forecast
EMP-1356,0.08971388329343141,Low,numeric__YearsSinceLastPromotion; numeric__JobSatisfaction; numeric__StockOptionLevel; numeric__TrainingTimesLastYear; numeric__WorkLifeBalance,train,Historical synthetic demo; not a current workforce forecast
EMP-1358,0.013067977239394167,Low,numeric__StockOptionLevel; categorical__JobRole_Laboratory Technician; numeric__EnvironmentSatisfaction; numeric__TrainingTimesLastYear; numeric__TotalWorkingYears,validation,Historical synthetic demo; not a current workforce forecast
EMP-1360,0.1300374927112667,Low,numeric__TotalWorkingYears; numeric__NumCompaniesWorked; numeric__JobSatisfaction; categorical__OverTime_No; categorical__OverTime_Yes,train,Historical synthetic demo; not a current workforce forecast
EMP-1361,0.08105350606259693,Low,categorical__JobRole_Laboratory Technician; numeric__TotalWorkingYears; numeric__DistanceFromHome; numeric__YearsSinceLastPromotion; numeric__YearsInCurrentRole,test,Historical synthetic demo; not a current workforce forecast
EMP-1362,0.10203461660521038,Low,numeric__JobInvolvement; numeric__YearsWithCurrManager; numeric__JobSatisfaction; numeric__YearsSinceLastPromotion; numeric__EnvironmentSatisfaction,train,Historical synthetic demo; not a current workforce forecast
EMP-1363,0.0037728581449735315,Low,numeric__StockOptionLevel; numeric__EnvironmentSatisfaction; numeric__YearsInCurrentRole; numeric__JobSatisfaction; numeric__YearsSinceLastPromotion,train,Historical synthetic demo; not a current workforce forecast
EMP-1364,0.11884065785484407,Low,numeric__NumCompaniesWorked; numeric__JobInvolvement; numeric__TotalWorkingYears; categorical__JobRole_Sales Representative; numeric__YearsInCurrentRole,train,Historical synthetic demo; not a current workforce forecast
EMP-1367,0.024886049266225892,Low,numeric__TotalWorkingYears; numeric__StockOptionLevel; numeric__EnvironmentSatisfaction; numeric__MonthlyIncome; numeric__YearsSinceLastPromotion,train,Historical synthetic demo; not a current workforce forecast
EMP-1368,0.021896922823498727,Low,numeric__TotalWorkingYears; categorical__JobRole_Laboratory Technician; numeric__StockOptionLevel; numeric__EnvironmentSatisfaction; categorical__BusinessTravel_Non-Travel,validation,Historical synthetic demo; not a current workforce forecast
EMP-1369,0.02886822643727284,Low,categorical__JobRole_Laboratory Technician; numeric__EnvironmentSatisfaction; numeric__TrainingTimesLastYear; numeric__JobSatisfaction; numeric__NumCompaniesWorked,train,Historical synthetic demo; not a current workforce forecast
EMP-1371,0.2857544032774342,Moderate,numeric__JobInvolvement; categorical__BusinessTravel_Travel_Frequently; numeric__StockOptionLevel; numeric__EnvironmentSatisfaction; numeric__JobSatisfaction,train,Historical synthetic demo; not a current workforce forecast
EMP-1372,0.24039477231049766,Moderate,numeric__TotalWorkingYears; numeric__JobInvolvement; categorical__OverTime_No; numeric__EnvironmentSatisfaction; categorical__OverTime_Yes,train,Historical synthetic demo; not a current workforce forecast
EMP-1373,0.07182568955483441,Low,numeric__YearsSinceLastPromotion; numeric__TotalWorkingYears; numeric__YearsInCurrentRole; categorical__OverTime_No; categorical__OverTime_Yes,train,Historical synthetic demo; not a current workforce forecast
EMP-1374,0.029058582308901907,Low,numeric__StockOptionLevel; numeric__DistanceFromHome; numeric__TotalWorkingYears; numeric__EnvironmentSatisfaction; categorical__BusinessTravel_Non-Travel,train,Historical synthetic demo; not a current workforce forecast
EMP-1375,0.005700749734095698,Low,numeric__StockOptionLevel; numeric__YearsSinceLastPromotion; numeric__YearsInCurrentRole; numeric__JobInvolvement; numeric__TrainingTimesLastYear,validation,Historical synthetic demo; not a current workforce forecast
EMP-1377,0.2568653937205535,Moderate,numeric__StockOptionLevel; numeric__YearsSinceLastPromotion; numeric__DistanceFromHome; categorical__JobRole_Laboratory Technician; numeric__RelationshipSatisfaction,train,Historical synthetic demo; not a current workforce forecast
EMP-1379,0.46811267088880026,Elevated,numeric__TotalWorkingYears; numeric__NumCompaniesWorked; categorical__JobRole_Sales Representative; categorical__BusinessTravel_Travel_Frequently; numeric__StockOptionLevel,train,Historical synthetic demo; not a current workforce forecast
EMP-1380,0.6728842577218216,Elevated,numeric__TotalWorkingYears; categorical__OverTime_No; categorical__OverTime_Yes; categorical__BusinessTravel_Travel_Frequently; numeric__EnvironmentSatisfaction,validation,Historical synthetic demo; not a current workforce forecast
EMP-1382,0.0048587455904264285,Low,numeric__StockOptionLevel; numeric__TotalWorkingYears; numeric__JobInvolvement; categorical__BusinessTravel_Travel_Frequently; numeric__EnvironmentSatisfaction,test,Historical synthetic demo; not a current workforce forecast
EMP-1383,0.0026248320245955163,Low,numeric__YearsInCurrentRole; numeric__StockOptionLevel; numeric__YearsWithCurrManager; numeric__WorkLifeBalance; numeric__JobSatisfaction,train,Historical synthetic demo; not a current workforce forecast
EMP-1387,0.33514208748385355,Moderate,numeric__JobSatisfaction; numeric__DistanceFromHome; numeric__TotalWorkingYears; numeric__TrainingTimesLastYear; numeric__YearsSinceLastPromotion,train,Historical synthetic demo; not a current workforce forecast
EMP-1389,0.06341550336261795,Low,numeric__StockOptionLevel; numeric__YearsSinceLastPromotion; categorical__OverTime_No; categorical__OverTime_Yes; numeric__EnvironmentSatisfaction,test,Historical synthetic demo; not a current workforce forecast
EMP-1390,0.156084872360108,Low,numeric__StockOptionLevel; categorical__OverTime_No; numeric__EnvironmentSatisfaction; categorical__OverTime_Yes; numeric__WorkLifeBalance,train,Historical synthetic demo; not a current workforce forecast
EMP-1391,0.27188661200226766,Moderate,categorical__BusinessTravel_Travel_Frequently; numeric__StockOptionLevel; numeric__TrainingTimesLastYear; numeric__DistanceFromHome; numeric__YearsInCurrentRole,test,Historical synthetic demo; not a current workforce forecast
EMP-1392,0.1575435893461056,Low,numeric__StockOptionLevel; categorical__OverTime_No; categorical__OverTime_Yes; categorical__BusinessTravel_Travel_Frequently; numeric__RelationshipSatisfaction,train,Historical synthetic demo; not a current workforce forecast
EMP-1394,0.1618195434789916,Low,numeric__NumCompaniesWorked; categorical__OverTime_No; categorical__OverTime_Yes; numeric__StockOptionLevel; numeric__RelationshipSatisfaction,train,Historical synthetic demo; not a current workforce forecast
EMP-1395,0.2467736999193471,Moderate,categorical__BusinessTravel_Travel_Frequently; numeric__StockOptionLevel; numeric__RelationshipSatisfaction; numeric__NumCompaniesWorked; numeric__WorkLifeBalance,validation,Historical synthetic demo; not a current workforce forecast
EMP-1396,0.2890674834417445,Moderate,numeric__StockOptionLevel; numeric__TotalWorkingYears; categorical__OverTime_No; categorical__OverTime_Yes; numeric__RelationshipSatisfaction,train,Historical synthetic demo; not a current workforce forecast
EMP-1397,0.007443400455815933,Low,numeric__DistanceFromHome; categorical__BusinessTravel_Non-Travel; categorical__JobRole_Healthcare Representative; numeric__YearsSinceLastPromotion; numeric__MonthlyIncome,train,Historical synthetic demo; not a current workforce forecast
EMP-1399,0.24228103349504543,Moderate,numeric__JobInvolvement; numeric__EnvironmentSatisfaction; numeric__StockOptionLevel; numeric__TotalWorkingYears; numeric__YearsInCurrentRole,test,Historical synthetic demo; not a current workforce forecast
EMP-1401,0.07261404686353827,Low,numeric__TotalWorkingYears; numeric__DistanceFromHome; numeric__JobInvolvement; categorical__OverTime_No; categorical__OverTime_Yes,validation,Historical synthetic demo; not a current workforce forecast
EMP-1402,0.24312786676606474,Moderate,numeric__TotalWorkingYears; numeric__WorkLifeBalance; categorical__OverTime_No; numeric__EnvironmentSatisfaction; categorical__OverTime_Yes,train,Historical synthetic demo; not a current workforce forecast
EMP-1403,0.3630454455223689,Elevated,categorical__OverTime_No; categorical__OverTime_Yes; numeric__StockOptionLevel; numeric__EnvironmentSatisfaction; numeric__TotalWorkingYears,train,Historical synthetic demo; not a current workforce forecast
EMP-1405,0.2895296297259638,Moderate,numeric__YearsSinceLastPromotion; categorical__OverTime_No; categorical__OverTime_Yes; numeric__StockOptionLevel; numeric__EnvironmentSatisfaction,train,Historical synthetic demo; not a current workforce forecast
EMP-1407,0.06641663071038932,Low,numeric__TotalWorkingYears; numeric__EnvironmentSatisfaction; numeric__StockOptionLevel; numeric__JobSatisfaction; numeric__NumCompaniesWorked,validation,Historical synthetic demo; not a current workforce forecast
EMP-1408,0.005789294956554875,Low,numeric__TotalWorkingYears; numeric__MonthlyIncome; numeric__JobSatisfaction; numeric__NumCompaniesWorked; numeric__TrainingTimesLastYear,train,Historical synthetic demo; not a current workforce forecast
EMP-1409,0.3855381058521479,Elevated,numeric__NumCompaniesWorked; categorical__JobRole_Laboratory Technician; numeric__JobSatisfaction; numeric__WorkLifeBalance; numeric__StockOptionLevel,validation,Historical synthetic demo; not a current workforce forecast
EMP-1411,0.1808818835437613,Moderate,categorical__JobRole_Laboratory Technician; numeric__EnvironmentSatisfaction; numeric__StockOptionLevel; numeric__RelationshipSatisfaction; numeric__TrainingTimesLastYear,train,Historical synthetic demo; not a current workforce forecast
EMP-1412,0.11668192472268371,Low,categorical__BusinessTravel_Travel_Frequently; numeric__StockOptionLevel; numeric__JobSatisfaction; numeric__YearsInCurrentRole; numeric__DistanceFromHome,test,Historical synthetic demo; not a current workforce forecast
EMP-1415,0.19901997472478142,Moderate,categorical__JobRole_Laboratory Technician; numeric__EnvironmentSatisfaction; numeric__TotalWorkingYears; numeric__JobSatisfaction; numeric__DistanceFromHome,train,Historical synthetic demo; not a current workforce forecast
EMP-1417,0.02073354835333148,Low,numeric__JobInvolvement; categorical__JobRole_Laboratory Technician; numeric__JobSatisfaction; numeric__StockOptionLevel; categorical__EducationField_Other,train,Historical synthetic demo; not a current workforce forecast
EMP-1419,0.1887957731309074,Moderate,numeric__JobSatisfaction; numeric__StockOptionLevel; numeric__RelationshipSatisfaction; numeric__YearsInCurrentRole; categorical__EducationField_Other,train,Historical synthetic demo; not a current workforce forecast
EMP-1420,0.6869335931584436,Elevated,numeric__DistanceFromHome; categorical__JobRole_Laboratory Technician; numeric__TotalWorkingYears; numeric__JobSatisfaction; numeric__EnvironmentSatisfaction,train,Historical synthetic demo; not a current workforce forecast
EMP-1421,0.35792713055793773,Elevated,numeric__YearsSinceLastPromotion; categorical__OverTime_No; categorical__OverTime_Yes; categorical__BusinessTravel_Travel_Frequently; numeric__StockOptionLevel,train,Historical synthetic demo; not a current workforce forecast
EMP-1422,0.00511282265398569,Low,numeric__YearsSinceLastPromotion; numeric__TotalWorkingYears; numeric__MonthlyIncome; numeric__StockOptionLevel; numeric__EnvironmentSatisfaction,train,Historical synthetic demo; not a current workforce forecast
EMP-1423,0.0028278074692846353,Low,numeric__TotalWorkingYears; numeric__MonthlyIncome; numeric__JobSatisfaction; categorical__OverTime_No; categorical__OverTime_Yes,validation,Historical synthetic demo; not a current workforce forecast
EMP-1424,8.850361041303154e-05,Low,numeric__TotalWorkingYears; numeric__StockOptionLevel; numeric__JobInvolvement; numeric__MonthlyIncome; numeric__WorkLifeBalance,train,Historical synthetic demo; not a current workforce forecast
EMP-1425,0.22177179302431926,Moderate,categorical__OverTime_No; numeric__EnvironmentSatisfaction; categorical__OverTime_Yes; numeric__StockOptionLevel; numeric__RelationshipSatisfaction,train,Historical synthetic demo; not a current workforce forecast
EMP-1427,0.7908900866104989,Elevated,numeric__TotalWorkingYears; numeric__JobInvolvement; categorical__JobRole_Sales Representative; categorical__BusinessTravel_Travel_Frequently; numeric__StockOptionLevel,train,Historical synthetic demo; not a current workforce forecast
EMP-1428,0.08914537307221572,Low,numeric__StockOptionLevel; numeric__NumCompaniesWorked; numeric__JobSatisfaction; numeric__EnvironmentSatisfaction; numeric__YearsSinceLastPromotion,train,Historical synthetic demo; not a current workforce forecast
EMP-1430,0.05574949506846282,Low,numeric__MonthlyIncome; numeric__EnvironmentSatisfaction; numeric__StockOptionLevel; numeric__WorkLifeBalance; categorical__JobRole_Research Director,train,Historical synthetic demo; not a current workforce forecast
EMP-1431,0.020949012548649858,Low,numeric__StockOptionLevel; numeric__JobSatisfaction; categorical__BusinessTravel_Travel_Frequently; numeric__EnvironmentSatisfaction; categorical__EducationField_Other,train,Historical synthetic demo; not a current workforce forecast
EMP-1433,0.3186444663657752,Moderate,numeric__TotalWorkingYears; numeric__EnvironmentSatisfaction; numeric__StockOptionLevel; numeric__YearsInCurrentRole; numeric__WorkLifeBalance,train,Historical synthetic demo; not a current workforce forecast
EMP-1434,0.22096949767855045,Moderate,categorical__JobRole_Laboratory Technician; numeric__JobSatisfaction; numeric__StockOptionLevel; numeric__YearsInCurrentRole; numeric__TotalWorkingYears,train,Historical synthetic demo; not a current workforce forecast
EMP-1435,0.1771877093611482,Moderate,categorical__JobRole_Laboratory Technician; numeric__EnvironmentSatisfaction; numeric__StockOptionLevel; numeric__JobSatisfaction; numeric__JobInvolvement,train,Historical synthetic demo; not a current workforce forecast
EMP-1436,0.24868478213192852,Moderate,numeric__StockOptionLevel; numeric__JobSatisfaction; numeric__RelationshipSatisfaction; numeric__YearsSinceLastPromotion; numeric__YearsInCurrentRole,train,Historical synthetic demo; not a current workforce forecast
EMP-1438,0.0426071192121919,Low,numeric__NumCompaniesWorked; numeric__EnvironmentSatisfaction; numeric__JobSatisfaction; numeric__TotalWorkingYears; numeric__DistanceFromHome,train,Historical synthetic demo; not a current workforce forecast
EMP-1439,0.8402964453339751,Elevated,numeric__JobSatisfaction; numeric__EnvironmentSatisfaction; categorical__JobRole_Sales Representative; numeric__StockOptionLevel; numeric__RelationshipSatisfaction,test,Historical synthetic demo; not a current workforce forecast
EMP-1440,0.09669474712655833,Low,numeric__JobInvolvement; categorical__JobRole_Laboratory Technician; numeric__WorkLifeBalance; numeric__StockOptionLevel; numeric__RelationshipSatisfaction,train,Historical synthetic demo; not a current workforce forecast
EMP-1441,0.03595091160411011,Low,numeric__JobSatisfaction; numeric__TotalWorkingYears; numeric__EnvironmentSatisfaction; numeric__WorkLifeBalance; numeric__RelationshipSatisfaction,test,Historical synthetic demo; not a current workforce forecast
EMP-1443,0.0007804517014694166,Low,numeric__YearsInCurrentRole; numeric__TotalWorkingYears; numeric__StockOptionLevel; numeric__MonthlyIncome; numeric__EnvironmentSatisfaction,train,Historical synthetic demo; not a current workforce forecast
EMP-1445,0.050488399192773085,Low,numeric__StockOptionLevel; numeric__TotalWorkingYears; categorical__OverTime_No; categorical__OverTime_Yes; numeric__EnvironmentSatisfaction,validation,Historical synthetic demo; not a current workforce forecast
EMP-1446,0.031034373604077292,Low,numeric__EnvironmentSatisfaction; numeric__TotalWorkingYears; numeric__JobSatisfaction; numeric__YearsSinceLastPromotion; numeric__WorkLifeBalance,test,Historical synthetic demo; not a current workforce forecast
EMP-1447,0.19234897651757857,Moderate,categorical__JobRole_Laboratory Technician; numeric__RelationshipSatisfaction; numeric__EnvironmentSatisfaction; numeric__TotalWorkingYears; numeric__DistanceFromHome,train,Historical synthetic demo; not a current workforce forecast
EMP-1448,0.1589255305082438,Low,numeric__JobInvolvement; categorical__OverTime_No; categorical__OverTime_Yes; numeric__StockOptionLevel; numeric__RelationshipSatisfaction,validation,Historical synthetic demo; not a current workforce forecast
EMP-1449,0.004051771556393936,Low,numeric__StockOptionLevel; categorical__JobRole_Laboratory Technician; categorical__BusinessTravel_Non-Travel; categorical__EducationField_Other; numeric__WorkLifeBalance,train,Historical synthetic demo; not a current workforce forecast
EMP-1453,0.06963884870721848,Low,numeric__YearsSinceLastPromotion; numeric__EnvironmentSatisfaction; numeric__RelationshipSatisfaction; numeric__JobSatisfaction; numeric__TrainingTimesLastYear,train,Historical synthetic demo; not a current workforce forecast
EMP-1457,0.043070282141078844,Low,numeric__TotalWorkingYears; numeric__EnvironmentSatisfaction; numeric__RelationshipSatisfaction; numeric__WorkLifeBalance; numeric__JobSatisfaction,train,Historical synthetic demo; not a current workforce forecast
EMP-1458,0.6634734355888933,Elevated,categorical__JobRole_Laboratory Technician; numeric__JobSatisfaction; categorical__OverTime_No; numeric__EnvironmentSatisfaction; categorical__OverTime_Yes,train,Historical synthetic demo; not a current workforce forecast
EMP-1459,0.034583780953253526,Low,numeric__JobInvolvement; categorical__BusinessTravel_Travel_Frequently; numeric__StockOptionLevel; numeric__RelationshipSatisfaction; numeric__YearsInCurrentRole,train,Historical synthetic demo; not a current workforce forecast
EMP-1460,0.08153465457843005,Low,numeric__TotalWorkingYears; numeric__JobInvolvement; numeric__JobSatisfaction; categorical__OverTime_No; categorical__OverTime_Yes,train,Historical synthetic demo; not a current workforce forecast
EMP-1461,0.06133062994388923,Low,numeric__NumCompaniesWorked; numeric__JobInvolvement; numeric__StockOptionLevel; numeric__EnvironmentSatisfaction; numeric__RelationshipSatisfaction,validation,Historical synthetic demo; not a current workforce forecast
EMP-1464,0.7386192280978813,Elevated,categorical__JobRole_Laboratory Technician; numeric__WorkLifeBalance; categorical__OverTime_No; categorical__OverTime_Yes; categorical__BusinessTravel_Travel_Frequently,train,Historical synthetic demo; not a current workforce forecast
EMP-1465,0.05740692344178928,Low,numeric__StockOptionLevel; numeric__DistanceFromHome; categorical__OverTime_No; categorical__OverTime_Yes; numeric__WorkLifeBalance,train,Historical synthetic demo; not a current workforce forecast
EMP-1466,0.042307371099550815,Low,numeric__StockOptionLevel; numeric__JobSatisfaction; numeric__RelationshipSatisfaction; numeric__YearsInCurrentRole; numeric__TotalWorkingYears,train,Historical synthetic demo; not a current workforce forecast
EMP-1467,0.3110217349053508,Moderate,numeric__TotalWorkingYears; numeric__EnvironmentSatisfaction; numeric__StockOptionLevel; numeric__TrainingTimesLastYear; numeric__RelationshipSatisfaction,train,Historical synthetic demo; not a current workforce forecast
EMP-1468,0.00351524476939426,Low,numeric__EnvironmentSatisfaction; categorical__BusinessTravel_Non-Travel; numeric__MonthlyIncome; categorical__JobRole_Research Director; numeric__TrainingTimesLastYear,test,Historical synthetic demo; not a current workforce forecast
EMP-1469,0.03068466735083916,Low,numeric__JobSatisfaction; numeric__StockOptionLevel; numeric__EnvironmentSatisfaction; numeric__TotalWorkingYears; numeric__NumCompaniesWorked,train,Historical synthetic demo; not a current workforce forecast
EMP-1471,0.0413436218040898,Low,categorical__JobRole_Laboratory Technician; numeric__StockOptionLevel; categorical__BusinessTravel_Non-Travel; numeric__TotalWorkingYears; numeric__RelationshipSatisfaction,train,Historical synthetic demo; not a current workforce forecast
EMP-1472,0.0046497197447891965,Low,numeric__TotalWorkingYears; numeric__YearsSinceLastPromotion; numeric__JobInvolvement; numeric__MonthlyIncome; numeric__StockOptionLevel,test,Historical synthetic demo; not a current workforce forecast
EMP-1473,0.03319668083388463,Low,numeric__TotalWorkingYears; numeric__EnvironmentSatisfaction; numeric__TrainingTimesLastYear; categorical__JobRole_Healthcare Representative; numeric__YearsInCurrentRole,train,Historical synthetic demo; not a current workforce forecast
EMP-1474,0.011739152927660377,Low,numeric__WorkLifeBalance; numeric__YearsInCurrentRole; numeric__TotalWorkingYears; numeric__DistanceFromHome; numeric__MonthlyIncome,train,Historical synthetic demo; not a current workforce forecast
EMP-1475,0.07062976099164825,Low,numeric__StockOptionLevel; numeric__EnvironmentSatisfaction; numeric__TotalWorkingYears; numeric__DistanceFromHome; numeric__YearsInCurrentRole,train,Historical synthetic demo; not a current workforce forecast
EMP-1477,0.12015757063233862,Low,numeric__StockOptionLevel; numeric__JobSatisfaction; numeric__TotalWorkingYears; categorical__BusinessTravel_Travel_Frequently; numeric__RelationshipSatisfaction,test,Historical synthetic demo; not a current workforce forecast
EMP-1478,0.0249233924700621,Low,numeric__JobInvolvement; numeric__JobSatisfaction; numeric__StockOptionLevel; numeric__YearsWithCurrManager; numeric__EnvironmentSatisfaction,test,Historical synthetic demo; not a current workforce forecast
EMP-1479,0.10382223793913459,Low,numeric__NumCompaniesWorked; numeric__StockOptionLevel; numeric__TotalWorkingYears; numeric__EnvironmentSatisfaction; numeric__YearsInCurrentRole,train,Historical synthetic demo; not a current workforce forecast
EMP-1480,0.12776215934550772,Low,categorical__JobRole_Laboratory Technician; numeric__EnvironmentSatisfaction; categorical__BusinessTravel_Travel_Frequently; numeric__StockOptionLevel; numeric__YearsInCurrentRole,train,Historical synthetic demo; not a current workforce forecast
EMP-1481,0.3625037655899918,Elevated,numeric__NumCompaniesWorked; numeric__EnvironmentSatisfaction; categorical__BusinessTravel_Travel_Frequently; numeric__YearsInCurrentRole; numeric__DistanceFromHome,train,Historical synthetic demo; not a current workforce forecast
EMP-1482,0.036852529195189644,Low,numeric__TotalWorkingYears; numeric__StockOptionLevel; categorical__BusinessTravel_Non-Travel; numeric__YearsInCurrentRole; numeric__MonthlyIncome,train,Historical synthetic demo; not a current workforce forecast
EMP-1483,0.006706066068133893,Low,numeric__JobInvolvement; numeric__RelationshipSatisfaction; numeric__YearsInCurrentRole; numeric__NumCompaniesWorked; numeric__DistanceFromHome,train,Historical synthetic demo; not a current workforce forecast
EMP-1484,0.0008984318747358535,Low,numeric__TotalWorkingYears; numeric__StockOptionLevel; categorical__JobRole_Healthcare Representative; numeric__YearsSinceLastPromotion; numeric__JobSatisfaction,test,Historical synthetic demo; not a current workforce forecast
EMP-1485,0.03364515152180839,Low,numeric__StockOptionLevel; numeric__MonthlyIncome; numeric__NumCompaniesWorked; numeric__JobSatisfaction; numeric__YearsSinceLastPromotion,validation,Historical synthetic demo; not a current workforce forecast
EMP-1486,0.1926357129965412,Moderate,numeric__TotalWorkingYears; numeric__EnvironmentSatisfaction; categorical__JobRole_Sales Representative; categorical__BusinessTravel_Travel_Frequently; numeric__WorkLifeBalance,train,Historical synthetic demo; not a current workforce forecast
EMP-1487,0.8870515963859729,Elevated,numeric__WorkLifeBalance; numeric__EnvironmentSatisfaction; categorical__BusinessTravel_Travel_Frequently; numeric__StockOptionLevel; numeric__RelationshipSatisfaction,train,Historical synthetic demo; not a current workforce forecast
EMP-1489,0.5923220019000841,Elevated,numeric__YearsSinceLastPromotion; categorical__OverTime_No; numeric__EnvironmentSatisfaction; categorical__OverTime_Yes; numeric__StockOptionLevel,train,Historical synthetic demo; not a current workforce forecast
EMP-1492,0.19917711780192324,Moderate,numeric__TotalWorkingYears; categorical__JobRole_Sales Representative; numeric__RelationshipSatisfaction; numeric__EnvironmentSatisfaction; numeric__YearsInCurrentRole,train,Historical synthetic demo; not a current workforce forecast
EMP-1494,0.9218009726195403,Elevated,numeric__TotalWorkingYears; categorical__JobRole_Laboratory Technician; numeric__JobSatisfaction; categorical__OverTime_No; categorical__OverTime_Yes,train,Historical synthetic demo; not a current workforce forecast
EMP-1495,0.1251661939798288,Low,numeric__TotalWorkingYears; categorical__JobRole_Sales Representative; numeric__EnvironmentSatisfaction; categorical__BusinessTravel_Non-Travel; numeric__YearsInCurrentRole,validation,Historical synthetic demo; not a current workforce forecast
EMP-1496,0.3894406059247403,Elevated,categorical__OverTime_No; categorical__OverTime_Yes; categorical__BusinessTravel_Travel_Frequently; numeric__StockOptionLevel; numeric__NumCompaniesWorked,train,Historical synthetic demo; not a current workforce forecast
EMP-1497,0.013655132340848445,Low,numeric__StockOptionLevel; numeric__YearsSinceLastPromotion; numeric__DistanceFromHome; numeric__JobInvolvement; numeric__NumCompaniesWorked,validation,Historical synthetic demo; not a current workforce forecast
EMP-1499,0.0417350734019837,Low,numeric__RelationshipSatisfaction; numeric__TotalWorkingYears; numeric__WorkLifeBalance; numeric__NumCompaniesWorked; numeric__DistanceFromHome,validation,Historical synthetic demo; not a current workforce forecast
EMP-1501,0.14654206082949944,Low,numeric__TotalWorkingYears; categorical__OverTime_No; categorical__OverTime_Yes; numeric__StockOptionLevel; numeric__EnvironmentSatisfaction,train,Historical synthetic demo; not a current workforce forecast
EMP-1502,0.25202568648102414,Moderate,numeric__NumCompaniesWorked; categorical__JobRole_Laboratory Technician; numeric__EnvironmentSatisfaction; numeric__StockOptionLevel; numeric__RelationshipSatisfaction,train,Historical synthetic demo; not a current workforce forecast
EMP-1503,0.2132682435580323,Moderate,categorical__OverTime_No; categorical__OverTime_Yes; numeric__WorkLifeBalance; numeric__TrainingTimesLastYear; numeric__JobInvolvement,train,Historical synthetic demo; not a current workforce forecast
EMP-1504,0.8024189103245248,Elevated,categorical__JobRole_Laboratory Technician; numeric__NumCompaniesWorked; numeric__JobSatisfaction; categorical__BusinessTravel_Travel_Frequently; numeric__StockOptionLevel,train,Historical synthetic demo; not a current workforce forecast
EMP-1506,0.12751443297374215,Low,numeric__TotalWorkingYears; numeric__WorkLifeBalance; numeric__EnvironmentSatisfaction; numeric__YearsInCurrentRole; numeric__RelationshipSatisfaction,train,Historical synthetic demo; not a current workforce forecast
EMP-1507,0.18416456497369474,Moderate,numeric__JobSatisfaction; numeric__TotalWorkingYears; categorical__BusinessTravel_Travel_Frequently; numeric__StockOptionLevel; numeric__NumCompaniesWorked,train,Historical synthetic demo; not a current workforce forecast
EMP-1509,0.2939019438978931,Moderate,categorical__JobRole_Laboratory Technician; numeric__JobSatisfaction; numeric__RelationshipSatisfaction; numeric__YearsInCurrentRole; numeric__DistanceFromHome,train,Historical synthetic demo; not a current workforce forecast
EMP-1513,0.023609185706476563,Low,numeric__StockOptionLevel; numeric__TotalWorkingYears; categorical__JobRole_Laboratory Technician; categorical__BusinessTravel_Travel_Frequently; numeric__EnvironmentSatisfaction,train,Historical synthetic demo; not a current workforce forecast
EMP-1514,0.053514452688721244,Low,numeric__StockOptionLevel; numeric__JobInvolvement; numeric__DistanceFromHome; numeric__TotalWorkingYears; numeric__JobSatisfaction,test,Historical synthetic demo; not a current workforce forecast
EMP-1515,0.0837816699826673,Low,categorical__OverTime_No; categorical__OverTime_Yes; numeric__StockOptionLevel; numeric__RelationshipSatisfaction; numeric__EnvironmentSatisfaction,train,Historical synthetic demo; not a current workforce forecast
EMP-1516,0.017610485926892884,Low,numeric__StockOptionLevel; numeric__WorkLifeBalance; numeric__JobSatisfaction; numeric__TrainingTimesLastYear; numeric__YearsSinceLastPromotion,train,Historical synthetic demo; not a current workforce forecast
EMP-1520,0.004755090826411216,Low,numeric__TotalWorkingYears; numeric__MonthlyIncome; categorical__BusinessTravel_Travel_Frequently; numeric__YearsWithCurrManager; numeric__RelationshipSatisfaction,train,Historical synthetic demo; not a current workforce forecast
EMP-1522,0.2712968644810743,Moderate,numeric__JobSatisfaction; numeric__WorkLifeBalance; numeric__EnvironmentSatisfaction; numeric__StockOptionLevel; numeric__NumCompaniesWorked,train,Historical synthetic demo; not a current workforce forecast
EMP-1523,0.030297540690278214,Low,numeric__YearsSinceLastPromotion; numeric__TotalWorkingYears; numeric__YearsWithCurrManager; numeric__DistanceFromHome; numeric__JobSatisfaction,test,Historical synthetic demo; not a current workforce forecast
EMP-1525,0.07729091780671508,Low,numeric__StockOptionLevel; numeric__YearsInCurrentRole; numeric__RelationshipSatisfaction; numeric__JobSatisfaction; numeric__TotalWorkingYears,test,Historical synthetic demo; not a current workforce forecast
EMP-1527,0.014975794630079971,Low,numeric__TotalWorkingYears; numeric__YearsInCurrentRole; numeric__NumCompaniesWorked; numeric__MonthlyIncome; numeric__YearsSinceLastPromotion,validation,Historical synthetic demo; not a current workforce forecast
EMP-1529,0.03403422298210761,Low,numeric__WorkLifeBalance; numeric__StockOptionLevel; numeric__EnvironmentSatisfaction; numeric__RelationshipSatisfaction; categorical__JobRole_Healthcare Representative,train,Historical synthetic demo; not a current workforce forecast
EMP-1533,0.4183387242369312,Elevated,categorical__JobRole_Laboratory Technician; numeric__TotalWorkingYears; numeric__EnvironmentSatisfaction; numeric__StockOptionLevel; numeric__NumCompaniesWorked,train,Historical synthetic demo; not a current workforce forecast
EMP-1534,0.22746955921909517,Moderate,categorical__JobRole_Laboratory Technician; numeric__JobSatisfaction; numeric__WorkLifeBalance; numeric__StockOptionLevel; numeric__EnvironmentSatisfaction,train,Historical synthetic demo; not a current workforce forecast
EMP-1535,0.23509918409300398,Moderate,numeric__YearsSinceLastPromotion; categorical__OverTime_No; categorical__OverTime_Yes; numeric__StockOptionLevel; numeric__EnvironmentSatisfaction,train,Historical synthetic demo; not a current workforce forecast
EMP-1537,0.31264835332595975,Moderate,numeric__YearsSinceLastPromotion; numeric__WorkLifeBalance; categorical__BusinessTravel_Travel_Frequently; numeric__StockOptionLevel; numeric__RelationshipSatisfaction,train,Historical synthetic demo; not a current workforce forecast
EMP-1539,0.22950040802277563,Moderate,numeric__YearsSinceLastPromotion; numeric__TotalWorkingYears; numeric__JobInvolvement; categorical__OverTime_No; categorical__OverTime_Yes,train,Historical synthetic demo; not a current workforce forecast
EMP-1541,0.1867638925108499,Moderate,numeric__YearsInCurrentRole; categorical__OverTime_No; categorical__OverTime_Yes; categorical__JobRole_Sales Representative; numeric__YearsSinceLastPromotion,train,Historical synthetic demo; not a current workforce forecast
EMP-1542,0.21063585602205434,Moderate,numeric__TotalWorkingYears; categorical__JobRole_Laboratory Technician; numeric__YearsInCurrentRole; numeric__YearsSinceLastPromotion; numeric__YearsWithCurrManager,train,Historical synthetic demo; not a current workforce forecast
EMP-1543,0.05675460775646245,Low,numeric__EnvironmentSatisfaction; numeric__StockOptionLevel; numeric__RelationshipSatisfaction; numeric__JobSatisfaction; numeric__YearsInCurrentRole,train,Historical synthetic demo; not a current workforce forecast
EMP-1544,0.02459080115565608,Low,numeric__JobInvolvement; numeric__JobSatisfaction; categorical__EducationField_Other; categorical__JobRole_Healthcare Representative; numeric__YearsSinceLastPromotion,train,Historical synthetic demo; not a current workforce forecast
EMP-1545,0.11044796710559655,Low,numeric__TotalWorkingYears; numeric__StockOptionLevel; numeric__DistanceFromHome; numeric__EnvironmentSatisfaction; numeric__RelationshipSatisfaction,train,Historical synthetic demo; not a current workforce forecast
EMP-1546,0.014761640886530593,Low,numeric__DistanceFromHome; numeric__EnvironmentSatisfaction; numeric__JobSatisfaction; numeric__RelationshipSatisfaction; numeric__YearsSinceLastPromotion,train,Historical synthetic demo; not a current workforce forecast
EMP-1547,0.10005735168475577,Low,numeric__YearsSinceLastPromotion; numeric__TotalWorkingYears; numeric__WorkLifeBalance; categorical__OverTime_No; categorical__OverTime_Yes,train,Historical synthetic demo; not a current workforce forecast
EMP-1548,0.19495285026061707,Moderate,numeric__YearsSinceLastPromotion; numeric__JobSatisfaction; numeric__EnvironmentSatisfaction; numeric__StockOptionLevel; numeric__WorkLifeBalance,train,Historical synthetic demo; not a current workforce forecast
EMP-1549,0.20357396792377408,Moderate,numeric__YearsInCurrentRole; numeric__DistanceFromHome; categorical__JobRole_Laboratory Technician; categorical__OverTime_No; categorical__OverTime_Yes,train,Historical synthetic demo; not a current workforce forecast
EMP-1550,0.04697253916245212,Low,numeric__YearsSinceLastPromotion; numeric__TotalWorkingYears; numeric__MonthlyIncome; categorical__OverTime_No; categorical__OverTime_Yes,train,Historical synthetic demo; not a current workforce forecast
EMP-1551,0.22559243293240486,Moderate,numeric__StockOptionLevel; numeric__TotalWorkingYears; categorical__JobRole_Laboratory Technician; numeric__JobSatisfaction; numeric__YearsInCurrentRole,train,Historical synthetic demo; not a current workforce forecast
EMP-1552,0.06071966207806493,Low,categorical__OverTime_No; categorical__OverTime_Yes; numeric__StockOptionLevel; numeric__EnvironmentSatisfaction; categorical__BusinessTravel_Non-Travel,validation,Historical synthetic demo; not a current workforce forecast
EMP-1553,0.02001248336328731,Low,numeric__StockOptionLevel; numeric__YearsSinceLastPromotion; numeric__EnvironmentSatisfaction; numeric__RelationshipSatisfaction; categorical__JobRole_Healthcare Representative,train,Historical synthetic demo; not a current workforce forecast
EMP-1554,0.21596771265240736,Moderate,numeric__StockOptionLevel; numeric__DistanceFromHome; categorical__JobRole_Sales Representative; numeric__RelationshipSatisfaction; numeric__TotalWorkingYears,validation,Historical synthetic demo; not a current workforce forecast
EMP-1555,0.05570308212499259,Low,numeric__RelationshipSatisfaction; numeric__EnvironmentSatisfaction; numeric__YearsInCurrentRole; numeric__JobInvolvement; numeric__JobSatisfaction,train,Historical synthetic demo; not a current workforce forecast
EMP-1556,0.3384202981047698,Moderate,categorical__OverTime_No; categorical__OverTime_Yes; categorical__JobRole_Sales Representative; numeric__StockOptionLevel; numeric__TotalWorkingYears,train,Historical synthetic demo; not a current workforce forecast
EMP-1557,0.06997819534008712,Low,numeric__NumCompaniesWorked; numeric__YearsSinceLastPromotion; numeric__TotalWorkingYears; numeric__YearsInCurrentRole; numeric__DistanceFromHome,train,Historical synthetic demo; not a current workforce forecast
EMP-1558,0.053264328773557454,Low,numeric__StockOptionLevel; numeric__JobInvolvement; numeric__TotalWorkingYears; numeric__RelationshipSatisfaction; numeric__YearsInCurrentRole,train,Historical synthetic demo; not a current workforce forecast
EMP-1560,0.15510131294169424,Low,numeric__JobSatisfaction; numeric__WorkLifeBalance; numeric__EnvironmentSatisfaction; numeric__TrainingTimesLastYear; numeric__RelationshipSatisfaction,train,Historical synthetic demo; not a current workforce forecast
EMP-1562,0.04953814581079281,Low,numeric__JobSatisfaction; numeric__YearsSinceLastPromotion; numeric__RelationshipSatisfaction; numeric__YearsInCurrentRole; numeric__DistanceFromHome,validation,Historical synthetic demo; not a current workforce forecast
EMP-1563,0.248295170830056,Moderate,categorical__BusinessTravel_Travel_Frequently; numeric__StockOptionLevel; categorical__EducationField_Human Resources; categorical__OverTime_No; categorical__OverTime_Yes,train,Historical synthetic demo; not a current workforce forecast
EMP-1564,0.27585584047698203,Moderate,numeric__TotalWorkingYears; categorical__JobRole_Laboratory Technician; numeric__JobSatisfaction; numeric__StockOptionLevel; numeric__EnvironmentSatisfaction,validation,Historical synthetic demo; not a current workforce forecast
EMP-1568,0.21189860354010395,Moderate,numeric__DistanceFromHome; numeric__YearsInCurrentRole; numeric__JobSatisfaction; numeric__TotalWorkingYears; numeric__RelationshipSatisfaction,train,Historical synthetic demo; not a current workforce forecast
EMP-1569,0.7144746469764724,Elevated,numeric__TotalWorkingYears; categorical__JobRole_Laboratory Technician; numeric__JobSatisfaction; categorical__OverTime_No; numeric__EnvironmentSatisfaction,train,Historical synthetic demo; not a current workforce forecast
EMP-1572,0.0008877850440073203,Low,numeric__TotalWorkingYears; numeric__JobSatisfaction; numeric__NumCompaniesWorked; numeric__YearsWithCurrManager; numeric__DistanceFromHome,validation,Historical synthetic demo; not a current workforce forecast
EMP-1573,0.029556029005206978,Low,numeric__StockOptionLevel; numeric__RelationshipSatisfaction; numeric__TotalWorkingYears; numeric__DistanceFromHome; numeric__YearsInCurrentRole,train,Historical synthetic demo; not a current workforce forecast
EMP-1574,0.03052576637081641,Low,numeric__JobSatisfaction; numeric__EnvironmentSatisfaction; categorical__BusinessTravel_Non-Travel; numeric__DistanceFromHome; numeric__WorkLifeBalance,train,Historical synthetic demo; not a current workforce forecast
EMP-1576,0.137937516311425,Low,numeric__NumCompaniesWorked; numeric__YearsSinceLastPromotion; numeric__JobSatisfaction; categorical__EducationField_Other; numeric__RelationshipSatisfaction,train,Historical synthetic demo; not a current workforce forecast
EMP-1577,0.19725719801047156,Moderate,numeric__TotalWorkingYears; numeric__WorkLifeBalance; numeric__EnvironmentSatisfaction; numeric__StockOptionLevel; numeric__YearsInCurrentRole,train,Historical synthetic demo; not a current workforce forecast
EMP-1578,0.003229609851957169,Low,numeric__TotalWorkingYears; numeric__MonthlyIncome; numeric__YearsWithCurrManager; numeric__DistanceFromHome; numeric__JobSatisfaction,validation,Historical synthetic demo; not a current workforce forecast
EMP-1580,0.07277278613967195,Low,numeric__NumCompaniesWorked; numeric__JobSatisfaction; numeric__DistanceFromHome; numeric__YearsInCurrentRole; numeric__WorkLifeBalance,test,Historical synthetic demo; not a current workforce forecast
EMP-1581,0.1090212042803413,Low,numeric__TotalWorkingYears; numeric__EnvironmentSatisfaction; numeric__StockOptionLevel; numeric__RelationshipSatisfaction; numeric__YearsInCurrentRole,validation,Historical synthetic demo; not a current workforce forecast
EMP-1582,0.023418757820998587,Low,numeric__YearsSinceLastPromotion; numeric__NumCompaniesWorked; numeric__RelationshipSatisfaction; numeric__YearsInCurrentRole; numeric__JobSatisfaction,train,Historical synthetic demo; not a current workforce forecast
EMP-1583,0.17728354768606583,Moderate,numeric__StockOptionLevel; numeric__WorkLifeBalance; numeric__TrainingTimesLastYear; numeric__TotalWorkingYears; numeric__YearsInCurrentRole,train,Historical synthetic demo; not a current workforce forecast
EMP-1585,0.13276046952134163,Low,numeric__StockOptionLevel; numeric__RelationshipSatisfaction; numeric__YearsInCurrentRole; numeric__NumCompaniesWorked; numeric__TrainingTimesLastYear,train,Historical synthetic demo; not a current workforce forecast
EMP-1586,0.15315585819247562,Low,categorical__JobRole_Laboratory Technician; numeric__JobSatisfaction; categorical__OverTime_No; categorical__OverTime_Yes; numeric__StockOptionLevel,train,Historical synthetic demo; not a current workforce forecast
EMP-1587,0.17880958630067553,Moderate,categorical__OverTime_No; numeric__EnvironmentSatisfaction; categorical__OverTime_Yes; numeric__StockOptionLevel; categorical__JobRole_Healthcare Representative,train,Historical synthetic demo; not a current workforce forecast
EMP-1588,0.028339825122868725,Low,numeric__YearsSinceLastPromotion; numeric__JobInvolvement; numeric__RelationshipSatisfaction; numeric__EnvironmentSatisfaction; numeric__DailyRate,train,Historical synthetic demo; not a current workforce forecast
EMP-1590,0.019492391494038117,Low,numeric__EnvironmentSatisfaction; categorical__BusinessTravel_Travel_Frequently; numeric__TotalWorkingYears; numeric__WorkLifeBalance; numeric__TrainingTimesLastYear,train,Historical synthetic demo; not a current workforce forecast
EMP-1591,0.08476514302253298,Low,numeric__TotalWorkingYears; numeric__MonthlyIncome; categorical__OverTime_No; categorical__OverTime_Yes; numeric__YearsInCurrentRole,train,Historical synthetic demo; not a current workforce forecast
EMP-1592,0.019005900757250897,Low,numeric__TotalWorkingYears; numeric__JobInvolvement; numeric__EnvironmentSatisfaction; numeric__RelationshipSatisfaction; numeric__MonthlyIncome,train,Historical synthetic demo; not a current workforce forecast
EMP-1594,0.44629122444355296,Elevated,numeric__JobInvolvement; categorical__JobRole_Laboratory Technician; numeric__JobSatisfaction; categorical__OverTime_No; numeric__EnvironmentSatisfaction,train,Historical synthetic demo; not a current workforce forecast
EMP-1595,0.008521807578270807,Low,numeric__TotalWorkingYears; numeric__MonthlyIncome; numeric__NumCompaniesWorked; numeric__StockOptionLevel; numeric__EnvironmentSatisfaction,train,Historical synthetic demo; not a current workforce forecast
EMP-1596,0.03785218454159332,Low,numeric__StockOptionLevel; numeric__DistanceFromHome; numeric__JobInvolvement; categorical__JobRole_Laboratory Technician; numeric__YearsSinceLastPromotion,train,Historical synthetic demo; not a current workforce forecast
EMP-1597,0.1617653382220471,Low,numeric__YearsSinceLastPromotion; categorical__BusinessTravel_Travel_Frequently; numeric__EnvironmentSatisfaction; categorical__JobRole_Healthcare Representative; numeric__TotalWorkingYears,train,Historical synthetic demo; not a current workforce forecast
EMP-1598,0.09700159089380603,Low,numeric__JobSatisfaction; numeric__TotalWorkingYears; numeric__EnvironmentSatisfaction; numeric__DailyRate; numeric__NumCompaniesWorked,train,Historical synthetic demo; not a current workforce forecast
EMP-1599,0.1253557281675503,Low,numeric__JobInvolvement; categorical__JobRole_Laboratory Technician; numeric__DistanceFromHome; numeric__EnvironmentSatisfaction; numeric__TrainingTimesLastYear,train,Historical synthetic demo; not a current workforce forecast
EMP-1601,0.06164495878229262,Low,numeric__TotalWorkingYears; categorical__JobRole_Laboratory Technician; numeric__YearsInCurrentRole; numeric__JobSatisfaction; numeric__RelationshipSatisfaction,train,Historical synthetic demo; not a current workforce forecast
EMP-1602,0.008383690194315688,Low,numeric__TotalWorkingYears; numeric__MonthlyIncome; numeric__JobInvolvement; numeric__JobSatisfaction; numeric__WorkLifeBalance,validation,Historical synthetic demo; not a current workforce forecast
EMP-1604,0.2822260952184555,Moderate,numeric__StockOptionLevel; numeric__TotalWorkingYears; categorical__JobRole_Laboratory Technician; categorical__OverTime_No; categorical__OverTime_Yes,train,Historical synthetic demo; not a current workforce forecast
EMP-1605,0.5131614076641484,Elevated,numeric__TotalWorkingYears; numeric__DistanceFromHome; categorical__OverTime_No; categorical__OverTime_Yes; numeric__StockOptionLevel,train,Historical synthetic demo; not a current workforce forecast
EMP-1606,0.07325550796773103,Low,numeric__TotalWorkingYears; numeric__YearsSinceLastPromotion; numeric__YearsWithCurrManager; categorical__OverTime_No; categorical__OverTime_Yes,train,Historical synthetic demo; not a current workforce forecast
EMP-1607,0.003953541801479661,Low,numeric__StockOptionLevel; numeric__JobInvolvement; numeric__TotalWorkingYears; categorical__EducationField_Other; numeric__JobSatisfaction,train,Historical synthetic demo; not a current workforce forecast
EMP-1608,0.0032133011217333005,Low,numeric__TotalWorkingYears; numeric__MonthlyIncome; categorical__OverTime_No; categorical__OverTime_Yes; categorical__JobRole_Research Director,validation,Historical synthetic demo; not a current workforce forecast
EMP-1609,0.1372165304991771,Low,numeric__TotalWorkingYears; numeric__MonthlyIncome; numeric__JobInvolvement; numeric__JobSatisfaction; numeric__WorkLifeBalance,validation,Historical synthetic demo; not a current workforce forecast
EMP-1611,0.6390525160961206,Elevated,numeric__JobInvolvement; categorical__JobRole_Laboratory Technician; numeric__JobSatisfaction; categorical__OverTime_No; categorical__OverTime_Yes,train,Historical synthetic demo; not a current workforce forecast
EMP-1612,0.4782040377209825,Elevated,numeric__JobSatisfaction; numeric__DistanceFromHome; numeric__EnvironmentSatisfaction; numeric__RelationshipSatisfaction; categorical__BusinessTravel_Non-Travel,train,Historical synthetic demo; not a current workforce forecast
EMP-1613,0.15667496573513606,Low,numeric__NumCompaniesWorked; numeric__JobSatisfaction; categorical__BusinessTravel_Travel_Frequently; numeric__StockOptionLevel; numeric__EnvironmentSatisfaction,test,Historical synthetic demo; not a current workforce forecast
EMP-1614,0.2567868891054872,Moderate,numeric__NumCompaniesWorked; numeric__StockOptionLevel; categorical__OverTime_No; categorical__OverTime_Yes; numeric__TotalWorkingYears,validation,Historical synthetic demo; not a current workforce forecast
EMP-1615,0.061807605888844694,Low,numeric__YearsSinceLastPromotion; numeric__JobInvolvement; categorical__BusinessTravel_Travel_Frequently; numeric__RelationshipSatisfaction; numeric__JobSatisfaction,validation,Historical synthetic demo; not a current workforce forecast
EMP-1617,0.08977336439954718,Low,categorical__JobRole_Laboratory Technician; numeric__JobSatisfaction; numeric__DistanceFromHome; numeric__RelationshipSatisfaction; numeric__WorkLifeBalance,validation,Historical synthetic demo; not a current workforce forecast
EMP-1618,0.007226767806291593,Low,numeric__StockOptionLevel; numeric__YearsSinceLastPromotion; numeric__JobSatisfaction; numeric__RelationshipSatisfaction; categorical__JobRole_Manufacturing Director,train,Historical synthetic demo; not a current workforce forecast
EMP-1619,0.037444718944594294,Low,numeric__StockOptionLevel; categorical__JobRole_Laboratory Technician; numeric__JobSatisfaction; numeric__RelationshipSatisfaction; numeric__EnvironmentSatisfaction,test,Historical synthetic demo; not a current workforce forecast
EMP-1621,0.006890350202521886,Low,numeric__YearsInCurrentRole; numeric__JobInvolvement; numeric__JobSatisfaction; numeric__StockOptionLevel; numeric__YearsWithCurrManager,test,Historical synthetic demo; not a current workforce forecast
EMP-1622,0.29895254684160166,Moderate,numeric__JobInvolvement; numeric__DistanceFromHome; numeric__JobSatisfaction; numeric__TotalWorkingYears; numeric__NumCompaniesWorked,train,Historical synthetic demo; not a current workforce forecast
EMP-1623,0.04025148281187527,Low,numeric__TotalWorkingYears; numeric__StockOptionLevel; numeric__JobSatisfaction; numeric__YearsInCurrentRole; numeric__NumCompaniesWorked,train,Historical synthetic demo; not a current workforce forecast
EMP-1624,0.775676137899517,Elevated,numeric__TotalWorkingYears; categorical__OverTime_No; categorical__OverTime_Yes; categorical__JobRole_Sales Representative; categorical__BusinessTravel_Travel_Frequently,train,Historical synthetic demo; not a current workforce forecast
EMP-1625,0.007420929683928704,Low,numeric__TotalWorkingYears; numeric__MonthlyIncome; numeric__DistanceFromHome; numeric__EnvironmentSatisfaction; numeric__JobLevel,train,Historical synthetic demo; not a current workforce forecast
EMP-1627,0.013867530837131178,Low,categorical__JobRole_Laboratory Technician; numeric__NumCompaniesWorked; numeric__RelationshipSatisfaction; numeric__YearsInCurrentRole; numeric__YearsSinceLastPromotion,train,Historical synthetic demo; not a current workforce forecast
EMP-1628,0.012173855859593699,Low,numeric__YearsSinceLastPromotion; numeric__YearsInCurrentRole; numeric__StockOptionLevel; numeric__EnvironmentSatisfaction; numeric__YearsWithCurrManager,train,Historical synthetic demo; not a current workforce forecast
EMP-1630,0.0011158174001816563,Low,numeric__YearsInCurrentRole; categorical__BusinessTravel_Non-Travel; numeric__RelationshipSatisfaction; categorical__JobRole_Healthcare Representative; numeric__TrainingTimesLastYear,train,Historical synthetic demo; not a current workforce forecast
EMP-1631,0.019019956740364413,Low,numeric__StockOptionLevel; numeric__RelationshipSatisfaction; numeric__YearsSinceLastPromotion; numeric__DistanceFromHome; numeric__WorkLifeBalance,train,Historical synthetic demo; not a current workforce forecast
EMP-1633,0.12445380715648494,Low,numeric__WorkLifeBalance; numeric__EnvironmentSatisfaction; categorical__BusinessTravel_Travel_Frequently; numeric__StockOptionLevel; numeric__NumCompaniesWorked,train,Historical synthetic demo; not a current workforce forecast
EMP-1635,0.0021721412553453766,Low,numeric__StockOptionLevel; numeric__RelationshipSatisfaction; numeric__EnvironmentSatisfaction; categorical__EducationField_Other; numeric__JobSatisfaction,train,Historical synthetic demo; not a current workforce forecast
EMP-1638,0.019208263423275477,Low,categorical__OverTime_No; categorical__OverTime_Yes; numeric__EnvironmentSatisfaction; numeric__TrainingTimesLastYear; numeric__WorkLifeBalance,train,Historical synthetic demo; not a current workforce forecast
EMP-1639,0.2133081043427254,Moderate,numeric__NumCompaniesWorked; numeric__YearsInCurrentRole; numeric__JobSatisfaction; numeric__YearsSinceLastPromotion; numeric__StockOptionLevel,train,Historical synthetic demo; not a current workforce forecast
EMP-1640,0.16256941402965253,Low,numeric__YearsSinceLastPromotion; numeric__WorkLifeBalance; numeric__RelationshipSatisfaction; numeric__TotalWorkingYears; numeric__JobSatisfaction,train,Historical synthetic demo; not a current workforce forecast
EMP-1641,0.18560532878054706,Moderate,categorical__OverTime_No; categorical__OverTime_Yes; numeric__StockOptionLevel; numeric__NumCompaniesWorked; numeric__TotalWorkingYears,test,Historical synthetic demo; not a current workforce forecast
EMP-1642,0.4658430368414351,Elevated,categorical__OverTime_No; numeric__EnvironmentSatisfaction; categorical__OverTime_Yes; categorical__BusinessTravel_Travel_Frequently; numeric__StockOptionLevel,train,Historical synthetic demo; not a current workforce forecast
EMP-1644,0.013023225772917339,Low,numeric__TotalWorkingYears; categorical__BusinessTravel_Travel_Frequently; numeric__MonthlyIncome; numeric__JobSatisfaction; numeric__YearsInCurrentRole,validation,Historical synthetic demo; not a current workforce forecast
EMP-1645,0.6532061717633597,Elevated,numeric__StockOptionLevel; numeric__JobInvolvement; categorical__OverTime_No; numeric__EnvironmentSatisfaction; categorical__OverTime_Yes,train,Historical synthetic demo; not a current workforce forecast
EMP-1646,0.5073348887635627,Elevated,categorical__OverTime_No; numeric__EnvironmentSatisfaction; categorical__OverTime_Yes; categorical__BusinessTravel_Travel_Frequently; numeric__StockOptionLevel,test,Historical synthetic demo; not a current workforce forecast
EMP-1647,0.18879373008826855,Moderate,numeric__JobInvolvement; numeric__NumCompaniesWorked; numeric__TotalWorkingYears; numeric__StockOptionLevel; numeric__RelationshipSatisfaction,train,Historical synthetic demo; not a current workforce forecast
EMP-1648,0.07930490361698711,Low,categorical__BusinessTravel_Travel_Frequently; numeric__StockOptionLevel; numeric__EnvironmentSatisfaction; numeric__TotalWorkingYears; numeric__TrainingTimesLastYear,train,Historical synthetic demo; not a current workforce forecast
EMP-1649,0.8026443810185917,Elevated,categorical__JobRole_Laboratory Technician; numeric__JobSatisfaction; numeric__WorkLifeBalance; categorical__OverTime_No; numeric__EnvironmentSatisfaction,train,Historical synthetic demo; not a current workforce forecast
EMP-1650,0.39285020784280544,Elevated,numeric__NumCompaniesWorked; numeric__StockOptionLevel; numeric__TotalWorkingYears; numeric__YearsInCurrentRole; numeric__JobInvolvement,train,Historical synthetic demo; not a current workforce forecast
EMP-1651,0.018275756017304294,Low,numeric__StockOptionLevel; numeric__JobSatisfaction; numeric__TrainingTimesLastYear; categorical__JobRole_Healthcare Representative; numeric__YearsSinceLastPromotion,train,Historical synthetic demo; not a current workforce forecast
EMP-1653,0.001390075824626777,Low,numeric__StockOptionLevel; numeric__JobInvolvement; categorical__BusinessTravel_Travel_Frequently; numeric__EnvironmentSatisfaction; numeric__TrainingTimesLastYear,train,Historical synthetic demo; not a current workforce forecast
EMP-1654,0.055583584854030386,Low,numeric__StockOptionLevel; numeric__EnvironmentSatisfaction; numeric__TotalWorkingYears; numeric__YearsWithCurrManager; numeric__JobSatisfaction,test,Historical synthetic demo; not a current workforce forecast
EMP-1655,0.007662896677341649,Low,numeric__TotalWorkingYears; numeric__StockOptionLevel; numeric__MonthlyIncome; numeric__EnvironmentSatisfaction; categorical__EducationField_Other,train,Historical synthetic demo; not a current workforce forecast
EMP-1656,0.00132356257823618,Low,numeric__StockOptionLevel; numeric__YearsInCurrentRole; numeric__JobSatisfaction; numeric__TotalWorkingYears; numeric__EnvironmentSatisfaction,train,Historical synthetic demo; not a current workforce forecast
EMP-1657,0.2808489754847105,Moderate,numeric__TotalWorkingYears; categorical__JobRole_Sales Representative; numeric__StockOptionLevel; numeric__RelationshipSatisfaction; numeric__DistanceFromHome,train,Historical synthetic demo; not a current workforce forecast
EMP-1658,0.010264748238793517,Low,numeric__YearsSinceLastPromotion; numeric__EnvironmentSatisfaction; numeric__YearsInCurrentRole; numeric__YearsWithCurrManager; numeric__DistanceFromHome,validation,Historical synthetic demo; not a current workforce forecast
EMP-1659,0.14891375103760754,Low,categorical__JobRole_Laboratory Technician; numeric__EnvironmentSatisfaction; numeric__StockOptionLevel; numeric__MonthlyIncome; numeric__JobSatisfaction,train,Historical synthetic demo; not a current workforce forecast
EMP-1661,0.00563995109096922,Low,numeric__TotalWorkingYears; numeric__YearsInCurrentRole; categorical__OverTime_No; categorical__OverTime_Yes; numeric__YearsWithCurrManager,train,Historical synthetic demo; not a current workforce forecast
EMP-1662,0.013763686258651115,Low,numeric__TotalWorkingYears; numeric__StockOptionLevel; numeric__EnvironmentSatisfaction; categorical__BusinessTravel_Non-Travel; numeric__TrainingTimesLastYear,train,Historical synthetic demo; not a current workforce forecast
EMP-1664,0.01380481106808734,Low,numeric__JobInvolvement; numeric__JobSatisfaction; numeric__RelationshipSatisfaction; numeric__EnvironmentSatisfaction; numeric__NumCompaniesWorked,train,Historical synthetic demo; not a current workforce forecast
EMP-1665,0.001252616834419723,Low,numeric__TotalWorkingYears; numeric__MonthlyIncome; numeric__TrainingTimesLastYear; numeric__DistanceFromHome; numeric__YearsInCurrentRole,train,Historical synthetic demo; not a current workforce forecast
EMP-1666,0.007417598685690016,Low,numeric__MonthlyIncome; numeric__YearsSinceLastPromotion; numeric__YearsInCurrentRole; numeric__RelationshipSatisfaction; numeric__YearsWithCurrManager,train,Historical synthetic demo; not a current workforce forecast
EMP-1667,0.2510477913865661,Moderate,numeric__YearsSinceLastPromotion; categorical__OverTime_No; categorical__OverTime_Yes; categorical__BusinessTravel_Travel_Frequently; numeric__StockOptionLevel,test,Historical synthetic demo; not a current workforce forecast
EMP-1668,0.000650906015801917,Low,numeric__StockOptionLevel; numeric__YearsInCurrentRole; numeric__NumCompaniesWorked; categorical__BusinessTravel_Travel_Frequently; numeric__TotalWorkingYears,train,Historical synthetic demo; not a current workforce forecast
EMP-1669,0.5077640890431925,Elevated,categorical__OverTime_No; numeric__EnvironmentSatisfaction; categorical__OverTime_Yes; numeric__YearsInCurrentRole; numeric__YearsSinceLastPromotion,train,Historical synthetic demo; not a current workforce forecast
EMP-1670,0.004607358179677261,Low,numeric__StockOptionLevel; numeric__EnvironmentSatisfaction; numeric__TotalWorkingYears; numeric__JobSatisfaction; numeric__TrainingTimesLastYear,train,Historical synthetic demo; not a current workforce forecast
EMP-1671,0.0037396740665298104,Low,numeric__StockOptionLevel; numeric__EnvironmentSatisfaction; numeric__NumCompaniesWorked; numeric__DistanceFromHome; numeric__JobSatisfaction,test,Historical synthetic demo; not a current workforce forecast
EMP-1673,0.055639610984302985,Low,numeric__StockOptionLevel; numeric__EnvironmentSatisfaction; numeric__RelationshipSatisfaction; numeric__YearsInCurrentRole; numeric__JobSatisfaction,train,Historical synthetic demo; not a current workforce forecast
EMP-1674,0.5084692611530915,Elevated,categorical__JobRole_Laboratory Technician; numeric__JobSatisfaction; categorical__OverTime_No; categorical__OverTime_Yes; numeric__EnvironmentSatisfaction,test,Historical synthetic demo; not a current workforce forecast
EMP-1675,0.4541911390946096,Elevated,numeric__TotalWorkingYears; categorical__JobRole_Laboratory Technician; categorical__BusinessTravel_Travel_Frequently; numeric__StockOptionLevel; numeric__EnvironmentSatisfaction,test,Historical synthetic demo; not a current workforce forecast
EMP-1676,0.0029686209720264788,Low,numeric__StockOptionLevel; numeric__TotalWorkingYears; numeric__JobInvolvement; numeric__MonthlyIncome; numeric__NumCompaniesWorked,test,Historical synthetic demo; not a current workforce forecast
EMP-1677,0.01656312067571728,Low,numeric__TotalWorkingYears; numeric__StockOptionLevel; numeric__MonthlyIncome; numeric__RelationshipSatisfaction; numeric__DistanceFromHome,train,Historical synthetic demo; not a current workforce forecast
EMP-1678,0.13471888865368925,Low,numeric__TotalWorkingYears; categorical__OverTime_No; categorical__OverTime_Yes; numeric__StockOptionLevel; numeric__EnvironmentSatisfaction,train,Historical synthetic demo; not a current workforce forecast
EMP-1680,0.43908557638654,Elevated,numeric__TotalWorkingYears; numeric__JobSatisfaction; categorical__JobRole_Sales Representative; numeric__StockOptionLevel; numeric__RelationshipSatisfaction,train,Historical synthetic demo; not a current workforce forecast
EMP-1681,0.10441971272873872,Low,categorical__OverTime_No; categorical__OverTime_Yes; categorical__BusinessTravel_Non-Travel; numeric__TotalWorkingYears; numeric__JobSatisfaction,test,Historical synthetic demo; not a current workforce forecast
EMP-1682,0.07577139038604429,Low,numeric__StockOptionLevel; numeric__DistanceFromHome; numeric__EnvironmentSatisfaction; numeric__NumCompaniesWorked; categorical__JobRole_Healthcare Representative,train,Historical synthetic demo; not a current workforce forecast
EMP-1683,0.09906805739900075,Low,numeric__StockOptionLevel; categorical__OverTime_No; categorical__OverTime_Yes; numeric__RelationshipSatisfaction; numeric__JobSatisfaction,train,Historical synthetic demo; not a current workforce forecast
EMP-1684,0.5041019358195257,Elevated,categorical__JobRole_Laboratory Technician; numeric__TotalWorkingYears; categorical__OverTime_No; categorical__OverTime_Yes; numeric__StockOptionLevel,train,Historical synthetic demo; not a current workforce forecast
EMP-1687,0.04546544999868975,Low,categorical__JobRole_Laboratory Technician; numeric__NumCompaniesWorked; numeric__EnvironmentSatisfaction; numeric__YearsInCurrentRole; numeric__TotalWorkingYears,train,Historical synthetic demo; not a current workforce forecast
EMP-1689,0.028548596632442885,Low,numeric__JobInvolvement; numeric__StockOptionLevel; numeric__DistanceFromHome; numeric__JobSatisfaction; categorical__JobRole_Healthcare Representative,train,Historical synthetic demo; not a current workforce forecast
EMP-1691,0.12451382297247175,Low,numeric__StockOptionLevel; numeric__YearsSinceLastPromotion; categorical__OverTime_No; categorical__OverTime_Yes; categorical__JobRole_Sales Representative,test,Historical synthetic demo; not a current workforce forecast
EMP-1692,0.24997554800122998,Moderate,numeric__TotalWorkingYears; categorical__JobRole_Laboratory Technician; numeric__StockOptionLevel; numeric__RelationshipSatisfaction; numeric__EnvironmentSatisfaction,train,Historical synthetic demo; not a current workforce forecast
EMP-1693,0.015022862340327384,Low,categorical__JobRole_Laboratory Technician; numeric__StockOptionLevel; numeric__EnvironmentSatisfaction; categorical__BusinessTravel_Non-Travel; numeric__YearsSinceLastPromotion,train,Historical synthetic demo; not a current workforce forecast
EMP-1694,0.22534810311330153,Moderate,numeric__EnvironmentSatisfaction; numeric__DistanceFromHome; numeric__RelationshipSatisfaction; numeric__TotalWorkingYears; numeric__NumCompaniesWorked,train,Historical synthetic demo; not a current workforce forecast
EMP-1696,0.009455822339670773,Low,categorical__JobRole_Laboratory Technician; numeric__YearsWithCurrManager; numeric__YearsInCurrentRole; numeric__WorkLifeBalance; numeric__JobSatisfaction,train,Historical synthetic demo; not a current workforce forecast
EMP-1697,0.008492837876055316,Low,numeric__JobInvolvement; numeric__TotalWorkingYears; numeric__YearsInCurrentRole; numeric__WorkLifeBalance; numeric__JobSatisfaction,train,Historical synthetic demo; not a current workforce forecast
EMP-1698,0.0017817561583346794,Low,numeric__StockOptionLevel; numeric__YearsInCurrentRole; numeric__JobInvolvement; categorical__JobRole_Laboratory Technician; numeric__YearsWithCurrManager,validation,Historical synthetic demo; not a current workforce forecast
EMP-1700,0.0686349110901133,Low,numeric__StockOptionLevel; numeric__JobInvolvement; categorical__BusinessTravel_Travel_Frequently; numeric__TotalWorkingYears; numeric__JobSatisfaction,validation,Historical synthetic demo; not a current workforce forecast
EMP-1701,0.12365711526352928,Low,numeric__YearsSinceLastPromotion; numeric__StockOptionLevel; numeric__YearsInCurrentRole; numeric__JobSatisfaction; numeric__DistanceFromHome,test,Historical synthetic demo; not a current workforce forecast
EMP-1702,0.35692773129263844,Elevated,numeric__TotalWorkingYears; categorical__OverTime_No; categorical__OverTime_Yes; categorical__JobRole_Sales Representative; numeric__JobSatisfaction,validation,Historical synthetic demo; not a current workforce forecast
EMP-1703,0.023922366724112753,Low,numeric__JobInvolvement; numeric__YearsSinceLastPromotion; categorical__OverTime_No; categorical__OverTime_Yes; numeric__JobSatisfaction,train,Historical synthetic demo; not a current workforce forecast
EMP-1704,0.2903305352722719,Moderate,categorical__OverTime_No; numeric__EnvironmentSatisfaction; categorical__OverTime_Yes; categorical__BusinessTravel_Travel_Frequently; numeric__StockOptionLevel,validation,Historical synthetic demo; not a current workforce forecast
EMP-1706,0.06633964114527485,Low,numeric__YearsSinceLastPromotion; categorical__OverTime_No; categorical__OverTime_Yes; numeric__RelationshipSatisfaction; numeric__EnvironmentSatisfaction,validation,Historical synthetic demo; not a current workforce forecast
EMP-1707,0.00921296978187952,Low,numeric__JobInvolvement; numeric__TotalWorkingYears; numeric__RelationshipSatisfaction; numeric__YearsSinceLastPromotion; numeric__TrainingTimesLastYear,train,Historical synthetic demo; not a current workforce forecast
EMP-1708,0.08423383384204954,Low,numeric__YearsSinceLastPromotion; numeric__StockOptionLevel; numeric__EnvironmentSatisfaction; numeric__YearsInCurrentRole; numeric__NumCompaniesWorked,train,Historical synthetic demo; not a current workforce forecast
EMP-1709,0.10122949526636757,Low,numeric__NumCompaniesWorked; categorical__JobRole_Laboratory Technician; numeric__EnvironmentSatisfaction; numeric__TotalWorkingYears; numeric__MonthlyIncome,test,Historical synthetic demo; not a current workforce forecast
EMP-1710,0.08798694189363575,Low,numeric__YearsSinceLastPromotion; categorical__JobRole_Sales Representative; numeric__StockOptionLevel; numeric__JobSatisfaction; numeric__TotalWorkingYears,validation,Historical synthetic demo; not a current workforce forecast
EMP-1712,0.004207698885473437,Low,numeric__YearsSinceLastPromotion; numeric__YearsInCurrentRole; numeric__TotalWorkingYears; categorical__BusinessTravel_Non-Travel; numeric__RelationshipSatisfaction,train,Historical synthetic demo; not a current workforce forecast
EMP-1714,0.4459638191710586,Elevated,numeric__TotalWorkingYears; numeric__JobInvolvement; numeric__EnvironmentSatisfaction; numeric__YearsInCurrentRole; numeric__DistanceFromHome,train,Historical synthetic demo; not a current workforce forecast
EMP-1716,0.6191829676602748,Elevated,numeric__YearsSinceLastPromotion; numeric__TotalWorkingYears; numeric__JobInvolvement; numeric__NumCompaniesWorked; numeric__WorkLifeBalance,train,Historical synthetic demo; not a current workforce forecast
EMP-1718,0.03282418003220649,Low,numeric__StockOptionLevel; numeric__TotalWorkingYears; numeric__JobInvolvement; categorical__JobRole_Laboratory Technician; numeric__EnvironmentSatisfaction,train,Historical synthetic demo; not a current workforce forecast
EMP-1719,0.06548187975566583,Low,numeric__YearsSinceLastPromotion; numeric__TotalWorkingYears; numeric__DistanceFromHome; numeric__MonthlyIncome; numeric__StockOptionLevel,validation,Historical synthetic demo; not a current workforce forecast
EMP-1720,0.31735202050638556,Moderate,numeric__EnvironmentSatisfaction; categorical__BusinessTravel_Travel_Frequently; numeric__RelationshipSatisfaction; numeric__NumCompaniesWorked; numeric__YearsInCurrentRole,test,Historical synthetic demo; not a current workforce forecast
EMP-1721,0.03240225971044549,Low,categorical__JobRole_Laboratory Technician; numeric__TotalWorkingYears; numeric__WorkLifeBalance; numeric__RelationshipSatisfaction; numeric__YearsSinceLastPromotion,train,Historical synthetic demo; not a current workforce forecast
EMP-1722,0.1885555225318201,Moderate,numeric__JobInvolvement; categorical__BusinessTravel_Non-Travel; numeric__NumCompaniesWorked; categorical__EducationField_Human Resources; numeric__YearsInCurrentRole,train,Historical synthetic demo; not a current workforce forecast
EMP-1724,0.15581096866546648,Low,numeric__JobSatisfaction; categorical__OverTime_No; categorical__OverTime_Yes; numeric__YearsInCurrentRole; numeric__TotalWorkingYears,test,Historical synthetic demo; not a current workforce forecast
EMP-1725,0.10408333949558907,Low,numeric__StockOptionLevel; numeric__DistanceFromHome; categorical__JobRole_Laboratory Technician; numeric__JobSatisfaction; numeric__TotalWorkingYears,train,Historical synthetic demo; not a current workforce forecast
EMP-1727,0.010847754779361568,Low,numeric__TotalWorkingYears; numeric__StockOptionLevel; numeric__NumCompaniesWorked; numeric__RelationshipSatisfaction; categorical__JobRole_Healthcare Representative,train,Historical synthetic demo; not a current workforce forecast
EMP-1728,0.0044609826754058125,Low,numeric__DistanceFromHome; numeric__EnvironmentSatisfaction; numeric__TotalWorkingYears; numeric__YearsSinceLastPromotion; categorical__JobRole_Manufacturing Director,test,Historical synthetic demo; not a current workforce forecast
EMP-1729,0.042862673176127894,Low,numeric__YearsInCurrentRole; numeric__JobSatisfaction; numeric__YearsSinceLastPromotion; numeric__WorkLifeBalance; numeric__YearsWithCurrManager,train,Historical synthetic demo; not a current workforce forecast
EMP-1731,0.17702112874691506,Moderate,numeric__TotalWorkingYears; numeric__NumCompaniesWorked; numeric__WorkLifeBalance; categorical__BusinessTravel_Non-Travel; numeric__YearsInCurrentRole,train,Historical synthetic demo; not a current workforce forecast
EMP-1732,0.05567965258091548,Low,categorical__OverTime_No; categorical__OverTime_Yes; numeric__JobSatisfaction; numeric__TrainingTimesLastYear; numeric__YearsSinceLastPromotion,test,Historical synthetic demo; not a current workforce forecast
EMP-1733,0.2595320588940277,Moderate,numeric__StockOptionLevel; numeric__JobSatisfaction; categorical__OverTime_No; categorical__OverTime_Yes; numeric__NumCompaniesWorked,test,Historical synthetic demo; not a current workforce forecast
EMP-1734,0.6228688766437186,Elevated,numeric__JobInvolvement; numeric__EnvironmentSatisfaction; numeric__StockOptionLevel; numeric__YearsInCurrentRole; numeric__NumCompaniesWorked,train,Historical synthetic demo; not a current workforce forecast
EMP-1735,0.34759790278014496,Moderate,numeric__TotalWorkingYears; categorical__JobRole_Laboratory Technician; numeric__WorkLifeBalance; numeric__StockOptionLevel; numeric__YearsInCurrentRole,test,Historical synthetic demo; not a current workforce forecast
EMP-1736,0.09742044161910003,Low,categorical__BusinessTravel_Travel_Frequently; numeric__StockOptionLevel; numeric__EnvironmentSatisfaction; numeric__DistanceFromHome; numeric__JobSatisfaction,train,Historical synthetic demo; not a current workforce forecast
EMP-1737,0.022866407599034515,Low,categorical__JobRole_Laboratory Technician; categorical__OverTime_No; categorical__OverTime_Yes; numeric__EnvironmentSatisfaction; categorical__BusinessTravel_Non-Travel,train,Historical synthetic demo; not a current workforce forecast
EMP-1739,0.17338559316224392,Low,numeric__JobInvolvement; numeric__WorkLifeBalance; numeric__EnvironmentSatisfaction; numeric__YearsSinceLastPromotion; numeric__DistanceFromHome,validation,Historical synthetic demo; not a current workforce forecast
EMP-1740,0.10451924819204814,Low,numeric__YearsSinceLastPromotion; numeric__MonthlyIncome; numeric__TotalWorkingYears; numeric__StockOptionLevel; numeric__YearsInCurrentRole,train,Historical synthetic demo; not a current workforce forecast
EMP-1744,0.048043522473102875,Low,numeric__StockOptionLevel; numeric__JobInvolvement; numeric__YearsInCurrentRole; numeric__WorkLifeBalance; numeric__YearsSinceLastPromotion,train,Historical synthetic demo; not a current workforce forecast
EMP-1745,0.02807018104207407,Low,numeric__JobSatisfaction; categorical__BusinessTravel_Travel_Frequently; numeric__StockOptionLevel; numeric__EnvironmentSatisfaction; numeric__NumCompaniesWorked,train,Historical synthetic demo; not a current workforce forecast
EMP-1746,0.15165638509045656,Low,numeric__TotalWorkingYears; numeric__EnvironmentSatisfaction; categorical__BusinessTravel_Travel_Frequently; numeric__JobSatisfaction; numeric__NumCompaniesWorked,train,Historical synthetic demo; not a current workforce forecast
EMP-1747,0.5212231610740918,Elevated,categorical__BusinessTravel_Travel_Frequently; numeric__TotalWorkingYears; numeric__NumCompaniesWorked; numeric__TrainingTimesLastYear; numeric__JobSatisfaction,train,Historical synthetic demo; not a current workforce forecast
EMP-1749,0.07900522332436187,Low,numeric__EnvironmentSatisfaction; numeric__TotalWorkingYears; numeric__YearsSinceLastPromotion; numeric__YearsInCurrentRole; numeric__NumCompaniesWorked,train,Historical synthetic demo; not a current workforce forecast
EMP-1751,0.022601714652910197,Low,numeric__StockOptionLevel; numeric__TotalWorkingYears; numeric__JobSatisfaction; numeric__TrainingTimesLastYear; numeric__YearsInCurrentRole,validation,Historical synthetic demo; not a current workforce forecast
EMP-1752,0.7334409639786225,Elevated,numeric__TotalWorkingYears; numeric__JobInvolvement; categorical__JobRole_Sales Representative; numeric__StockOptionLevel; numeric__YearsInCurrentRole,train,Historical synthetic demo; not a current workforce forecast
EMP-1753,0.0847219770167065,Low,numeric__NumCompaniesWorked; numeric__JobInvolvement; categorical__OverTime_No; categorical__OverTime_Yes; categorical__BusinessTravel_Travel_Frequently,validation,Historical synthetic demo; not a current workforce forecast
EMP-1754,0.12796711760194518,Low,numeric__JobSatisfaction; numeric__RelationshipSatisfaction; numeric__JobInvolvement; numeric__YearsInCurrentRole; categorical__OverTime_No,train,Historical synthetic demo; not a current workforce forecast
EMP-1755,0.012579805670970924,Low,numeric__StockOptionLevel; numeric__JobInvolvement; categorical__OverTime_No; categorical__OverTime_Yes; numeric__RelationshipSatisfaction,test,Historical synthetic demo; not a current workforce forecast
EMP-1756,0.03686303200827045,Low,numeric__NumCompaniesWorked; numeric__StockOptionLevel; numeric__EnvironmentSatisfaction; categorical__BusinessTravel_Non-Travel; numeric__RelationshipSatisfaction,validation,Historical synthetic demo; not a current workforce forecast
EMP-1757,0.047097556520910994,Low,numeric__StockOptionLevel; numeric__EnvironmentSatisfaction; numeric__WorkLifeBalance; numeric__JobSatisfaction; numeric__YearsInCurrentRole,train,Historical synthetic demo; not a current workforce forecast
EMP-1758,0.8065304209749363,Elevated,numeric__JobSatisfaction; categorical__OverTime_No; numeric__EnvironmentSatisfaction; categorical__OverTime_Yes; numeric__StockOptionLevel,train,Historical synthetic demo; not a current workforce forecast
EMP-1760,0.2964020044216264,Moderate,categorical__JobRole_Laboratory Technician; categorical__BusinessTravel_Travel_Frequently; numeric__YearsInCurrentRole; numeric__YearsSinceLastPromotion; numeric__DistanceFromHome,test,Historical synthetic demo; not a current workforce forecast
EMP-1761,0.08344201775252201,Low,numeric__StockOptionLevel; numeric__EnvironmentSatisfaction; numeric__RelationshipSatisfaction; numeric__YearsInCurrentRole; numeric__YearsSinceLastPromotion,train,Historical synthetic demo; not a current workforce forecast
EMP-1762,0.11091297890997145,Low,numeric__TotalWorkingYears; numeric__JobSatisfaction; numeric__EnvironmentSatisfaction; numeric__YearsInCurrentRole; numeric__YearsSinceLastPromotion,test,Historical synthetic demo; not a current workforce forecast
EMP-1763,0.015025873399214837,Low,numeric__JobInvolvement; numeric__YearsInCurrentRole; categorical__JobRole_Healthcare Representative; numeric__DistanceFromHome; categorical__OverTime_No,train,Historical synthetic demo; not a current workforce forecast
EMP-1764,0.020179592965170405,Low,numeric__StockOptionLevel; categorical__BusinessTravel_Non-Travel; numeric__YearsSinceLastPromotion; numeric__JobSatisfaction; numeric__MonthlyIncome,train,Historical synthetic demo; not a current workforce forecast
EMP-1766,0.2642389699903992,Moderate,numeric__JobInvolvement; categorical__OverTime_No; categorical__OverTime_Yes; numeric__YearsInCurrentRole; numeric__JobSatisfaction,train,Historical synthetic demo; not a current workforce forecast
EMP-1767,0.674765796423684,Elevated,numeric__NumCompaniesWorked; categorical__OverTime_No; categorical__OverTime_Yes; categorical__BusinessTravel_Travel_Frequently; numeric__YearsInCurrentRole,train,Historical synthetic demo; not a current workforce forecast
EMP-1768,0.06757001781198291,Low,numeric__StockOptionLevel; numeric__NumCompaniesWorked; categorical__JobRole_Laboratory Technician; numeric__TrainingTimesLastYear; numeric__TotalWorkingYears,test,Historical synthetic demo; not a current workforce forecast
EMP-1770,0.004639263334274378,Low,numeric__TotalWorkingYears; numeric__StockOptionLevel; numeric__MonthlyIncome; numeric__NumCompaniesWorked; numeric__JobSatisfaction,test,Historical synthetic demo; not a current workforce forecast
EMP-1771,0.003857917628456943,Low,numeric__StockOptionLevel; numeric__EnvironmentSatisfaction; categorical__BusinessTravel_Non-Travel; numeric__RelationshipSatisfaction; numeric__YearsInCurrentRole,train,Historical synthetic demo; not a current workforce forecast
EMP-1772,0.06901901223818938,Low,numeric__StockOptionLevel; categorical__JobRole_Laboratory Technician; numeric__JobSatisfaction; numeric__TotalWorkingYears; numeric__YearsSinceLastPromotion,train,Historical synthetic demo; not a current workforce forecast
EMP-1774,0.0067986636234770295,Low,numeric__YearsInCurrentRole; categorical__OverTime_No; categorical__OverTime_Yes; numeric__EnvironmentSatisfaction; categorical__BusinessTravel_Non-Travel,validation,Historical synthetic demo; not a current workforce forecast
EMP-1775,0.008948820011966148,Low,numeric__StockOptionLevel; numeric__TotalWorkingYears; categorical__OverTime_No; numeric__EnvironmentSatisfaction; categorical__OverTime_Yes,test,Historical synthetic demo; not a current workforce forecast
EMP-1778,0.01674246165453037,Low,numeric__StockOptionLevel; numeric__JobSatisfaction; numeric__NumCompaniesWorked; numeric__TrainingTimesLastYear; numeric__DistanceFromHome,test,Historical synthetic demo; not a current workforce forecast
EMP-1779,0.36508305027669097,Elevated,numeric__JobInvolvement; numeric__StockOptionLevel; numeric__RelationshipSatisfaction; numeric__EnvironmentSatisfaction; numeric__TotalWorkingYears,train,Historical synthetic demo; not a current workforce forecast
EMP-1780,0.6743999559258207,Elevated,numeric__TotalWorkingYears; categorical__JobRole_Sales Representative; numeric__StockOptionLevel; numeric__YearsInCurrentRole; numeric__YearsWithCurrManager,train,Historical synthetic demo; not a current workforce forecast
EMP-1782,0.041216322410786904,Low,categorical__JobRole_Laboratory Technician; numeric__TotalWorkingYears; numeric__EnvironmentSatisfaction; categorical__EducationField_Other; numeric__YearsSinceLastPromotion,train,Historical synthetic demo; not a current workforce forecast
EMP-1783,0.5168748842137146,Elevated,numeric__TotalWorkingYears; categorical__JobRole_Laboratory Technician; numeric__JobSatisfaction; categorical__OverTime_No; categorical__OverTime_Yes,train,Historical synthetic demo; not a current workforce forecast
EMP-1784,0.13743643977384154,Low,numeric__StockOptionLevel; numeric__DistanceFromHome; numeric__EnvironmentSatisfaction; numeric__RelationshipSatisfaction; numeric__YearsSinceLastPromotion,validation,Historical synthetic demo; not a current workforce forecast
EMP-1786,0.055655098394557574,Low,numeric__EnvironmentSatisfaction; numeric__StockOptionLevel; numeric__MonthlyIncome; numeric__RelationshipSatisfaction; numeric__YearsInCurrentRole,train,Historical synthetic demo; not a current workforce forecast
EMP-1787,0.21949159300505958,Moderate,numeric__StockOptionLevel; numeric__TotalWorkingYears; numeric__RelationshipSatisfaction; numeric__YearsSinceLastPromotion; numeric__YearsInCurrentRole,test,Historical synthetic demo; not a current workforce forecast
EMP-1789,0.018961643004556567,Low,numeric__TotalWorkingYears; numeric__MonthlyIncome; numeric__NumCompaniesWorked; categorical__OverTime_No; categorical__OverTime_Yes,train,Historical synthetic demo; not a current workforce forecast
EMP-1790,0.07681632962753854,Low,numeric__NumCompaniesWorked; numeric__JobSatisfaction; categorical__OverTime_No; categorical__OverTime_Yes; numeric__EnvironmentSatisfaction,train,Historical synthetic demo; not a current workforce forecast
EMP-1792,0.10064166173007952,Low,numeric__StockOptionLevel; categorical__OverTime_No; categorical__OverTime_Yes; categorical__BusinessTravel_Travel_Frequently; numeric__TotalWorkingYears,train,Historical synthetic demo; not a current workforce forecast
EMP-1794,0.05031218593311364,Low,numeric__TotalWorkingYears; numeric__StockOptionLevel; numeric__YearsInCurrentRole; categorical__EducationField_Other; numeric__YearsSinceLastPromotion,test,Historical synthetic demo; not a current workforce forecast
EMP-1797,0.30514272013490584,Moderate,numeric__YearsSinceLastPromotion; numeric__DistanceFromHome; categorical__OverTime_No; categorical__OverTime_Yes; numeric__StockOptionLevel,test,Historical synthetic demo; not a current workforce forecast
EMP-1798,0.025847539079565517,Low,numeric__YearsSinceLastPromotion; numeric__JobInvolvement; numeric__JobSatisfaction; numeric__EnvironmentSatisfaction; numeric__NumCompaniesWorked,train,Historical synthetic demo; not a current workforce forecast
EMP-1799,0.003383853151557342,Low,numeric__TotalWorkingYears; numeric__TrainingTimesLastYear; numeric__WorkLifeBalance; numeric__JobSatisfaction; numeric__DistanceFromHome,test,Historical synthetic demo; not a current workforce forecast
EMP-1800,0.037647973546930655,Low,numeric__NumCompaniesWorked; numeric__StockOptionLevel; numeric__MonthlyIncome; categorical__JobRole_Research Director; numeric__TotalWorkingYears,train,Historical synthetic demo; not a current workforce forecast
EMP-1801,0.48657103940365254,Elevated,numeric__NumCompaniesWorked; numeric__DistanceFromHome; numeric__StockOptionLevel; categorical__BusinessTravel_Non-Travel; numeric__TotalWorkingYears,train,Historical synthetic demo; not a current workforce forecast
EMP-1802,0.06989025861716182,Low,categorical__JobRole_Laboratory Technician; numeric__JobSatisfaction; numeric__TotalWorkingYears; numeric__RelationshipSatisfaction; numeric__TrainingTimesLastYear,train,Historical synthetic demo; not a current workforce forecast
EMP-1803,0.03200449044140926,Low,numeric__StockOptionLevel; numeric__JobInvolvement; numeric__JobSatisfaction; numeric__YearsInCurrentRole; categorical__JobRole_Healthcare Representative,train,Historical synthetic demo; not a current workforce forecast
EMP-1804,0.0011089631088653925,Low,categorical__BusinessTravel_Non-Travel; numeric__TrainingTimesLastYear; numeric__JobSatisfaction; numeric__DistanceFromHome; categorical__JobRole_Manufacturing Director,validation,Historical synthetic demo; not a current workforce forecast
EMP-1805,0.005672317533183078,Low,numeric__StockOptionLevel; numeric__YearsInCurrentRole; numeric__EnvironmentSatisfaction; categorical__BusinessTravel_Non-Travel; numeric__RelationshipSatisfaction,validation,Historical synthetic demo; not a current workforce forecast
EMP-1807,0.14609591809415573,Low,categorical__JobRole_Laboratory Technician; numeric__JobSatisfaction; categorical__BusinessTravel_Travel_Frequently; numeric__EnvironmentSatisfaction; numeric__YearsInCurrentRole,validation,Historical synthetic demo; not a current workforce forecast
EMP-1809,0.05581855710840232,Low,numeric__JobSatisfaction; numeric__WorkLifeBalance; numeric__StockOptionLevel; numeric__EnvironmentSatisfaction; numeric__YearsSinceLastPromotion,train,Historical synthetic demo; not a current workforce forecast
EMP-1812,0.06523371326607391,Low,categorical__BusinessTravel_Travel_Frequently; numeric__TrainingTimesLastYear; numeric__TotalWorkingYears; numeric__JobSatisfaction; numeric__YearsInCurrentRole,train,Historical synthetic demo; not a current workforce forecast
EMP-1813,0.1567378147597256,Low,numeric__EnvironmentSatisfaction; numeric__StockOptionLevel; categorical__BusinessTravel_Non-Travel; numeric__TotalWorkingYears; numeric__YearsInCurrentRole,test,Historical synthetic demo; not a current workforce forecast
EMP-1814,0.11891462928913597,Low,numeric__JobInvolvement; numeric__WorkLifeBalance; numeric__StockOptionLevel; numeric__RelationshipSatisfaction; categorical__JobRole_Healthcare Representative,train,Historical synthetic demo; not a current workforce forecast
EMP-1815,0.042247264586920366,Low,numeric__YearsSinceLastPromotion; numeric__YearsInCurrentRole; numeric__TotalWorkingYears; categorical__OverTime_No; categorical__OverTime_Yes,train,Historical synthetic demo; not a current workforce forecast
EMP-1816,0.10096815608887626,Low,numeric__NumCompaniesWorked; numeric__EnvironmentSatisfaction; numeric__StockOptionLevel; numeric__YearsSinceLastPromotion; numeric__TotalWorkingYears,test,Historical synthetic demo; not a current workforce forecast
EMP-1818,0.3720198541003512,Elevated,categorical__OverTime_No; categorical__OverTime_Yes; numeric__StockOptionLevel; numeric__EnvironmentSatisfaction; numeric__TotalWorkingYears,validation,Historical synthetic demo; not a current workforce forecast
EMP-1821,0.007407485417574322,Low,numeric__EnvironmentSatisfaction; numeric__WorkLifeBalance; numeric__DistanceFromHome; numeric__RelationshipSatisfaction; categorical__JobRole_Healthcare Representative,train,Historical synthetic demo; not a current workforce forecast
EMP-1822,0.0037128945259975294,Low,numeric__JobSatisfaction; numeric__RelationshipSatisfaction; categorical__JobRole_Healthcare Representative; numeric__DistanceFromHome; numeric__YearsSinceLastPromotion,train,Historical synthetic demo; not a current workforce forecast
EMP-1823,0.007574300067969836,Low,numeric__StockOptionLevel; numeric__JobInvolvement; numeric__TrainingTimesLastYear; numeric__YearsInCurrentRole; numeric__YearsSinceLastPromotion,train,Historical synthetic demo; not a current workforce forecast
EMP-1824,0.011733259065911971,Low,numeric__TotalWorkingYears; numeric__YearsSinceLastPromotion; numeric__YearsWithCurrManager; numeric__MonthlyIncome; categorical__BusinessTravel_Non-Travel,train,Historical synthetic demo; not a current workforce forecast
EMP-1826,0.2031388688460021,Moderate,numeric__JobInvolvement; categorical__JobRole_Laboratory Technician; numeric__TotalWorkingYears; numeric__DistanceFromHome; numeric__WorkLifeBalance,validation,Historical synthetic demo; not a current workforce forecast
EMP-1827,0.0971463279961661,Low,numeric__YearsSinceLastPromotion; numeric__TotalWorkingYears; numeric__NumCompaniesWorked; numeric__YearsInCurrentRole; categorical__OverTime_No,train,Historical synthetic demo; not a current workforce forecast
EMP-1829,0.0784574383426314,Low,numeric__YearsSinceLastPromotion; numeric__JobSatisfaction; categorical__JobRole_Healthcare Representative; numeric__RelationshipSatisfaction; numeric__TotalWorkingYears,train,Historical synthetic demo; not a current workforce forecast
EMP-1830,0.01290695058188254,Low,numeric__EnvironmentSatisfaction; numeric__JobSatisfaction; numeric__YearsInCurrentRole; numeric__WorkLifeBalance; categorical__JobRole_Research Scientist,train,Historical synthetic demo; not a current workforce forecast
EMP-1833,0.13512122788160547,Low,numeric__StockOptionLevel; numeric__JobSatisfaction; numeric__EnvironmentSatisfaction; categorical__BusinessTravel_Travel_Frequently; numeric__RelationshipSatisfaction,train,Historical synthetic demo; not a current workforce forecast
EMP-1834,0.026138379744821503,Low,numeric__TotalWorkingYears; numeric__JobSatisfaction; numeric__DistanceFromHome; numeric__YearsInCurrentRole; numeric__PercentSalaryHike,validation,Historical synthetic demo; not a current workforce forecast
EMP-1835,0.25644248417899784,Moderate,numeric__StockOptionLevel; numeric__JobInvolvement; numeric__TotalWorkingYears; categorical__OverTime_No; categorical__OverTime_Yes,train,Historical synthetic demo; not a current workforce forecast
EMP-1836,0.12107511354163657,Low,numeric__TotalWorkingYears; numeric__StockOptionLevel; numeric__RelationshipSatisfaction; numeric__JobSatisfaction; numeric__NumCompaniesWorked,validation,Historical synthetic demo; not a current workforce forecast
EMP-1837,0.18949414483987068,Moderate,numeric__TotalWorkingYears; categorical__OverTime_No; numeric__EnvironmentSatisfaction; categorical__OverTime_Yes; numeric__MonthlyIncome,train,Historical synthetic demo; not a current workforce forecast
EMP-1839,0.12072771933977194,Low,numeric__TotalWorkingYears; numeric__WorkLifeBalance; numeric__StockOptionLevel; categorical__BusinessTravel_Non-Travel; numeric__YearsInCurrentRole,test,Historical synthetic demo; not a current workforce forecast
EMP-1842,0.17872295634271132,Moderate,numeric__TotalWorkingYears; numeric__JobInvolvement; numeric__JobSatisfaction; numeric__StockOptionLevel; numeric__EnvironmentSatisfaction,train,Historical synthetic demo; not a current workforce forecast
EMP-1844,0.6354507577560659,Elevated,numeric__StockOptionLevel; numeric__TotalWorkingYears; numeric__JobSatisfaction; categorical__OverTime_No; numeric__EnvironmentSatisfaction,train,Historical synthetic demo; not a current workforce forecast
EMP-1845,0.009644642680060217,Low,numeric__StockOptionLevel; categorical__BusinessTravel_Non-Travel; numeric__YearsSinceLastPromotion; numeric__WorkLifeBalance; numeric__DistanceFromHome,train,Historical synthetic demo; not a current workforce forecast
EMP-1847,0.03541340191903915,Low,categorical__OverTime_No; categorical__OverTime_Yes; numeric__EnvironmentSatisfaction; numeric__YearsInCurrentRole; categorical__EducationField_Other,train,Historical synthetic demo; not a current workforce forecast
EMP-1849,0.05483739501019113,Low,numeric__YearsSinceLastPromotion; numeric__EnvironmentSatisfaction; categorical__BusinessTravel_Travel_Frequently; numeric__TotalWorkingYears; numeric__JobSatisfaction,train,Historical synthetic demo; not a current workforce forecast
EMP-1850,0.32029211762693566,Moderate,categorical__JobRole_Laboratory Technician; categorical__OverTime_No; categorical__OverTime_Yes; categorical__BusinessTravel_Travel_Frequently; numeric__StockOptionLevel,test,Historical synthetic demo; not a current workforce forecast
EMP-1852,0.060429582605828494,Low,categorical__JobRole_Laboratory Technician; categorical__BusinessTravel_Travel_Frequently; numeric__StockOptionLevel; numeric__EnvironmentSatisfaction; numeric__WorkLifeBalance,train,Historical synthetic demo; not a current workforce forecast
EMP-1853,0.2873251385852694,Moderate,numeric__NumCompaniesWorked; numeric__TotalWorkingYears; categorical__BusinessTravel_Travel_Frequently; numeric__StockOptionLevel; numeric__EnvironmentSatisfaction,validation,Historical synthetic demo; not a current workforce forecast
EMP-1854,0.03242226150412473,Low,numeric__StockOptionLevel; categorical__BusinessTravel_Non-Travel; numeric__WorkLifeBalance; numeric__TrainingTimesLastYear; numeric__MonthlyIncome,train,Historical synthetic demo; not a current workforce forecast
EMP-1856,0.3450282290097851,Moderate,categorical__JobRole_Laboratory Technician; numeric__StockOptionLevel; numeric__TotalWorkingYears; numeric__YearsWithCurrManager; numeric__MonthlyIncome,train,Historical synthetic demo; not a current workforce forecast
EMP-1857,0.004382318898697254,Low,numeric__EnvironmentSatisfaction; numeric__JobSatisfaction; numeric__YearsInCurrentRole; numeric__DistanceFromHome; numeric__YearsSinceLastPromotion,validation,Historical synthetic demo; not a current workforce forecast
EMP-1858,0.04577127144594152,Low,numeric__TotalWorkingYears; categorical__BusinessTravel_Non-Travel; numeric__JobSatisfaction; numeric__DistanceFromHome; numeric__YearsInCurrentRole,train,Historical synthetic demo; not a current workforce forecast
EMP-1859,0.04153399355946103,Low,numeric__NumCompaniesWorked; numeric__StockOptionLevel; numeric__JobInvolvement; numeric__DistanceFromHome; numeric__EnvironmentSatisfaction,train,Historical synthetic demo; not a current workforce forecast
EMP-1860,0.06970547056771963,Low,categorical__JobRole_Laboratory Technician; numeric__StockOptionLevel; numeric__EnvironmentSatisfaction; numeric__YearsInCurrentRole; numeric__RelationshipSatisfaction,train,Historical synthetic demo; not a current workforce forecast
EMP-1862,0.7791364413363967,Elevated,numeric__NumCompaniesWorked; categorical__OverTime_No; categorical__OverTime_Yes; numeric__StockOptionLevel; numeric__TotalWorkingYears,train,Historical synthetic demo; not a current workforce forecast
EMP-1863,0.002234163968503387,Low,numeric__YearsInCurrentRole; numeric__TotalWorkingYears; numeric__JobInvolvement; numeric__JobSatisfaction; numeric__EnvironmentSatisfaction,train,Historical synthetic demo; not a current workforce forecast
EMP-1864,0.11228550700295063,Low,categorical__JobRole_Sales Representative; numeric__DistanceFromHome; numeric__YearsSinceLastPromotion; numeric__RelationshipSatisfaction; numeric__TrainingTimesLastYear,validation,Historical synthetic demo; not a current workforce forecast
EMP-1865,0.17431663961366234,Low,numeric__TotalWorkingYears; numeric__StockOptionLevel; numeric__EnvironmentSatisfaction; numeric__YearsInCurrentRole; numeric__RelationshipSatisfaction,train,Historical synthetic demo; not a current workforce forecast
EMP-1866,0.019228797096187855,Low,numeric__MonthlyIncome; numeric__YearsInCurrentRole; numeric__TotalWorkingYears; numeric__YearsWithCurrManager; numeric__NumCompaniesWorked,test,Historical synthetic demo; not a current workforce forecast
EMP-1867,0.0075002549847498524,Low,numeric__YearsSinceLastPromotion; numeric__TotalWorkingYears; numeric__MonthlyIncome; numeric__YearsInCurrentRole; numeric__StockOptionLevel,test,Historical synthetic demo; not a current workforce forecast
EMP-1868,0.7285527478819709,Elevated,numeric__TotalWorkingYears; categorical__OverTime_No; categorical__OverTime_Yes; categorical__BusinessTravel_Travel_Frequently; numeric__StockOptionLevel,train,Historical synthetic demo; not a current workforce forecast
EMP-1869,0.005914422374387981,Low,numeric__StockOptionLevel; numeric__YearsSinceLastPromotion; numeric__NumCompaniesWorked; numeric__JobSatisfaction; numeric__YearsInCurrentRole,train,Historical synthetic demo; not a current workforce forecast
EMP-1870,0.11679746404444732,Low,numeric__YearsSinceLastPromotion; numeric__JobSatisfaction; categorical__BusinessTravel_Travel_Frequently; numeric__EnvironmentSatisfaction; numeric__NumCompaniesWorked,train,Historical synthetic demo; not a current workforce forecast
EMP-1871,0.014806836969785695,Low,numeric__StockOptionLevel; numeric__NumCompaniesWorked; numeric__EnvironmentSatisfaction; categorical__EducationField_Other; numeric__TotalWorkingYears,train,Historical synthetic demo; not a current workforce forecast
EMP-1873,0.023639282318881932,Low,numeric__NumCompaniesWorked; numeric__TotalWorkingYears; numeric__WorkLifeBalance; numeric__JobSatisfaction; numeric__YearsSinceLastPromotion,validation,Historical synthetic demo; not a current workforce forecast
EMP-1875,0.12235947218734743,Low,numeric__TotalWorkingYears; categorical__JobRole_Sales Representative; numeric__YearsInCurrentRole; numeric__RelationshipSatisfaction; numeric__YearsSinceLastPromotion,train,Historical synthetic demo; not a current workforce forecast
EMP-1876,0.32790981328286495,Moderate,numeric__TotalWorkingYears; categorical__JobRole_Sales Representative; numeric__StockOptionLevel; numeric__YearsInCurrentRole; numeric__JobSatisfaction,train,Historical synthetic demo; not a current workforce forecast
EMP-1878,0.47107496880347455,Elevated,numeric__TotalWorkingYears; categorical__OverTime_No; categorical__OverTime_Yes; numeric__StockOptionLevel; numeric__RelationshipSatisfaction,train,Historical synthetic demo; not a current workforce forecast
EMP-1880,0.21030345779227247,Moderate,categorical__OverTime_No; categorical__OverTime_Yes; numeric__RelationshipSatisfaction; numeric__YearsInCurrentRole; numeric__JobInvolvement,train,Historical synthetic demo; not a current workforce forecast
EMP-1881,0.11652057483753146,Low,categorical__JobRole_Laboratory Technician; numeric__RelationshipSatisfaction; numeric__YearsInCurrentRole; numeric__DistanceFromHome; numeric__YearsSinceLastPromotion,validation,Historical synthetic demo; not a current workforce forecast
EMP-1882,0.019165287604140564,Low,numeric__StockOptionLevel; categorical__OverTime_No; categorical__OverTime_Yes; numeric__JobSatisfaction; numeric__RelationshipSatisfaction,test,Historical synthetic demo; not a current workforce forecast
EMP-1883,0.21851434169923145,Moderate,categorical__JobRole_Laboratory Technician; numeric__JobSatisfaction; numeric__StockOptionLevel; numeric__EnvironmentSatisfaction; numeric__MonthlyIncome,train,Historical synthetic demo; not a current workforce forecast
EMP-1885,0.065081528537524,Low,numeric__JobSatisfaction; categorical__OverTime_No; categorical__OverTime_Yes; numeric__EnvironmentSatisfaction; numeric__YearsSinceLastPromotion,train,Historical synthetic demo; not a current workforce forecast
EMP-1886,0.27338530889727036,Moderate,numeric__TotalWorkingYears; categorical__OverTime_No; categorical__OverTime_Yes; numeric__StockOptionLevel; numeric__EnvironmentSatisfaction,train,Historical synthetic demo; not a current workforce forecast
EMP-1888,0.012471674843958367,Low,numeric__StockOptionLevel; numeric__DistanceFromHome; numeric__JobSatisfaction; numeric__NumCompaniesWorked; numeric__RelationshipSatisfaction,test,Historical synthetic demo; not a current workforce forecast
EMP-1890,0.1516076180158047,Low,categorical__BusinessTravel_Travel_Frequently; numeric__StockOptionLevel; numeric__JobSatisfaction; numeric__YearsInCurrentRole; numeric__RelationshipSatisfaction,train,Historical synthetic demo; not a current workforce forecast
EMP-1892,0.029563823317407454,Low,numeric__YearsSinceLastPromotion; numeric__YearsWithCurrManager; numeric__TotalWorkingYears; numeric__MonthlyIncome; numeric__JobSatisfaction,train,Historical synthetic demo; not a current workforce forecast
EMP-1893,0.3782861185252489,Elevated,numeric__TotalWorkingYears; categorical__OverTime_No; categorical__OverTime_Yes; numeric__YearsInCurrentRole; numeric__DistanceFromHome,test,Historical synthetic demo; not a current workforce forecast
EMP-1898,0.03216479416543708,Low,numeric__JobInvolvement; numeric__EnvironmentSatisfaction; numeric__StockOptionLevel; numeric__NumCompaniesWorked; numeric__TrainingTimesLastYear,validation,Historical synthetic demo; not a current workforce forecast
EMP-1900,0.004057426819770853,Low,numeric__YearsInCurrentRole; numeric__TotalWorkingYears; numeric__MonthlyIncome; categorical__BusinessTravel_Travel_Frequently; numeric__EnvironmentSatisfaction,train,Historical synthetic demo; not a current workforce forecast
EMP-1903,0.017394417748309632,Low,numeric__JobInvolvement; numeric__JobSatisfaction; numeric__YearsInCurrentRole; numeric__RelationshipSatisfaction; categorical__JobRole_Healthcare Representative,validation,Historical synthetic demo; not a current workforce forecast
EMP-1905,0.48094489960120046,Elevated,numeric__JobInvolvement; numeric__JobSatisfaction; numeric__TotalWorkingYears; categorical__OverTime_No; categorical__OverTime_Yes,train,Historical synthetic demo; not a current workforce forecast
EMP-1907,0.18656863436172527,Moderate,categorical__JobRole_Laboratory Technician; numeric__TotalWorkingYears; numeric__EnvironmentSatisfaction; numeric__StockOptionLevel; numeric__DistanceFromHome,train,Historical synthetic demo; not a current workforce forecast
EMP-1908,0.21029717345892762,Moderate,numeric__StockOptionLevel; numeric__WorkLifeBalance; numeric__YearsInCurrentRole; numeric__JobInvolvement; numeric__JobSatisfaction,validation,Historical synthetic demo; not a current workforce forecast
EMP-1909,0.07287706529501087,Low,numeric__NumCompaniesWorked; numeric__JobSatisfaction; categorical__OverTime_No; categorical__OverTime_Yes; numeric__JobInvolvement,train,Historical synthetic demo; not a current workforce forecast
EMP-1911,0.015539317972725413,Low,numeric__NumCompaniesWorked; numeric__JobSatisfaction; numeric__TotalWorkingYears; numeric__YearsSinceLastPromotion; numeric__WorkLifeBalance,train,Historical synthetic demo; not a current workforce forecast
EMP-1912,0.10274573750268932,Low,categorical__OverTime_No; categorical__OverTime_Yes; numeric__JobSatisfaction; numeric__RelationshipSatisfaction; numeric__TotalWorkingYears,train,Historical synthetic demo; not a current workforce forecast
EMP-1915,0.27349227986197844,Moderate,categorical__OverTime_No; categorical__OverTime_Yes; numeric__StockOptionLevel; numeric__EnvironmentSatisfaction; numeric__JobSatisfaction,train,Historical synthetic demo; not a current workforce forecast
EMP-1916,0.48435830563230864,Elevated,numeric__NumCompaniesWorked; numeric__TotalWorkingYears; numeric__JobInvolvement; categorical__JobRole_Laboratory Technician; numeric__EnvironmentSatisfaction,train,Historical synthetic demo; not a current workforce forecast
EMP-1918,0.04302477776363062,Low,numeric__YearsSinceLastPromotion; numeric__JobInvolvement; categorical__JobRole_Laboratory Technician; categorical__BusinessTravel_Travel_Frequently; numeric__RelationshipSatisfaction,validation,Historical synthetic demo; not a current workforce forecast
EMP-1922,0.05571414112539472,Low,categorical__BusinessTravel_Travel_Frequently; numeric__StockOptionLevel; categorical__JobRole_Healthcare Representative; numeric__DistanceFromHome; numeric__YearsSinceLastPromotion,test,Historical synthetic demo; not a current workforce forecast
EMP-1924,0.15170947881094365,Low,numeric__StockOptionLevel; numeric__YearsSinceLastPromotion; numeric__YearsWithCurrManager; numeric__WorkLifeBalance; numeric__NumCompaniesWorked,train,Historical synthetic demo; not a current workforce forecast
EMP-1927,0.16603044200357628,Low,categorical__OverTime_No; categorical__OverTime_Yes; categorical__BusinessTravel_Travel_Frequently; numeric__TotalWorkingYears; numeric__JobSatisfaction,validation,Historical synthetic demo; not a current workforce forecast
EMP-1928,0.6705451449081988,Elevated,numeric__TotalWorkingYears; numeric__JobInvolvement; numeric__JobSatisfaction; categorical__JobRole_Sales Representative; categorical__BusinessTravel_Travel_Frequently,train,Historical synthetic demo; not a current workforce forecast
EMP-1929,0.29720738652883616,Moderate,numeric__JobInvolvement; numeric__EnvironmentSatisfaction; categorical__BusinessTravel_Non-Travel; numeric__NumCompaniesWorked; numeric__DistanceFromHome,validation,Historical synthetic demo; not a current workforce forecast
EMP-1931,0.05781335932705742,Low,numeric__TotalWorkingYears; numeric__DistanceFromHome; numeric__MonthlyIncome; numeric__JobSatisfaction; numeric__WorkLifeBalance,train,Historical synthetic demo; not a current workforce forecast
EMP-1932,0.14305288893848758,Low,numeric__YearsSinceLastPromotion; numeric__YearsInCurrentRole; categorical__OverTime_No; categorical__OverTime_Yes; categorical__BusinessTravel_Travel_Frequently,train,Historical synthetic demo; not a current workforce forecast
EMP-1933,0.42298463696439786,Elevated,categorical__OverTime_No; categorical__OverTime_Yes; numeric__StockOptionLevel; numeric__EnvironmentSatisfaction; numeric__YearsInCurrentRole,train,Historical synthetic demo; not a current workforce forecast
EMP-1934,0.006591216822871666,Low,numeric__NumCompaniesWorked; categorical__BusinessTravel_Non-Travel; numeric__WorkLifeBalance; numeric__TotalWorkingYears; numeric__JobSatisfaction,train,Historical synthetic demo; not a current workforce forecast
EMP-1935,0.16057757137691483,Low,numeric__JobSatisfaction; numeric__EnvironmentSatisfaction; numeric__YearsInCurrentRole; numeric__TotalWorkingYears; numeric__YearsSinceLastPromotion,validation,Historical synthetic demo; not a current workforce forecast
EMP-1936,0.06705283194549744,Low,numeric__YearsSinceLastPromotion; numeric__JobSatisfaction; numeric__EnvironmentSatisfaction; numeric__YearsInCurrentRole; numeric__RelationshipSatisfaction,train,Historical synthetic demo; not a current workforce forecast
EMP-1937,0.025967103366759243,Low,numeric__YearsInCurrentRole; numeric__TotalWorkingYears; categorical__OverTime_No; categorical__OverTime_Yes; categorical__BusinessTravel_Travel_Frequently,train,Historical synthetic demo; not a current workforce forecast
EMP-1938,0.052040362257867054,Low,numeric__TotalWorkingYears; numeric__MonthlyIncome; categorical__OverTime_No; categorical__OverTime_Yes; numeric__EnvironmentSatisfaction,train,Historical synthetic demo; not a current workforce forecast
EMP-1939,0.6281814261408933,Elevated,numeric__JobInvolvement; categorical__OverTime_No; numeric__EnvironmentSatisfaction; categorical__OverTime_Yes; categorical__BusinessTravel_Travel_Frequently,train,Historical synthetic demo; not a current workforce forecast
EMP-1940,0.004324491048467732,Low,numeric__StockOptionLevel; numeric__WorkLifeBalance; numeric__TrainingTimesLastYear; numeric__JobSatisfaction; numeric__RelationshipSatisfaction,train,Historical synthetic demo; not a current workforce forecast
EMP-1941,0.007269845594730234,Low,numeric__TotalWorkingYears; numeric__MonthlyIncome; categorical__BusinessTravel_Travel_Frequently; numeric__StockOptionLevel; categorical__JobRole_Research Director,train,Historical synthetic demo; not a current workforce forecast
EMP-1943,0.12410728691450013,Low,numeric__StockOptionLevel; categorical__OverTime_No; categorical__OverTime_Yes; numeric__YearsInCurrentRole; numeric__JobSatisfaction,train,Historical synthetic demo; not a current workforce forecast
EMP-1944,0.9109545507490713,Elevated,numeric__TotalWorkingYears; numeric__EnvironmentSatisfaction; categorical__BusinessTravel_Travel_Frequently; numeric__StockOptionLevel; numeric__RelationshipSatisfaction,test,Historical synthetic demo; not a current workforce forecast
EMP-1945,0.15818680402825333,Low,numeric__JobSatisfaction; numeric__WorkLifeBalance; numeric__TotalWorkingYears; numeric__NumCompaniesWorked; numeric__RelationshipSatisfaction,train,Historical synthetic demo; not a current workforce forecast
EMP-1947,0.03558799577524529,Low,numeric__TotalWorkingYears; numeric__StockOptionLevel; categorical__BusinessTravel_Non-Travel; numeric__MonthlyIncome; numeric__WorkLifeBalance,train,Historical synthetic demo; not a current workforce forecast
EMP-1948,0.062477916172436844,Low,numeric__TotalWorkingYears; numeric__JobSatisfaction; categorical__OverTime_No; categorical__OverTime_Yes; categorical__BusinessTravel_Non-Travel,train,Historical synthetic demo; not a current workforce forecast
EMP-1949,0.09059889691330997,Low,numeric__JobInvolvement; categorical__JobRole_Laboratory Technician; numeric__TotalWorkingYears; numeric__EnvironmentSatisfaction; numeric__StockOptionLevel,test,Historical synthetic demo; not a current workforce forecast
EMP-1950,0.10350326064189252,Low,numeric__EnvironmentSatisfaction; numeric__StockOptionLevel; numeric__RelationshipSatisfaction; numeric__JobSatisfaction; numeric__YearsInCurrentRole,test,Historical synthetic demo; not a current workforce forecast
EMP-1951,0.025974455544819416,Low,numeric__EnvironmentSatisfaction; numeric__WorkLifeBalance; numeric__TotalWorkingYears; numeric__NumCompaniesWorked; numeric__YearsInCurrentRole,train,Historical synthetic demo; not a current workforce forecast
EMP-1952,0.10139555700724846,Low,numeric__YearsSinceLastPromotion; categorical__JobRole_Laboratory Technician; numeric__JobSatisfaction; numeric__StockOptionLevel; numeric__TrainingTimesLastYear,test,Historical synthetic demo; not a current workforce forecast
EMP-1954,0.08066278514817432,Low,numeric__JobSatisfaction; numeric__EnvironmentSatisfaction; numeric__RelationshipSatisfaction; numeric__TotalWorkingYears; numeric__NumCompaniesWorked,train,Historical synthetic demo; not a current workforce forecast
EMP-1955,0.010855088313475524,Low,categorical__BusinessTravel_Non-Travel; numeric__TrainingTimesLastYear; numeric__JobSatisfaction; numeric__YearsInCurrentRole; categorical__JobRole_Healthcare Representative,test,Historical synthetic demo; not a current workforce forecast
EMP-1956,0.12602430010354526,Low,numeric__YearsSinceLastPromotion; numeric__JobInvolvement; numeric__JobSatisfaction; categorical__BusinessTravel_Travel_Frequently; numeric__StockOptionLevel,test,Historical synthetic demo; not a current workforce forecast
EMP-1960,0.4369799766255763,Elevated,categorical__JobRole_Laboratory Technician; numeric__RelationshipSatisfaction; numeric__TotalWorkingYears; numeric__JobSatisfaction; numeric__YearsInCurrentRole,train,Historical synthetic demo; not a current workforce forecast
EMP-1961,0.5536074958699602,Elevated,numeric__TotalWorkingYears; numeric__JobSatisfaction; numeric__EnvironmentSatisfaction; categorical__JobRole_Sales Representative; numeric__StockOptionLevel,test,Historical synthetic demo; not a current workforce forecast
EMP-1962,0.04876860906325386,Low,categorical__OverTime_No; categorical__OverTime_Yes; numeric__StockOptionLevel; numeric__JobSatisfaction; numeric__RelationshipSatisfaction,train,Historical synthetic demo; not a current workforce forecast
EMP-1965,0.028502004047564332,Low,numeric__StockOptionLevel; numeric__RelationshipSatisfaction; numeric__EnvironmentSatisfaction; numeric__TotalWorkingYears; numeric__JobSatisfaction,validation,Historical synthetic demo; not a current workforce forecast
EMP-1966,0.07184196624340003,Low,numeric__NumCompaniesWorked; numeric__StockOptionLevel; numeric__EnvironmentSatisfaction; numeric__YearsInCurrentRole; numeric__JobSatisfaction,train,Historical synthetic demo; not a current workforce forecast
EMP-1967,0.47472081946410655,Elevated,numeric__DistanceFromHome; categorical__OverTime_No; numeric__EnvironmentSatisfaction; categorical__OverTime_Yes; categorical__BusinessTravel_Travel_Frequently,train,Historical synthetic demo; not a current workforce forecast
EMP-1968,0.8657213579375491,Elevated,numeric__JobSatisfaction; categorical__OverTime_No; numeric__EnvironmentSatisfaction; categorical__OverTime_Yes; numeric__StockOptionLevel,train,Historical synthetic demo; not a current workforce forecast
EMP-1969,0.03549279470393655,Low,numeric__StockOptionLevel; numeric__EnvironmentSatisfaction; numeric__TrainingTimesLastYear; numeric__WorkLifeBalance; numeric__TotalWorkingYears,validation,Historical synthetic demo; not a current workforce forecast
EMP-1970,0.0026729138389220966,Low,numeric__StockOptionLevel; categorical__BusinessTravel_Travel_Frequently; numeric__EnvironmentSatisfaction; categorical__JobRole_Healthcare Representative; numeric__TotalWorkingYears,train,Historical synthetic demo; not a current workforce forecast
EMP-1971,0.01705014483687144,Low,numeric__EnvironmentSatisfaction; numeric__YearsInCurrentRole; categorical__JobRole_Healthcare Representative; numeric__YearsSinceLastPromotion; numeric__YearsWithCurrManager,validation,Historical synthetic demo; not a current workforce forecast
EMP-1972,0.18931379753647343,Moderate,categorical__OverTime_No; categorical__OverTime_Yes; categorical__BusinessTravel_Travel_Frequently; numeric__EnvironmentSatisfaction; categorical__EducationField_Other,train,Historical synthetic demo; not a current workforce forecast
EMP-1973,0.06248879618882772,Low,numeric__TotalWorkingYears; numeric__MonthlyIncome; numeric__JobInvolvement; numeric__DistanceFromHome; categorical__OverTime_No,train,Historical synthetic demo; not a current workforce forecast
EMP-1974,0.12436222526217615,Low,numeric__StockOptionLevel; numeric__TotalWorkingYears; numeric__JobInvolvement; categorical__JobRole_Laboratory Technician; categorical__OverTime_No,validation,Historical synthetic demo; not a current workforce forecast
EMP-1975,0.2669374758275596,Moderate,numeric__YearsSinceLastPromotion; numeric__TotalWorkingYears; numeric__JobSatisfaction; numeric__StockOptionLevel; numeric__RelationshipSatisfaction,train,Historical synthetic demo; not a current workforce forecast
EMP-1976,0.010247309051965251,Low,numeric__TotalWorkingYears; numeric__StockOptionLevel; numeric__EnvironmentSatisfaction; categorical__BusinessTravel_Non-Travel; numeric__DistanceFromHome,train,Historical synthetic demo; not a current workforce forecast
EMP-1979,0.004800241685659668,Low,categorical__BusinessTravel_Non-Travel; numeric__WorkLifeBalance; categorical__JobRole_Research Director; numeric__YearsSinceLastPromotion; numeric__MonthlyIncome,train,Historical synthetic demo; not a current workforce forecast
EMP-1980,0.34030826634964334,Moderate,numeric__JobSatisfaction; categorical__OverTime_No; categorical__OverTime_Yes; numeric__StockOptionLevel; numeric__NumCompaniesWorked,test,Historical synthetic demo; not a current workforce forecast
EMP-1981,0.16542578932954655,Low,numeric__TotalWorkingYears; numeric__StockOptionLevel; categorical__JobRole_Healthcare Representative; numeric__DistanceFromHome; numeric__JobInvolvement,train,Historical synthetic demo; not a current workforce forecast
EMP-1982,0.02156228734678445,Low,categorical__JobRole_Laboratory Technician; numeric__TotalWorkingYears; numeric__StockOptionLevel; numeric__EnvironmentSatisfaction; numeric__TrainingTimesLastYear,train,Historical synthetic demo; not a current workforce forecast
EMP-1985,0.2105733403450043,Moderate,numeric__YearsSinceLastPromotion; categorical__JobRole_Laboratory Technician; categorical__BusinessTravel_Travel_Frequently; numeric__RelationshipSatisfaction; numeric__EnvironmentSatisfaction,train,Historical synthetic demo; not a current workforce forecast
EMP-1986,0.03002578669394667,Low,numeric__YearsSinceLastPromotion; numeric__YearsWithCurrManager; numeric__YearsInCurrentRole; numeric__DistanceFromHome; numeric__JobSatisfaction,train,Historical synthetic demo; not a current workforce forecast
EMP-1987,0.278328547320577,Moderate,numeric__StockOptionLevel; numeric__YearsInCurrentRole; numeric__TotalWorkingYears; categorical__EducationField_Human Resources; numeric__DistanceFromHome,train,Historical synthetic demo; not a current workforce forecast
EMP-1989,0.015224027911240884,Low,categorical__JobRole_Laboratory Technician; numeric__StockOptionLevel; numeric__EnvironmentSatisfaction; numeric__TrainingTimesLastYear; numeric__YearsInCurrentRole,validation,Historical synthetic demo; not a current workforce forecast
EMP-1992,0.20555618514731197,Moderate,categorical__JobRole_Laboratory Technician; categorical__OverTime_No; categorical__OverTime_Yes; numeric__EnvironmentSatisfaction; numeric__NumCompaniesWorked,train,Historical synthetic demo; not a current workforce forecast
EMP-1993,0.024766792890995173,Low,numeric__YearsSinceLastPromotion; numeric__TotalWorkingYears; numeric__YearsInCurrentRole; numeric__EnvironmentSatisfaction; numeric__StockOptionLevel,test,Historical synthetic demo; not a current workforce forecast
EMP-1994,0.04569048941446198,Low,numeric__StockOptionLevel; numeric__TotalWorkingYears; categorical__JobRole_Laboratory Technician; categorical__BusinessTravel_Non-Travel; numeric__YearsInCurrentRole,test,Historical synthetic demo; not a current workforce forecast
EMP-1995,0.0037202855734946765,Low,numeric__YearsInCurrentRole; numeric__StockOptionLevel; numeric__RelationshipSatisfaction; numeric__EnvironmentSatisfaction; numeric__YearsSinceLastPromotion,test,Historical synthetic demo; not a current workforce forecast
EMP-1996,0.15889758338817245,Low,numeric__TotalWorkingYears; numeric__EnvironmentSatisfaction; categorical__JobRole_Sales Representative; numeric__NumCompaniesWorked; numeric__DistanceFromHome,train,Historical synthetic demo; not a current workforce forecast
EMP-1997,0.18363506106854713,Moderate,numeric__YearsSinceLastPromotion; numeric__EnvironmentSatisfaction; categorical__BusinessTravel_Travel_Frequently; numeric__RelationshipSatisfaction; numeric__JobInvolvement,train,Historical synthetic demo; not a current workforce forecast
EMP-1998,0.3214040362518823,Moderate,numeric__JobSatisfaction; categorical__OverTime_No; categorical__OverTime_Yes; numeric__EnvironmentSatisfaction; numeric__NumCompaniesWorked,train,Historical synthetic demo; not a current workforce forecast
EMP-1999,0.011959702876231779,Low,numeric__RelationshipSatisfaction; numeric__EnvironmentSatisfaction; numeric__JobSatisfaction; numeric__DistanceFromHome; numeric__YearsWithCurrManager,train,Historical synthetic demo; not a current workforce forecast
EMP-2000,0.002618458622570543,Low,numeric__StockOptionLevel; numeric__WorkLifeBalance; numeric__YearsWithCurrManager; numeric__RelationshipSatisfaction; categorical__BusinessTravel_Non-Travel,train,Historical synthetic demo; not a current workforce forecast
EMP-2003,0.40183200993129764,Elevated,categorical__JobRole_Laboratory Technician; numeric__NumCompaniesWorked; numeric__TotalWorkingYears; categorical__OverTime_No; categorical__OverTime_Yes,train,Historical synthetic demo; not a current workforce forecast
EMP-2007,0.01546284672714454,Low,numeric__TotalWorkingYears; numeric__StockOptionLevel; numeric__EnvironmentSatisfaction; numeric__WorkLifeBalance; numeric__NumCompaniesWorked,train,Historical synthetic demo; not a current workforce forecast
EMP-2008,0.010639271545410174,Low,numeric__StockOptionLevel; numeric__TrainingTimesLastYear; numeric__YearsSinceLastPromotion; numeric__YearsWithCurrManager; numeric__NumCompaniesWorked,train,Historical synthetic demo; not a current workforce forecast
EMP-2009,0.15632717483485037,Low,numeric__YearsSinceLastPromotion; categorical__OverTime_No; categorical__OverTime_Yes; numeric__RelationshipSatisfaction; numeric__TrainingTimesLastYear,train,Historical synthetic demo; not a current workforce forecast
EMP-2010,0.5981909647247851,Elevated,numeric__DistanceFromHome; categorical__JobRole_Laboratory Technician; numeric__StockOptionLevel; numeric__TotalWorkingYears; numeric__YearsInCurrentRole,train,Historical synthetic demo; not a current workforce forecast
EMP-2012,0.11007049546553688,Low,numeric__NumCompaniesWorked; numeric__StockOptionLevel; categorical__JobRole_Laboratory Technician; numeric__EnvironmentSatisfaction; numeric__YearsInCurrentRole,train,Historical synthetic demo; not a current workforce forecast
EMP-2013,0.37402510294300423,Elevated,numeric__TotalWorkingYears; categorical__JobRole_Sales Representative; numeric__NumCompaniesWorked; numeric__DistanceFromHome; numeric__YearsInCurrentRole,train,Historical synthetic demo; not a current workforce forecast
EMP-2014,0.12207241109217809,Low,numeric__NumCompaniesWorked; numeric__EnvironmentSatisfaction; numeric__StockOptionLevel; numeric__RelationshipSatisfaction; numeric__DistanceFromHome,train,Historical synthetic demo; not a current workforce forecast
EMP-2015,0.004867791788258959,Low,numeric__YearsInCurrentRole; numeric__JobInvolvement; numeric__TotalWorkingYears; numeric__RelationshipSatisfaction; numeric__YearsWithCurrManager,test,Historical synthetic demo; not a current workforce forecast
EMP-2016,0.004228531619140496,Low,numeric__StockOptionLevel; numeric__YearsInCurrentRole; numeric__YearsSinceLastPromotion; numeric__JobSatisfaction; numeric__DistanceFromHome,train,Historical synthetic demo; not a current workforce forecast
EMP-2017,0.01788313788869099,Low,numeric__YearsInCurrentRole; numeric__JobInvolvement; numeric__YearsSinceLastPromotion; categorical__OverTime_No; categorical__OverTime_Yes,train,Historical synthetic demo; not a current workforce forecast
EMP-2018,0.21925793014296213,Moderate,categorical__OverTime_No; numeric__EnvironmentSatisfaction; categorical__OverTime_Yes; numeric__TotalWorkingYears; categorical__EducationField_Other,validation,Historical synthetic demo; not a current workforce forecast
EMP-2019,0.05591883099181227,Low,numeric__StockOptionLevel; numeric__DistanceFromHome; numeric__EnvironmentSatisfaction; categorical__JobRole_Sales Representative; categorical__BusinessTravel_Non-Travel,test,Historical synthetic demo; not a current workforce forecast
EMP-2020,0.2754232698795558,Moderate,categorical__OverTime_No; categorical__OverTime_Yes; numeric__StockOptionLevel; numeric__TotalWorkingYears; numeric__NumCompaniesWorked,train,Historical synthetic demo; not a current workforce forecast
EMP-2021,0.5948232445295336,Elevated,numeric__TotalWorkingYears; numeric__JobSatisfaction; categorical__OverTime_No; categorical__OverTime_Yes; categorical__JobRole_Sales Representative,test,Historical synthetic demo; not a current workforce forecast
EMP-2022,0.006381526844460024,Low,numeric__MonthlyIncome; numeric__TotalWorkingYears; numeric__StockOptionLevel; numeric__EnvironmentSatisfaction; categorical__BusinessTravel_Non-Travel,train,Historical synthetic demo; not a current workforce forecast
EMP-2023,0.7376805401696978,Elevated,numeric__TotalWorkingYears; numeric__JobSatisfaction; categorical__JobRole_Sales Representative; categorical__BusinessTravel_Travel_Frequently; numeric__RelationshipSatisfaction,train,Historical synthetic demo; not a current workforce forecast
EMP-2024,0.019610552616270198,Low,numeric__StockOptionLevel; numeric__EnvironmentSatisfaction; numeric__JobSatisfaction; numeric__NumCompaniesWorked; numeric__DistanceFromHome,train,Historical synthetic demo; not a current workforce forecast
EMP-2025,0.00964417418169425,Low,numeric__StockOptionLevel; numeric__NumCompaniesWorked; categorical__BusinessTravel_Travel_Frequently; numeric__EnvironmentSatisfaction; numeric__TotalWorkingYears,train,Historical synthetic demo; not a current workforce forecast
EMP-2026,0.003056105514346952,Low,numeric__YearsInCurrentRole; numeric__RelationshipSatisfaction; categorical__BusinessTravel_Non-Travel; categorical__JobRole_Healthcare Representative; numeric__DistanceFromHome,train,Historical synthetic demo; not a current workforce forecast
EMP-2027,0.11187736992365736,Low,numeric__StockOptionLevel; numeric__NumCompaniesWorked; numeric__TotalWorkingYears; categorical__OverTime_No; numeric__EnvironmentSatisfaction,validation,Historical synthetic demo; not a current workforce forecast
EMP-2031,0.04796355635343302,Low,numeric__TotalWorkingYears; numeric__MonthlyIncome; numeric__YearsWithCurrManager; numeric__EnvironmentSatisfaction; numeric__StockOptionLevel,train,Historical synthetic demo; not a current workforce forecast
EMP-2032,0.13154742275306058,Low,numeric__YearsSinceLastPromotion; numeric__NumCompaniesWorked; categorical__JobRole_Laboratory Technician; numeric__WorkLifeBalance; numeric__EnvironmentSatisfaction,test,Historical synthetic demo; not a current workforce forecast
EMP-2034,0.011240388096264958,Low,numeric__TotalWorkingYears; numeric__DistanceFromHome; numeric__EnvironmentSatisfaction; numeric__MonthlyIncome; numeric__YearsWithCurrManager,test,Historical synthetic demo; not a current workforce forecast
EMP-2035,0.0168482715710097,Low,numeric__StockOptionLevel; numeric__DistanceFromHome; numeric__EnvironmentSatisfaction; numeric__RelationshipSatisfaction; numeric__TotalWorkingYears,test,Historical synthetic demo; not a current workforce forecast
EMP-2036,0.05054840932717944,Low,numeric__YearsSinceLastPromotion; numeric__YearsInCurrentRole; numeric__JobInvolvement; numeric__RelationshipSatisfaction; numeric__EnvironmentSatisfaction,validation,Historical synthetic demo; not a current workforce forecast
EMP-2037,0.019742054817118212,Low,numeric__TrainingTimesLastYear; numeric__YearsSinceLastPromotion; numeric__DistanceFromHome; numeric__JobInvolvement; numeric__JobSatisfaction,train,Historical synthetic demo; not a current workforce forecast
EMP-2038,0.04782573009511117,Low,numeric__TotalWorkingYears; numeric__JobSatisfaction; numeric__StockOptionLevel; numeric__EnvironmentSatisfaction; numeric__RelationshipSatisfaction,test,Historical synthetic demo; not a current workforce forecast
EMP-2040,0.3053656225377702,Moderate,numeric__DistanceFromHome; categorical__OverTime_No; categorical__OverTime_Yes; numeric__StockOptionLevel; numeric__YearsInCurrentRole,validation,Historical synthetic demo; not a current workforce forecast
EMP-2041,0.029247876023981576,Low,numeric__EnvironmentSatisfaction; numeric__JobSatisfaction; numeric__YearsWithCurrManager; numeric__TrainingTimesLastYear; numeric__NumCompaniesWorked,validation,Historical synthetic demo; not a current workforce forecast
EMP-2044,0.041863449332743344,Low,numeric__StockOptionLevel; numeric__NumCompaniesWorked; categorical__BusinessTravel_Travel_Frequently; numeric__RelationshipSatisfaction; numeric__DistanceFromHome,train,Historical synthetic demo; not a current workforce forecast
EMP-2045,0.2334393548456764,Moderate,numeric__RelationshipSatisfaction; numeric__JobSatisfaction; numeric__YearsSinceLastPromotion; numeric__TotalWorkingYears; numeric__YearsWithCurrManager,validation,Historical synthetic demo; not a current workforce forecast
EMP-2046,0.2194265729142791,Moderate,numeric__NumCompaniesWorked; numeric__StockOptionLevel; numeric__EnvironmentSatisfaction; numeric__DistanceFromHome; numeric__YearsSinceLastPromotion,train,Historical synthetic demo; not a current workforce forecast
EMP-2048,0.039159064048084724,Low,numeric__StockOptionLevel; numeric__RelationshipSatisfaction; numeric__TotalWorkingYears; numeric__DistanceFromHome; numeric__YearsInCurrentRole,train,Historical synthetic demo; not a current workforce forecast
EMP-2049,0.04541692779141519,Low,numeric__StockOptionLevel; categorical__OverTime_No; categorical__OverTime_Yes; categorical__BusinessTravel_Travel_Frequently; numeric__WorkLifeBalance,train,Historical synthetic demo; not a current workforce forecast
EMP-2051,0.0014385577081703405,Low,numeric__StockOptionLevel; numeric__TotalWorkingYears; numeric__YearsSinceLastPromotion; numeric__DistanceFromHome; numeric__MonthlyIncome,train,Historical synthetic demo; not a current workforce forecast
EMP-2052,0.021280341326316215,Low,numeric__JobInvolvement; numeric__TotalWorkingYears; numeric__JobSatisfaction; numeric__RelationshipSatisfaction; numeric__TrainingTimesLastYear,test,Historical synthetic demo; not a current workforce forecast
EMP-2053,0.43289787237083166,Elevated,categorical__JobRole_Laboratory Technician; categorical__OverTime_No; categorical__OverTime_Yes; numeric__RelationshipSatisfaction; numeric__EnvironmentSatisfaction,train,Historical synthetic demo; not a current workforce forecast
EMP-2054,0.24881488657002182,Moderate,numeric__DistanceFromHome; numeric__JobSatisfaction; numeric__WorkLifeBalance; numeric__TotalWorkingYears; numeric__StockOptionLevel,train,Historical synthetic demo; not a current workforce forecast
EMP-2055,0.5962239187428484,Elevated,numeric__DistanceFromHome; numeric__TotalWorkingYears; numeric__JobSatisfaction; categorical__OverTime_No; categorical__OverTime_Yes,train,Historical synthetic demo; not a current workforce forecast
EMP-2056,0.17626526156919656,Moderate,numeric__YearsSinceLastPromotion; numeric__TotalWorkingYears; numeric__RelationshipSatisfaction; numeric__DistanceFromHome; numeric__YearsInCurrentRole,train,Historical synthetic demo; not a current workforce forecast
EMP-2057,0.023430324280827468,Low,numeric__JobSatisfaction; numeric__StockOptionLevel; categorical__BusinessTravel_Non-Travel; numeric__NumCompaniesWorked; categorical__JobRole_Manufacturing Director,train,Historical synthetic demo; not a current workforce forecast
EMP-2060,0.08994675875013075,Low,numeric__TotalWorkingYears; categorical__JobRole_Sales Representative; numeric__StockOptionLevel; numeric__EnvironmentSatisfaction; categorical__EducationField_Other,train,Historical synthetic demo; not a current workforce forecast
EMP-2061,0.05801289086394008,Low,numeric__JobInvolvement; categorical__JobRole_Laboratory Technician; categorical__BusinessTravel_Travel_Frequently; numeric__DistanceFromHome; numeric__JobSatisfaction,train,Historical synthetic demo; not a current workforce forecast
EMP-2062,0.026452712324755313,Low,numeric__JobSatisfaction; numeric__RelationshipSatisfaction; numeric__EnvironmentSatisfaction; categorical__JobRole_Healthcare Representative; numeric__TrainingTimesLastYear,train,Historical synthetic demo; not a current workforce forecast
EMP-2064,0.16156041481679573,Low,numeric__JobInvolvement; categorical__OverTime_No; categorical__OverTime_Yes; numeric__TotalWorkingYears; numeric__TrainingTimesLastYear,validation,Historical synthetic demo; not a current workforce forecast
EMP-2065,0.03948475314660897,Low,categorical__BusinessTravel_Travel_Frequently; numeric__StockOptionLevel; numeric__EnvironmentSatisfaction; numeric__TotalWorkingYears; numeric__RelationshipSatisfaction,validation,Historical synthetic demo; not a current workforce forecast
EMP-2068,0.13110857569877282,Low,numeric__JobInvolvement; categorical__JobRole_Laboratory Technician; numeric__StockOptionLevel; numeric__RelationshipSatisfaction; numeric__TotalWorkingYears,test,Historical synthetic demo; not a current workforce forecast
